id;title;authors.o;pub_year;journal;volume;issue;discipline;length;citations;effect_size.o;p_value.o;n.o;effect_type;effect_size.r;p_value.r;n_planned.r;n.r;power.o;power.r;power_planned.r;experiment_country.o;experiment_country.r;experiment_language.o;experiment_language.r;online.o;online.r;compensation.o;compensation.r;subjects.o;subjects.r;endprice;transactions;trading_volume;replicated;project;relative_es;n_authors.o;n_authors.r;author_citations_avg.o;author_citations_max.o;authors_male.o;seniority.o;author_citations_avg.r;author_citations_max.r;authors_male.r;seniority.r;aggregated;lab_id;es_80power;same_country;same_language;same_online;same_subjects;us_lab.o;us_lab.r;drop;item_based;item_based_av;one_item_av;item_based_uv;one_item_uv;item_based_mod;one_item_mod;drop2
;;;;;;;;;;;;;;;;;;;;;;;;;;;;;;;;;;;;;;;;;;;;;;;;;;;;;;;;;"item_based ja = 1
item_based nein = 0";"1: AV item_based
0: AV nicht item_based";"0: Es wurden mehrere Items zur Messung eingesetzt
1: Es wurden nur ein Item zur Messung eingesetzt
NA: Kein item-basierte AV";"1: UV item_based
0: UV nicht item_based ";"0: Es wurden mehrere Items zur Messung eingesetzt
1: Es wurden nur ein Item zur Messung eingesetzt
NA: Kein item-basierte UV";"1: Mind. ein Moderator/Meditator item_based ja
0: Mind. ein Moderator/Meditator item_based nein
NA: Kein Moderator/Mediator vorhanden";"1: Bei mind. einem Moderator/Mediator
wurden nur ein Item zur Messung eingesetzt
0: sonst
NA: Kein (item-basierter) Moderator";
ee.1;Reference points and effort provision;Johannes Abeler and Armin Falk and Lorenz Goette and David Huffman;2011;The American Economic Review;101;2;Economics;23;311;18282197;46;120;main effect;79070352;16;318;318;5,18865E+14;2,9089E+14;9,07644E+14;Germany;Austria;German;German;0;0;cash;cash;students;students;6438279;124;1,84086E+14;0;ee;4,32499E+14;4;4;15205;4182;1;Professor;12925;258;1;Professor;;;1,56337E+14;0;1;1;1;0;0;FALSE;0;0; ;0;;;;FALSE
ee.10;The lure of authority: Motivation and incentive effects of power;Ernst Fehr and Holger Herz and Tom Wilkening;2013;The American Economic Review;103;4;Economics;35;82;45328194;11;60;main effect;31119931;26000001;102;102;9,60568E+14;8,95555E+13;9,98276E+14;Switzerland;Austria;German;German;0;0;cash;cash;students;students;6289412;193;2,84937E+14;1;ee;6,86547E+14;3;4;7,43533E+14;22239;1;Professor;12925;258;1;Professor;;;2,7323E+14;0;1;1;1;0;0;FALSE;0;0; ;0;;;;FALSE
ee.11;A continuous dilemma;Daniel Friedman and Ryan Oprea;2012;The American Economic Review;102;1;Economics;27;52;64259011;4E-11;78;main effect;43795362;4276;40;40;9,99999E+14;8,23268E+12;9,96788E+14;United States;Singapore;English;English;0;0;cash;cash;students;students;8329033;188;2,24726E+14;1;ee;6,81544E+14;2;3;11325;2140;1;Professor;6063;18185;1;Professor;;;4,26538E+14;0;1;1;1;1;0;FALSE;0;0; ;0;;;;FALSE
ee.12;Slow to anger and fast to forgive: cooperation in an uncertain world;Drew Fudenberg and David G. Rand and Anna Dreber;2012;The American Economic Review;102;2;Economics;30;122;3037416;1;124;main effect;32657355;15064729;120;128;9,33518E+14;9,67361E+14;9,25799E+14;United States;United States;English;English;0;0;cash;cash;students;students;9331694;84;8,84623E+13;1;ee;1,07517E+14;3;3;1,70233E+14;3979;6,66667E+14;Professor;6063;18185;1;Professor;;;2,52485E+13;1;1;1;1;1;1;FALSE;0;0; ;0;;;;FALSE
ee.13;Deferred compensation in multiperiod labor contracts: an experimental test of Lazear's model;Steffen Huck and Andrew J. Seltzer and Brian Wallace;2011;The American Economic Review;101;2;Economics;25;14;8320657;38999999;120;main effect;36759353;1415;160;160;1;9,98047E+14;1;United Kingdom;United Kingdom;English;English;0;0;cash;cash;students;students;9204491;74;7,33881E+14;0;ee;4,41784E+14;3;3;5,97333E+14;1599;1;Professor;6063;18185;1;Professor;;;2,19343E+14;1;1;1;1;0;0;FALSE;1;0; ;0;;1;0;FALSE
ee.14;Happiness and time preference: The effect of positive affect in a random-assignment experiment;John Ifcher and Homa Zarghamee;2011;The American Economic Review;101;7;Economics;21;91;28210321;30999999;58;main effect;-70162914;93300003;131;131;5,81817E+14;5,06048E+14;9,08546E+14;United States;United Kingdom;English;English;0;0;cash;cash;students;students;587827;165;2,3711E+14;0;ee;-2,48714E+14;2;3;40;54;5;Assistant Professor;6063;18185;1;Professor;;;2,41898E+14;0;1;1;1;1;0;FALSE;1;1;0;0;;1;1;FALSE
ee.15;Organ Allocation Policy and the Decision to Donate;Judd B. Kessler and Alvin E. Roth;2012;The American Economic Review;102;5;Economics;30;37;48622337;1,631E-15;288;main effect;34463841;16000001;48;48;1E+14;6,81683E+14;9,48941E+14;United States;United States;English;English;0;0;cash;cash;students;students;9369977;144;1,92855E+14;1;ee;7,08807E+14;2;5;3210;6401;1;Professor;2168;9699;4;Professor;;;3,91767E+14;1;1;1;1;1;1;FALSE;0;1; ;0;;;;FALSE
ee.16;Thar she bursts: Reducing confusion reduces bubbles;Michael Kirchler and Jürgen Huber and Thomas Stöckl;2012;The American Economic Review;102;2;Economics;19;102;66440928;163;120;main effect;53355682;94999997;220;220;1E+15;1E+15;1;Germany;Germany;German;German;0;0;cash;cash;students;students;7121724;78;8,65735E+13;1;ee;8,03054E+14;3;3;1,88333E+14;258;1;Professor;3,60167E+14;9699;3,33333E+14;Professor;;;1,87576E+14;1;1;1;1;0;0;FALSE;1;0; ;0;;1;1;FALSE
ee.17;Coordination in the Presence of Asset Markets;Shimon Kogan and Anthony M. Kwasnica and Roberto A. Weber;2011;The American Economic Review;101;2;Economics;21;20;32389686;0,00026;126;main effect;30422324;1;90;90;9,62436E+14;8,37644E+14;8,82868E+14;United States;Austria;English;German;0;0;cash;cash;students;students;8020024;72;9,4736E+14;1;ee;9,3926E+14;3;4;4,58667E+14;1052;1;Professor;12925;258;1;Professor;;;2,90297E+14;0;0;1;1;1;0;FALSE;0;0; ;0;;;;FALSE
ee.18;“Last-Place Aversion”: Evidence and Redistributive Implications;Ilyana Kuziemko and Ryan W. Buell and Taly Reich and Michael I. Norton;2014;The Quarterly Journal of Economics;129;1;Economics;45;48;28226173;7;42;main effect;-1198489;154;138;144;4,48455E+14;2,99808E+14;9,22503E+14;United States;United States;English;English;0;0;cash;cash;students;students;6315749;166;2,68402E+14;0;ee;-4,24602E+14;4;4;10055;3487;5;Professor;270975;9699;5;Professor;;;2,3582E+14;1;1;1;1;1;1;FALSE;0;0; ;0;;;;FALSE
ee.2;Imperfect public monitoring with costly punishment: An experimental study;Attila Ambrus and Ben Greiner;2012;The American Economic Review;102;7;Economics;16;58;31051865;57;117;main effect;22953635;12;340;357;9,308E+14;9,92712E+14;9,9996E+14;Australia;Singapore;English;English;0;0;cash;cash;students;students;6917935;101;1,5147E+14;1;ee;7,39203E+14;2;2;109;130;1;Professor;16695;3339;1;Professor;;;1,51243E+14;0;1;1;1;0;0;FALSE;0;0; ;0;;;;FALSE
ee.3;Screening, Competition, and Job Design: Economic Origins of Good Jobs;Björn Bartling and Ernst Fehr and Klaus M. Schmidt;2012;The American Economic Review;102;2;Economics;31;72;71984988;70000002;216;main effect;65741128;1;360;360;1;1;1;Switzerland;Austria;German;German;0;0;cash;cash;students;students;805131;95;1,40134E+14;1;ee;9,13262E+14;3;4;8,88633E+14;22239;1;Professor;12925;258;1;Professor;;;1,47019E+14;0;1;1;1;0;0;FALSE;0;0; ;0;;;;FALSE
ee.4;Participation;Gary Charness and Martin Dufwenberg;2011;The American Economic Review;101;4;Economics;27;63;38394338;99999998;162;main effect;36300269;3;264;264;9,99203E+13;9,99986E+14;9,99998E+14;United States;Singapore;English;English;0;0;cash;cash;community;students;6952792;84;1,17951E+14;1;ee;9,45459E+14;2;2;2470;3080;1;Professor;16695;3339;1;Professor;;;1,71411E+14;0;1;1;0;1;0;FALSE;0;0; ;0;;;;FALSE
ee.5;The Potential of Social Identity for Equilibrium Selection;Roy Chen and Yan Chen;2011;The American Economic Review;101;6;Economics;28;114;84250855;33;72;main effect;17018917;57099998;168;168;1;6,00023E+14;1;United States;Singapore;English;English;0;0;cash;cash;students;students;7781491;119;1,82635E+14;0;ee;2,02003E+14;2;2;3635;693;5;Professor;16695;3339;1;Professor;;;2,14157E+14;0;1;1;1;1;0;FALSE;0;0; ;0;;1;0;FALSE
ee.6;On the selection of arbitrators;Geoffroy De Clippel and Kfir Eliaz and Brian G. Knight;2014;The American Economic Review;104;11;Economics;25;7;11776898;1;158;main effect;26653826;0,004;156;156;3,148E+14;9,23393E+14;3,1144E+13;United States;Singapore;English;English;0;0;cash;cash;students;students;7590009;81;7,35445E+14;1;ee;2,26323E+14;3;2;3,15333E+14;437;1;Professor;16695;3339;1;Professor;;;2,2208E+14;0;1;1;1;1;0;FALSE;0;0; ;0;;;;FALSE
ee.7;Gift exchange versus monetary exchange: Theory and evidence;John Duffy and Daniela Puzzello;2014;The American Economic Review;104;6;Economics;42;8;76151019;99999998;54;main effect;-115963;67400002;96;96;1E+15;2,03664E+14;1E+15;United States;Austria;English;German;0;0;cash;cash;students;students;8063298;115;1,16689E+14;0;ee;-1,5228E+14;2;4;5885;1051;5;Professor;12925;258;1;Professor;;;2,81376E+14;0;0;1;1;1;0;FALSE;0;0; ;0;;;;FALSE
ee.8;The Economics of Credence Goods: An Experiment on the Role of Liability, Verifiability, Reputation, and Competition;Uwe Dulleck and Rudolf Kerschbamer and Matthias Sutter;2011;The American Economic Review;101;2;Economics;30;115;72250921;999,99997;168;main effect;73160571;79999998;128;128;1;1;1;Austria;Germany;German;German;0;0;cash;cash;students;students;7378578;75;7,75857E+14;1;ee;1,01259E+14;3;3;7,53333E+14;1786;1;Professor;3,60167E+14;9699;3,33333E+14;Professor;;;2,4465E+14;0;1;1;1;0;0;FALSE;0;0; ;0;;;;FALSE
ee.9;Expectations as Endowments: Evidence on Reference-Dependent Preferences from Exchange and Valuation Experiments;Keith M. Marzilli Ericson and Andreas Fuster;2011;The Quarterly Journal of Economics;126;4;Economics;29;129;21292183;29999999;112;main effect;12287141;546;250;262;6,20338E+14;5,12313E+14;9,25705E+14;United States;United States;English;English;0;0;cash;cash;students;students;6224774;122;1,78709E+14;0;ee;5,77073E+14;2;4;63;115;1;Assistant Professor;270975;9699;5;Professor;;;1,76117E+14;1;1;1;1;1;1;FALSE;1;1;0;0;;1;0;FALSE
ml1.1;Instructional manipulation checks: Detecting satisficing to increase statistical power;Daniel M. Oppenheimer and Tom Meyvis and Nicolas Davidenko;2009;Journal of Experimental Social Psychology;45;4;Social;6;614;1,13222E+14;9,93513E+14;213;main effect;1,34899E+14;4,28402E-13;6330;6330;3,78842E+14;1;1E+15;United States;United States;English;English;0;0;mixed;credit;students;students;;;;1;ml1;11914474261;3;51;1,01267E+14;1881;1;Professor;49772;9039;56;Professor;TRUE;;3,51851E+14;1;1;1;1;1;1;FALSE;1;1;1;0;;;;FALSE
ml1.1;Instructional manipulation checks: Detecting satisficing to increase statistical power;Daniel M. Oppenheimer and Tom Meyvis and Nicolas Davidenko;2009;Journal of Experimental Social Psychology;45;4;Social;6;614;1,13222E+14;9,93513E+14;213;main effect;1,18827E+14;1,96135E+14;120;120;3,78842E+14;2,53813E+14;2,34617E+14;United States;Brazil;English;Portuguese;0;0;mixed;nothing;students;students;;;;0;ml1;1,0495E+14;3;1;1,01267E+14;1881;1;Professor;107;107;1;Professor;FALSE;brasilia;2,52485E+13;0;0;1;1;1;0;FALSE;1;1;1;0;;;;FALSE
ml1.1;Instructional manipulation checks: Detecting satisficing to increase statistical power;Daniel M. Oppenheimer and Tom Meyvis and Nicolas Davidenko;2009;Journal of Experimental Social Psychology;45;4;Social;6;614;1,13222E+14;9,93513E+14;213;main effect;2,01121E+14;5,06593E+13;95;95;3,78842E+14;5,01882E+14;1,94647E+14;United States;United States;English;English;0;0;mixed;credit;students;students;;;;0;ml1;1,77634E+14;3;1;1,01267E+14;1881;1;Professor;197;197;1;Professor;FALSE;conncoll;2,82806E+14;1;1;1;1;1;1;FALSE;1;1;1;0;;;;FALSE
ml1.1;Instructional manipulation checks: Detecting satisficing to increase statistical power;Daniel M. Oppenheimer and Tom Meyvis and Nicolas Davidenko;2009;Journal of Experimental Social Psychology;45;4;Social;6;614;1,13222E+14;9,93513E+14;213;main effect;2,57157E+14;1,1429E+13;96;96;3,78842E+14;7,21921E+14;1,96247E+14;United States;United States;English;English;0;1;mixed;;students;online;;;;1;ml1;2,27126E+14;3;1;1,01267E+14;1881;1;Professor;252;252;1;Professor;FALSE;csun;2,81376E+14;1;1;0;0;1;1;FALSE;1;1;1;0;;;;FALSE
ml1.1;Instructional manipulation checks: Detecting satisficing to increase statistical power;Daniel M. Oppenheimer and Tom Meyvis and Nicolas Davidenko;2009;Journal of Experimental Social Psychology;45;4;Social;6;614;1,13222E+14;9,93513E+14;213;main effect;-3,09851E+14;7,57206E+14;102;102;3,78842E+14;6,08974E+14;2,05851E+13;United States;Malaysia;English;Malay;0;0;mixed;credit;students;students;;;;0;ml1;-2,73666E+14;3;1;1,01267E+14;1881;1;Professor;52;52;0;Professor;FALSE;help;2,7323E+14;0;0;1;1;1;0;FALSE;1;1;1;0;;;;FALSE
ml1.1;Instructional manipulation checks: Detecting satisficing to increase statistical power;Daniel M. Oppenheimer and Tom Meyvis and Nicolas Davidenko;2009;Journal of Experimental Social Psychology;45;4;Social;6;614;1,13222E+14;9,93513E+14;213;main effect;1,14373E+14;2,83093E+14;90;90;3,78842E+14;1,89536E+14;1,86644E+14;United States;United States;English;English;0;0;mixed;credit;students;students;;;;0;ml1;1,01016E+14;3;1;1,01267E+14;1881;1;Professor;300;300;0;Professor;FALSE;ithaca;2,90297E+14;1;1;1;1;1;1;FALSE;1;1;1;0;;;;FALSE
ml1.1;Instructional manipulation checks: Detecting satisficing to increase statistical power;Daniel M. Oppenheimer and Tom Meyvis and Nicolas Davidenko;2009;Journal of Experimental Social Psychology;45;4;Social;6;614;1,13222E+14;9,93513E+14;213;main effect;2,73561E+14;2,59772E+14;174;174;3,78842E+14;9,57314E+14;3,19627E+14;United States;United States;English;English;0;1;mixed;;students;online;;;;1;ml1;2,41614E+14;3;1;1,01267E+14;1881;1;Professor;147;147;0;Professor;FALSE;jmu;2,10499E+14;1;1;0;0;1;1;FALSE;1;1;1;0;;;;FALSE
ml1.1;Instructional manipulation checks: Detecting satisficing to increase statistical power;Daniel M. Oppenheimer and Tom Meyvis and Nicolas Davidenko;2009;Journal of Experimental Social Psychology;45;4;Social;6;614;1,13222E+14;9,93513E+14;213;main effect;2,40462E+14;1,03034E+14;113;113;3,78842E+14;7,33175E+14;2,23442E+14;United States;Turkey;English;Turkish;0;1;mixed;;students;online;;;;1;ml1;2,1238E+14;3;1;1,01267E+14;1881;1;Professor;218;218;0;Professor;FALSE;koc;2,59969E+14;0;0;0;0;1;0;FALSE;1;1;1;0;;;;FALSE
ml1.1;Instructional manipulation checks: Detecting satisficing to increase statistical power;Daniel M. Oppenheimer and Tom Meyvis and Nicolas Davidenko;2009;Journal of Experimental Social Psychology;45;4;Social;6;614;1,13222E+14;9,93513E+14;213;main effect;1,35408E+14;1,03188E+14;146;146;3,78842E+14;3,72349E+14;2,75876E+14;United States;United States;English;English;0;0;mixed;credit;students;students;;;;0;ml1;1,19595E+14;3;2;1,01267E+14;1881;1;Professor;502;601;5;Professor;FALSE;loyola;2,29386E+14;1;1;1;1;1;1;FALSE;1;1;1;0;;;;FALSE
ml1.1;Instructional manipulation checks: Detecting satisficing to increase statistical power;Daniel M. Oppenheimer and Tom Meyvis and Nicolas Davidenko;2009;Journal of Experimental Social Psychology;45;4;Social;6;614;1,13222E+14;9,93513E+14;213;main effect;2,01201E+14;7,74145E+14;276;276;3,78842E+14;9,21605E+14;4,68871E+14;United States;United Kingdom;English;English;0;0;mixed;cash;students;community;;;;1;ml1;1,77704E+14;3;1;1,01267E+14;1881;1;Professor;169;169;0;Professor;FALSE;lse;1,67706E+12;0;1;1;0;1;0;FALSE;1;1;1;0;;;;FALSE
ml1.1;Instructional manipulation checks: Detecting satisficing to increase statistical power;Daniel M. Oppenheimer and Tom Meyvis and Nicolas Davidenko;2009;Journal of Experimental Social Psychology;45;4;Social;6;614;1,13222E+14;9,93513E+14;213;main effect;7,57045E+13;4,61125E+14;97;97;3,78842E+14;1,14285E+14;1,97848E+14;United States;United States;English;English;0;1;mixed;;students;online;;;;0;ml1;6,68636E+13;3;51;1,01267E+14;1881;1;Professor;49772;9039;56;Professor;FALSE;mcdanielonline;2,79968E+14;1;1;0;0;1;1;FALSE;1;1;1;0;;;;FALSE
ml1.1;Instructional manipulation checks: Detecting satisficing to increase statistical power;Daniel M. Oppenheimer and Tom Meyvis and Nicolas Davidenko;2009;Journal of Experimental Social Psychology;45;4;Social;6;614;1,13222E+14;9,93513E+14;213;main effect;1,6562E+14;1,29819E+14;85;85;3,78842E+14;3,30599E+14;1,78643E+14;United States;Canada;English;English;0;0;mixed;mixed;students;students;;;;0;ml1;1,46278E+14;3;2;1,01267E+14;1881;1;Professor;2415;431;5;Professor;FALSE;msvu;2,98422E+14;0;1;1;1;1;0;FALSE;1;1;1;0;;;;FALSE
ml1.1;Instructional manipulation checks: Detecting satisficing to increase statistical power;Daniel M. Oppenheimer and Tom Meyvis and Nicolas Davidenko;2009;Journal of Experimental Social Psychology;45;4;Social;6;614;1,13222E+14;9,93513E+14;213;main effect;1,51209E+14;157956900,9;999;999;3,78842E+14;9,97823E+14;9,48483E+14;United States;United States;English;English;0;1;mixed;cash;students;online;;;;1;ml1;1,3355E+14;3;1;1,01267E+14;1881;1;Professor;1182;1182;1;Professor;FALSE;mturk;8,85124E+14;1;1;0;0;1;1;FALSE;1;1;1;0;;;;FALSE
ml1.1;Instructional manipulation checks: Detecting satisficing to increase statistical power;Daniel M. Oppenheimer and Tom Meyvis and Nicolas Davidenko;2009;Journal of Experimental Social Psychology;45;4;Social;6;614;1,13222E+14;9,93513E+14;213;main effect;3,23875E+14;2,73608E+14;122;122;3,78842E+14;9,57149E+14;2,37806E+14;United States;United States;English;English;0;0;mixed;mixed;students;students;;;;1;ml1;2,86052E+14;3;1;1,01267E+14;1881;1;Professor;401;401;0;Professor;FALSE;occid;2,50452E+14;1;1;1;1;1;1;FALSE;1;1;1;0;;;;FALSE
ml1.1;Instructional manipulation checks: Detecting satisficing to increase statistical power;Daniel M. Oppenheimer and Tom Meyvis and Nicolas Davidenko;2009;Journal of Experimental Social Psychology;45;4;Social;6;614;1,13222E+14;9,93513E+14;213;main effect;2,22629E+12;2,11747E+14;107;107;3,78842E+14;6,40033E+14;2,13851E+14;United States;United States;English;English;0;0;mixed;credit;students;students;;;;1;ml1;1,9663E+14;3;2;1,01267E+14;1881;1;Professor;785;105;1;Professor;FALSE;osu;2,66956E+13;1;1;1;1;1;1;FALSE;1;1;1;0;;;;FALSE
ml1.1;Instructional manipulation checks: Detecting satisficing to increase statistical power;Daniel M. Oppenheimer and Tom Meyvis and Nicolas Davidenko;2009;Journal of Experimental Social Psychology;45;4;Social;6;614;1,13222E+14;9,93513E+14;213;main effect;2,25641E+14;6,54296E+14;144;144;3,78842E+14;7,80744E+14;2,7272E+14;United States;Italy;English;Italian;0;1;mixed;;students;online;;;;1;ml1;1,9929E+14;3;1;1,01267E+14;1881;1;Professor;115;115;0;Professor;FALSE;padua;2,30945E+14;0;0;0;0;1;0;FALSE;1;1;1;0;;;;FALSE
ml1.1;Instructional manipulation checks: Detecting satisficing to increase statistical power;Daniel M. Oppenheimer and Tom Meyvis and Nicolas Davidenko;2009;Journal of Experimental Social Psychology;45;4;Social;6;614;1,13222E+14;9,93513E+14;213;main effect;9,15101E+14;8,61158E+14;1323;1323;3,78842E+14;9,15472E+12;9,85101E+13;United States;United States;English;English;0;1;mixed;nothing;students;online;;;;1;ml1;8,08233E+14;3;1;1,01267E+14;1881;1;Professor;52;52;1;Professor;FALSE;pi;7,69517E+14;1;1;0;0;1;1;FALSE;1;1;1;0;;;;FALSE
ml1.1;Instructional manipulation checks: Detecting satisficing to increase statistical power;Daniel M. Oppenheimer and Tom Meyvis and Nicolas Davidenko;2009;Journal of Experimental Social Psychology;45;4;Social;6;614;1,13222E+14;9,93513E+14;213;main effect;7,65095E+14;4,61164E+14;95;95;3,78842E+14;1,14276E+14;1,94647E+14;United States;United States;English;English;0;0;mixed;credit;students;students;;;;0;ml1;6,75745E+14;3;1;1,01267E+14;1881;1;Professor;375;375;1;Professor;FALSE;psu;2,82806E+14;1;1;1;1;1;1;FALSE;1;1;1;0;;;;FALSE
ml1.1;Instructional manipulation checks: Detecting satisficing to increase statistical power;Daniel M. Oppenheimer and Tom Meyvis and Nicolas Davidenko;2009;Journal of Experimental Social Psychology;45;4;Social;6;614;1,13222E+14;9,93513E+14;213;main effect;2,64143E+14;1,51854E+14;84;84;3,78842E+14;6,87142E+14;1,77044E+14;United States;United States;English;English;0;0;mixed;credit;students;students;;;;1;ml1;2,33296E+14;3;1;1,01267E+14;1881;1;Professor;801;801;1;Professor;FALSE;psuabington;3,0013E+14;1;1;1;1;1;1;FALSE;1;1;1;0;;;;FALSE
ml1.1;Instructional manipulation checks: Detecting satisficing to increase statistical power;Daniel M. Oppenheimer and Tom Meyvis and Nicolas Davidenko;2009;Journal of Experimental Social Psychology;45;4;Social;6;614;1,13222E+14;9,93513E+14;213;main effect;-4,09656E+13;6,82683E+14;102;102;3,78842E+14;6,92631E+13;2,05851E+13;United States;United States;English;English;0;0;mixed;credit;students;students;;;;0;ml1;-3,61815E+14;3;1;1,01267E+14;1881;1;Professor;440;440;0;Professor;FALSE;qccuny;2,7323E+14;1;1;1;1;1;1;FALSE;1;1;1;0;;;;FALSE
ml1.1;Instructional manipulation checks: Detecting satisficing to increase statistical power;Daniel M. Oppenheimer and Tom Meyvis and Nicolas Davidenko;2009;Journal of Experimental Social Psychology;45;4;Social;6;614;1,13222E+14;9,93513E+14;213;main effect;7,07431E+14;5,17466E+14;86;86;3,78842E+14;9,92453E+14;1,80243E+13;United States;United States;English;English;0;0;mixed;credit;students;students;;;;0;ml1;6,24816E+13;3;1;1,01267E+14;1881;1;Professor;636;636;1;Professor;FALSE;qccuny2;2,96744E+13;1;1;1;1;1;1;FALSE;1;1;1;0;;;;FALSE
ml1.1;Instructional manipulation checks: Detecting satisficing to increase statistical power;Daniel M. Oppenheimer and Tom Meyvis and Nicolas Davidenko;2009;Journal of Experimental Social Psychology;45;4;Social;6;614;1,13222E+14;9,93513E+14;213;main effect;1,37813E+14;8,03188E+13;162;162;3,78842E+14;4,18289E+14;3,00983E+14;United States;United States;English;English;0;0;mixed;credit;students;students;;;;0;ml1;1,21718E+14;3;1;1,01267E+14;1881;1;Professor;1359;1359;1;Professor;FALSE;sandiegosu;2,18011E+13;1;1;1;1;1;1;FALSE;1;1;1;0;;;;FALSE
ml1.1;Instructional manipulation checks: Detecting satisficing to increase statistical power;Daniel M. Oppenheimer and Tom Meyvis and Nicolas Davidenko;2009;Journal of Experimental Social Psychology;45;4;Social;6;614;1,13222E+14;9,93513E+14;213;main effect;2,26931E+14;3,79067E+14;84;84;3,78842E+14;5,5146E+14;1,77044E+14;United States;Czech Republic;English;Czech;0;0;mixed;mixed;students;students;;;;1;ml1;2,0043E+13;3;2;1,01267E+14;1881;1;Professor;90;114;1;Professor;FALSE;seznam;3,0013E+14;0;0;1;1;1;0;FALSE;1;1;1;0;;;;FALSE
ml1.1;Instructional manipulation checks: Detecting satisficing to increase statistical power;Daniel M. Oppenheimer and Tom Meyvis and Nicolas Davidenko;2009;Journal of Experimental Social Psychology;45;4;Social;6;614;1,13222E+14;9,93513E+14;213;main effect;-3,41682E+14;7,64986E+14;79;79;3,78842E+14;6,01392E+13;1,6905E+13;United States;Poland;English;Polish;0;0;mixed;credit;students;students;;;;0;ml1;-3,0178E+14;3;51;1,01267E+14;1881;1;Professor;49772;9039;56;Professor;FALSE;swps;3,09129E+14;0;0;1;1;1;0;FALSE;1;1;1;0;;;;FALSE
ml1.1;Instructional manipulation checks: Detecting satisficing to increase statistical power;Daniel M. Oppenheimer and Tom Meyvis and Nicolas Davidenko;2009;Journal of Experimental Social Psychology;45;4;Social;6;614;1,13222E+14;9,93513E+14;213;main effect;6,1201E+14;4,30655E+14;168;168;3,78842E+14;1,23716E+14;3,10327E+14;United States;Poland;English;Polish;0;1;mixed;nothing;students;online;;;;0;ml1;5,40537E+14;3;51;1,01267E+14;1881;1;Professor;49772;9039;56;Professor;FALSE;swpson;2,14157E+14;0;0;0;0;1;0;FALSE;1;1;1;0;;;;FALSE
ml1.1;Instructional manipulation checks: Detecting satisficing to increase statistical power;Daniel M. Oppenheimer and Tom Meyvis and Nicolas Davidenko;2009;Journal of Experimental Social Psychology;45;4;Social;6;614;1,13222E+14;9,93513E+14;213;main effect;1,73065E+14;1,78527E+14;187;187;3,78842E+14;6,61686E+14;3,39616E+14;United States;United States;English;English;0;0;mixed;credit;students;students;;;;1;ml1;1,52854E+14;3;51;1,01267E+14;1881;1;Professor;49772;9039;56;Professor;FALSE;tamu;2,03194E+14;1;1;1;1;1;1;FALSE;1;1;1;0;;;;FALSE
ml1.1;Instructional manipulation checks: Detecting satisficing to increase statistical power;Daniel M. Oppenheimer and Tom Meyvis and Nicolas Davidenko;2009;Journal of Experimental Social Psychology;45;4;Social;6;614;1,13222E+14;9,93513E+14;213;main effect;1,87513E+14;8,20054E+14;87;87;3,78842E+14;4,1601E+13;1,81843E+14;United States;United States;English;English;0;0;mixed;credit;students;students;;;;0;ml1;1,65614E+14;3;2;1,01267E+14;1881;1;Professor;1315;211;0;Professor;FALSE;tamuc;2,95093E+13;1;1;1;1;1;1;FALSE;1;1;1;0;;;;FALSE
ml1.1;Instructional manipulation checks: Detecting satisficing to increase statistical power;Daniel M. Oppenheimer and Tom Meyvis and Nicolas Davidenko;2009;Journal of Experimental Social Psychology;45;4;Social;6;614;1,13222E+14;9,93513E+14;213;main effect;1,56745E+14;1,86405E+14;225;225;3,78842E+14;6,55247E+14;3,96569E+14;United States;United States;English;English;0;1;mixed;;students;online;;;;1;ml1;1,3844E+14;3;51;1,01267E+14;1881;1;Professor;49772;9039;56;Professor;FALSE;tamuon;1,85486E+14;1;1;0;0;1;1;FALSE;1;1;1;0;;;;FALSE
ml1.1;Instructional manipulation checks: Detecting satisficing to increase statistical power;Daniel M. Oppenheimer and Tom Meyvis and Nicolas Davidenko;2009;Journal of Experimental Social Psychology;45;4;Social;6;614;1,13222E+14;9,93513E+14;213;main effect;2,46877E+14;2,72671E+14;80;80;3,78842E+14;6,04153E+14;1,70648E+14;United States;Netherlands;English;Dutch;0;0;mixed;credit;students;students;;;;1;ml1;2,18046E+14;3;4;1,01267E+14;1881;1;Professor;33925;509;75;Professor;FALSE;tilburg;3,07264E+14;0;0;1;1;1;0;FALSE;1;1;1;0;;;;FALSE
ml1.1;Instructional manipulation checks: Detecting satisficing to increase statistical power;Daniel M. Oppenheimer and Tom Meyvis and Nicolas Davidenko;2009;Journal of Experimental Social Psychology;45;4;Social;6;614;1,13222E+14;9,93513E+14;213;main effect;7,40337E+14;4,08121E+14;127;127;3,78842E+14;1,31482E+14;2,45769E+13;United States;United States;English;English;0;0;mixed;credit;students;students;;;;0;ml1;6,53879E+14;3;1;1,01267E+14;1881;1;Professor;167;167;0;Professor;FALSE;ufl;2,45588E+14;1;1;1;1;1;1;FALSE;1;1;1;0;;;;FALSE
ml1.1;Instructional manipulation checks: Detecting satisficing to increase statistical power;Daniel M. Oppenheimer and Tom Meyvis and Nicolas Davidenko;2009;Journal of Experimental Social Psychology;45;4;Social;6;614;1,13222E+14;9,93513E+14;213;main effect;2,14295E+14;5,47238E+14;81;81;3,78842E+14;4,89114E+14;1,72247E+14;United States;United States;English;English;0;0;mixed;credit;students;students;;;;0;ml1;1,89269E+14;3;1;1,01267E+14;1881;1;Professor;161;161;0;Professor;FALSE;uva;3,05433E+14;1;1;1;1;1;1;FALSE;1;1;1;0;;;;FALSE
ml1.1;Instructional manipulation checks: Detecting satisficing to increase statistical power;Daniel M. Oppenheimer and Tom Meyvis and Nicolas Davidenko;2009;Journal of Experimental Social Psychology;45;4;Social;6;614;1,13222E+14;9,93513E+14;213;main effect;1,62913E+14;9,20635E+12;108;108;3,78842E+14;3,94071E+14;2,1545E+14;United States;United States;English;English;0;0;mixed;credit;students;students;;;;0;ml1;1,43887E+14;3;2;1,01267E+14;1881;1;Professor;123;194;5;Professor;FALSE;vcu;2,65752E+13;1;1;1;1;1;1;FALSE;1;1;1;0;;;;FALSE
ml1.1;Instructional manipulation checks: Detecting satisficing to increase statistical power;Daniel M. Oppenheimer and Tom Meyvis and Nicolas Davidenko;2009;Journal of Experimental Social Psychology;45;4;Social;6;614;1,13222E+14;9,93513E+14;213;main effect;1,28648E+14;2,29556E+14;89;89;3,78842E+14;2,25881E+14;1,85043E+14;United States;United States;English;English;0;0;mixed;mixed;students;students;;;;0;ml1;1,13624E+14;3;1;1,01267E+14;1881;1;Professor;213;213;0;Professor;FALSE;washlee;2,91873E+14;1;1;1;1;1;1;FALSE;1;1;1;0;;;;FALSE
ml1.1;Instructional manipulation checks: Detecting satisficing to increase statistical power;Daniel M. Oppenheimer and Tom Meyvis and Nicolas Davidenko;2009;Journal of Experimental Social Psychology;45;4;Social;6;614;1,13222E+14;9,93513E+14;213;main effect;2,20413E+14;1,95297E+14;112;112;3,78842E+14;6,5128E+14;2,21845E+14;United States;Canada;English;English;0;0;mixed;credit;students;students;;;;1;ml1;1,94673E+13;3;1;1,01267E+14;1881;1;Professor;66;66;1;Professor;FALSE;wilfredlaur;2,61095E+14;0;1;1;1;1;0;FALSE;1;1;1;0;;;;FALSE
ml1.1;Instructional manipulation checks: Detecting satisficing to increase statistical power;Daniel M. Oppenheimer and Tom Meyvis and Nicolas Davidenko;2009;Journal of Experimental Social Psychology;45;4;Social;6;614;1,13222E+14;9,93513E+14;213;main effect;6,79166E+14;5,10868E+14;96;96;3,78842E+14;1,00851E+13;1,96247E+14;United States;United States;English;English;0;0;mixed;credit;students;students;;;;0;ml1;5,99851E+14;3;1;1,01267E+14;1881;1;Professor;387;387;0;Professor;FALSE;wisc;2,81376E+14;1;1;1;1;1;1;FALSE;1;1;1;0;;;;FALSE
ml1.1;Instructional manipulation checks: Detecting satisficing to increase statistical power;Daniel M. Oppenheimer and Tom Meyvis and Nicolas Davidenko;2009;Journal of Experimental Social Psychology;45;4;Social;6;614;1,13222E+14;9,93513E+14;213;main effect;2,29939E+14;8,18562E+14;102;102;3,78842E+14;5,59119E+14;2,05851E+13;United States;United States;English;English;0;0;mixed;credit;students;students;;;;0;ml1;2,03086E+14;3;1;1,01267E+14;1881;1;Professor;165;165;1;Professor;FALSE;wku;2,7323E+14;1;1;1;1;1;1;FALSE;1;1;1;0;;;;FALSE
ml1.1;Instructional manipulation checks: Detecting satisficing to increase statistical power;Daniel M. Oppenheimer and Tom Meyvis and Nicolas Davidenko;2009;Journal of Experimental Social Psychology;45;4;Social;6;614;1,13222E+14;9,93513E+14;213;main effect;2,06929E+14;5,44724E+14;87;87;3,78842E+14;4,89607E+14;1,81843E+14;United States;United States;English;English;0;0;mixed;credit;students;students;;;;0;ml1;1,82764E+14;3;2;1,01267E+14;1881;1;Professor;161;270;0;Professor;FALSE;wpi;2,95093E+13;1;1;1;1;1;1;FALSE;1;1;1;0;;;;FALSE
ml1.10;Experiments in Wording Questions: II;Donald Rugg;1941;Public Opinion Quarterly;5;1;Social;1;168;;;;main effect;7,00638E+14;0;6292;6292;;1;;United States;United States;English;English;0;0;nothing;credit;anyone;students;;;;1;ml1;;1;51;0;0;1;Assistant;49772;9039;56;Professor;TRUE;;3,52925E+14;1;1;1;0;1;1;TRUE;0;1;1;0;;;;TRUE
ml1.10;Experiments in Wording Questions: II;Donald Rugg;1941;Public Opinion Quarterly;5;1;Social;1;168;;;;main effect;7,11805E+14;8,64667E+14;120;120;;1E+15;;United States;Brazil;English;Portuguese;0;0;nothing;nothing;anyone;students;;;;0;ml1;;1;1;0;0;1;Assistant;107;107;1;Professor;FALSE;brasilia;2,52485E+13;0;0;1;0;1;0;TRUE;0;1;1;0;;;;TRUE
ml1.10;Experiments in Wording Questions: II;Donald Rugg;1941;Public Opinion Quarterly;5;1;Social;1;168;;;;main effect;7,65062E+14;9,66686E+14;94;94;;1E+15;;United States;United States;English;English;0;0;nothing;credit;anyone;students;;;;0;ml1;;1;1;0;0;1;Assistant;197;197;1;Professor;FALSE;conncoll;2,84258E+14;1;1;1;0;1;1;TRUE;0;1;1;0;;;;TRUE
ml1.10;Experiments in Wording Questions: II;Donald Rugg;1941;Public Opinion Quarterly;5;1;Social;1;168;;;;main effect;6,17131E+14;9,99984E+14;94;94;;1E+15;;United States;United States;English;English;0;1;nothing;;anyone;online;;;;0;ml1;;1;1;0;0;1;Assistant;252;252;1;Professor;FALSE;csun;2,84258E+14;1;1;0;0;1;1;TRUE;0;1;1;0;;;;TRUE
ml1.10;Experiments in Wording Questions: II;Donald Rugg;1941;Public Opinion Quarterly;5;1;Social;1;168;;;;main effect;7,85843E+14;8,915E+14;102;102;;1;;United States;Malaysia;English;Malay;0;0;nothing;credit;anyone;students;;;;0;ml1;;1;1;0;0;1;Assistant;52;52;0;Professor;FALSE;help;2,7323E+14;0;0;1;0;1;0;TRUE;0;1;1;0;;;;TRUE
ml1.10;Experiments in Wording Questions: II;Donald Rugg;1941;Public Opinion Quarterly;5;1;Social;1;168;;;;main effect;6,02523E+14;9,99999E+14;89;89;;9,99997E+14;;United States;United States;English;English;0;0;nothing;credit;anyone;students;;;;0;ml1;;1;1;0;0;1;Assistant;300;300;0;Professor;FALSE;ithaca;2,91873E+14;1;1;1;0;1;1;TRUE;0;1;1;0;;;;TRUE
ml1.10;Experiments in Wording Questions: II;Donald Rugg;1941;Public Opinion Quarterly;5;1;Social;1;168;;;;main effect;7,34847E+14;1,72916E+14;170;170;;1;;United States;United States;English;English;0;1;nothing;;anyone;online;;;;0;ml1;;1;1;0;0;1;Assistant;147;147;0;Professor;FALSE;jmu;2,12917E+14;1;1;0;0;1;1;TRUE;0;1;1;0;;;;TRUE
ml1.10;Experiments in Wording Questions: II;Donald Rugg;1941;Public Opinion Quarterly;5;1;Social;1;168;;;;main effect;3,40693E+14;1;112;112;;6,45926E+14;;United States;Turkey;English;Turkish;0;1;nothing;;anyone;online;;;;0;ml1;;1;1;0;0;1;Assistant;218;218;0;Professor;FALSE;koc;2,61095E+14;0;0;0;0;1;0;TRUE;0;1;1;0;;;;TRUE
ml1.10;Experiments in Wording Questions: II;Donald Rugg;1941;Public Opinion Quarterly;5;1;Social;1;168;;;;main effect;7,48007E+14;5,85771E+14;144;144;;1;;United States;United States;English;English;0;0;nothing;credit;anyone;students;;;;0;ml1;;1;2;0;0;1;Assistant;502;601;5;Professor;FALSE;loyola;2,30945E+14;1;1;1;0;1;1;TRUE;0;1;1;0;;;;TRUE
ml1.10;Experiments in Wording Questions: II;Donald Rugg;1941;Public Opinion Quarterly;5;1;Social;1;168;;;;main effect;6,46261E+14;1,03136E+14;277;277;;1;;United States;United Kingdom;English;English;0;0;nothing;cash;anyone;community;;;;;ml1;;1;1;0;0;1;Assistant;169;169;0;Professor;FALSE;lse;1,67405E+14;0;1;1;0;1;0;TRUE;0;1;1;0;;;;TRUE
ml1.10;Experiments in Wording Questions: II;Donald Rugg;1941;Public Opinion Quarterly;5;1;Social;1;168;;;;main effect;7,38794E+14;9,97023E+14;98;98;;1E+14;;United States;United States;English;English;0;1;nothing;;anyone;online;;;;0;ml1;;1;51;0;0;1;Assistant;49772;9039;56;Professor;FALSE;mcdanielonline;2,7858E+14;1;1;0;0;1;1;TRUE;0;1;1;0;;;;TRUE
ml1.10;Experiments in Wording Questions: II;Donald Rugg;1941;Public Opinion Quarterly;5;1;Social;1;168;;;;main effect;6,74492E+14;9,99999E+14;83;83;;1E+15;;United States;Canada;English;English;0;0;nothing;mixed;anyone;students;;;;0;ml1;;1;2;0;0;1;Assistant;2415;431;5;Professor;FALSE;msvu;3,01867E+14;0;1;1;0;1;0;TRUE;0;1;1;0;;;;TRUE
ml1.10;Experiments in Wording Questions: II;Donald Rugg;1941;Public Opinion Quarterly;5;1;Social;1;168;;;;main effect;7,73692E+14;2,91831E-63;999;999;;1;;United States;United States;English;English;0;1;nothing;cash;anyone;online;;;;;ml1;;1;1;0;0;1;Assistant;1182;1182;1;Professor;FALSE;mturk;8,85124E+14;1;1;0;0;1;1;TRUE;0;1;1;0;;;;TRUE
ml1.10;Experiments in Wording Questions: II;Donald Rugg;1941;Public Opinion Quarterly;5;1;Social;1;168;;;;main effect;9,02751E+14;2,27998E+14;121;121;;1;;United States;United States;English;English;0;0;nothing;mixed;anyone;students;;;;0;ml1;;1;1;0;0;1;Assistant;401;401;0;Professor;FALSE;occid;2,51462E+14;1;1;1;0;1;1;TRUE;0;1;1;0;;;;TRUE
ml1.10;Experiments in Wording Questions: II;Donald Rugg;1941;Public Opinion Quarterly;5;1;Social;1;168;;;;main effect;7,14732E+14;9,97978E+14;107;107;;1E+15;;United States;United States;English;English;0;0;nothing;credit;anyone;students;;;;0;ml1;;1;2;0;0;1;Assistant;785;105;1;Professor;FALSE;osu;2,66956E+13;1;1;1;0;1;1;TRUE;0;1;1;0;;;;TRUE
ml1.10;Experiments in Wording Questions: II;Donald Rugg;1941;Public Opinion Quarterly;5;1;Social;1;168;;;;main effect;3,68381E+14;1;142;142;;9,95497E+14;;United States;Italy;English;Italian;0;1;nothing;;anyone;online;;;;0;ml1;;1;1;0;0;1;Assistant;115;115;0;Professor;FALSE;padua;2,32537E+14;0;0;0;0;1;0;TRUE;0;1;1;0;;;;TRUE
ml1.10;Experiments in Wording Questions: II;Donald Rugg;1941;Public Opinion Quarterly;5;1;Social;1;168;;;;main effect;8,08345E+14;7,841E-112;1315;1315;;1;;United States;United States;English;English;0;1;nothing;nothing;anyone;online;;;;;ml1;;1;1;0;0;1;Assistant;52;52;1;Professor;FALSE;pi;7,71854E+14;1;1;0;0;1;1;TRUE;0;1;1;0;;;;TRUE
ml1.10;Experiments in Wording Questions: II;Donald Rugg;1941;Public Opinion Quarterly;5;1;Social;1;168;;;;main effect;7,2052E+14;9,99914E+14;94;94;;1E+15;;United States;United States;English;English;0;0;nothing;credit;anyone;students;;;;0;ml1;;1;1;0;0;1;Assistant;375;375;1;Professor;FALSE;psu;2,84258E+14;1;1;1;0;1;1;TRUE;0;1;1;0;;;;TRUE
ml1.10;Experiments in Wording Questions: II;Donald Rugg;1941;Public Opinion Quarterly;5;1;Social;1;168;;;;main effect;7,05553E+14;9,99168E+14;82;82;;1E+15;;United States;United States;English;English;0;0;nothing;credit;anyone;students;;;;0;ml1;;1;1;0;0;1;Assistant;801;801;1;Professor;FALSE;psuabington;3,03634E+13;1;1;1;0;1;1;TRUE;0;1;1;0;;;;TRUE
ml1.10;Experiments in Wording Questions: II;Donald Rugg;1941;Public Opinion Quarterly;5;1;Social;1;168;;;;main effect;5,74712E+14;1E+15;102;102;;9,99998E+14;;United States;United States;English;English;0;0;nothing;credit;anyone;students;;;;0;ml1;;1;1;0;0;1;Assistant;440;440;0;Professor;FALSE;qccuny;2,7323E+14;1;1;1;0;1;1;TRUE;0;1;1;0;;;;TRUE
ml1.10;Experiments in Wording Questions: II;Donald Rugg;1941;Public Opinion Quarterly;5;1;Social;1;168;;;;main effect;6,2058E+13;1E+15;84;84;;9,99998E+14;;United States;United States;English;English;0;0;nothing;credit;anyone;students;;;;0;ml1;;1;1;0;0;1;Assistant;636;636;1;Professor;FALSE;qccuny2;3,0013E+14;1;1;1;0;1;1;TRUE;0;1;1;0;;;;TRUE
ml1.10;Experiments in Wording Questions: II;Donald Rugg;1941;Public Opinion Quarterly;5;1;Social;1;168;;;;main effect;7,73183E+14;4,33206E+14;160;160;;1;;United States;United States;English;English;0;0;nothing;credit;anyone;students;;;;0;ml1;;1;1;0;0;1;Assistant;1359;1359;1;Professor;FALSE;sandiegosu;2,19343E+14;1;1;1;0;1;1;TRUE;0;1;1;0;;;;TRUE
ml1.10;Experiments in Wording Questions: II;Donald Rugg;1941;Public Opinion Quarterly;5;1;Social;1;168;;;;main effect;6,00892E+14;9,99999E+14;84;84;;9,99992E+14;;United States;Czech Republic;English;Czech;0;0;nothing;mixed;anyone;students;;;;0;ml1;;1;2;0;0;1;Assistant;90;114;1;Professor;FALSE;seznam;3,0013E+14;0;0;1;0;1;0;TRUE;0;1;1;0;;;;TRUE
ml1.10;Experiments in Wording Questions: II;Donald Rugg;1941;Public Opinion Quarterly;5;1;Social;1;168;;;;main effect;5,97251E+14;1E+15;79;79;;9,99977E+14;;United States;Poland;English;Polish;0;0;nothing;credit;anyone;students;;;;0;ml1;;1;51;0;0;1;Assistant;49772;9039;56;Professor;FALSE;swps;3,09129E+14;0;0;1;0;1;0;TRUE;0;1;1;0;;;;TRUE
ml1.10;Experiments in Wording Questions: II;Donald Rugg;1941;Public Opinion Quarterly;5;1;Social;1;168;;;;main effect;6,59861E+14;9,60162E+13;168;168;;1;;United States;Poland;English;Polish;0;1;nothing;nothing;anyone;online;;;;0;ml1;;1;51;0;0;1;Assistant;49772;9039;56;Professor;FALSE;swpson;2,14157E+14;0;0;0;0;1;0;TRUE;0;1;1;0;;;;TRUE
ml1.10;Experiments in Wording Questions: II;Donald Rugg;1941;Public Opinion Quarterly;5;1;Social;1;168;;;;main effect;5,98483E+14;9,91341E+14;187;187;;1E+15;;United States;United States;English;English;0;0;nothing;credit;anyone;students;;;;0;ml1;;1;51;0;0;1;Assistant;49772;9039;56;Professor;FALSE;tamu;2,03194E+14;1;1;1;0;1;1;TRUE;0;1;1;0;;;;TRUE
ml1.10;Experiments in Wording Questions: II;Donald Rugg;1941;Public Opinion Quarterly;5;1;Social;1;168;;;;main effect;6,85817E+14;1E+15;87;87;;1E+15;;United States;United States;English;English;0;0;nothing;credit;anyone;students;;;;0;ml1;;1;2;0;0;1;Assistant;1315;211;0;Professor;FALSE;tamuc;2,95093E+13;1;1;1;0;1;1;TRUE;0;1;1;0;;;;TRUE
ml1.10;Experiments in Wording Questions: II;Donald Rugg;1941;Public Opinion Quarterly;5;1;Social;1;168;;;;main effect;6,37538E+13;7,4419E+14;220;220;;1;;United States;United States;English;English;0;1;nothing;;anyone;online;;;;0;ml1;;1;51;0;0;1;Assistant;49772;9039;56;Professor;FALSE;tamuon;1,87576E+14;1;1;0;0;1;1;TRUE;0;1;1;0;;;;TRUE
ml1.10;Experiments in Wording Questions: II;Donald Rugg;1941;Public Opinion Quarterly;5;1;Social;1;168;;;;main effect;5,28312E+14;1;79;79;;9,99294E+14;;United States;Netherlands;English;Dutch;0;0;nothing;credit;anyone;students;;;;0;ml1;;1;4;0;0;1;Assistant;33925;509;75;Professor;FALSE;tilburg;3,09129E+14;0;0;1;0;1;0;TRUE;0;1;1;0;;;;TRUE
ml1.10;Experiments in Wording Questions: II;Donald Rugg;1941;Public Opinion Quarterly;5;1;Social;1;168;;;;main effect;7,55614E+14;9,87257E+14;126;126;;1;;United States;United States;English;English;0;0;nothing;credit;anyone;students;;;;0;ml1;;1;1;0;0;1;Assistant;167;167;0;Professor;FALSE;ufl;2,46537E+14;1;1;1;0;1;1;TRUE;0;1;1;0;;;;TRUE
ml1.10;Experiments in Wording Questions: II;Donald Rugg;1941;Public Opinion Quarterly;5;1;Social;1;168;;;;main effect;6,94982E+14;1E+15;80;80;;1E+15;;United States;United States;English;English;0;0;nothing;credit;anyone;students;;;;0;ml1;;1;1;0;0;1;Assistant;161;161;0;Professor;FALSE;uva;3,07264E+14;1;1;1;0;1;1;TRUE;0;1;1;0;;;;TRUE
ml1.10;Experiments in Wording Questions: II;Donald Rugg;1941;Public Opinion Quarterly;5;1;Social;1;168;;;;main effect;6,33573E+14;1E+15;106;106;;1E+15;;United States;United States;English;English;0;0;nothing;credit;anyone;students;;;;0;ml1;;1;2;0;0;1;Assistant;123;194;5;Professor;FALSE;vcu;2,68176E+14;1;1;1;0;1;1;TRUE;0;1;1;0;;;;TRUE
ml1.10;Experiments in Wording Questions: II;Donald Rugg;1941;Public Opinion Quarterly;5;1;Social;1;168;;;;main effect;7,62088E+14;9,99998E+14;90;90;;1E+14;;United States;United States;English;English;0;0;nothing;mixed;anyone;students;;;;0;ml1;;1;1;0;0;1;Assistant;213;213;0;Professor;FALSE;washlee;2,90297E+14;1;1;1;0;1;1;TRUE;0;1;1;0;;;;TRUE
ml1.10;Experiments in Wording Questions: II;Donald Rugg;1941;Public Opinion Quarterly;5;1;Social;1;168;;;;main effect;4,11552E+14;1E+15;112;112;;9,95675E+14;;United States;Canada;English;English;0;0;nothing;credit;anyone;students;;;;0;ml1;;1;1;0;0;1;Assistant;66;66;1;Professor;FALSE;wilfredlaur;2,61095E+14;0;1;1;0;1;0;TRUE;0;1;1;0;;;;TRUE
ml1.10;Experiments in Wording Questions: II;Donald Rugg;1941;Public Opinion Quarterly;5;1;Social;1;168;;;;main effect;6,66849E+14;1E+14;96;96;;1E+15;;United States;United States;English;English;0;0;nothing;credit;anyone;students;;;;0;ml1;;1;1;0;0;1;Assistant;387;387;0;Professor;FALSE;wisc;2,81376E+14;1;1;1;0;1;1;TRUE;0;1;1;0;;;;TRUE
ml1.10;Experiments in Wording Questions: II;Donald Rugg;1941;Public Opinion Quarterly;5;1;Social;1;168;;;;main effect;7,36047E+12;9,99988E+14;102;102;;1E+15;;United States;United States;English;English;0;0;nothing;credit;anyone;students;;;;0;ml1;;1;1;0;0;1;Assistant;165;165;1;Professor;FALSE;wku;2,7323E+14;1;1;1;0;1;1;TRUE;0;1;1;0;;;;TRUE
ml1.10;Experiments in Wording Questions: II;Donald Rugg;1941;Public Opinion Quarterly;5;1;Social;1;168;;;;main effect;5,74656E+13;1E+15;87;87;;9,99976E+14;;United States;United States;English;English;0;0;nothing;credit;anyone;students;;;;0;ml1;;1;2;0;0;1;Assistant;161;270;0;Professor;FALSE;wpi;2,95093E+13;1;1;1;0;1;1;TRUE;0;1;1;0;;;;TRUE
ml1.11;Prestige, Suggestion, and Attitudes;Irving Lorge and Carl C. Curtiss;1936;The Journal of Social Psychology;7;4;Social;17;149;;;99;main effect;1,58804E+14;5,34406E-23;6325;6325;;1;;United States;United States;English;English;0;0;cash;credit;anyone;students;;;;1;ml1;;2;51;4025;779;1;Professor;49772;9039;56;Professor;TRUE;;3,51992E+14;1;1;1;0;1;1;TRUE;0;0; ;0;;;;TRUE
ml1.11;Prestige, Suggestion, and Attitudes;Irving Lorge and Carl C. Curtiss;1936;The Journal of Social Psychology;7;4;Social;17;149;;;99;main effect;9,20575E+14;3,19374E+13;119;119;;1,69413E+14;;United States;Brazil;English;Portuguese;0;0;cash;nothing;anyone;students;;;;0;ml1;;2;1;4025;779;1;Professor;107;107;1;Professor;FALSE;brasilia;2,53522E+14;0;0;1;0;1;0;TRUE;0;0; ;0;;;;TRUE
ml1.11;Prestige, Suggestion, and Attitudes;Irving Lorge and Carl C. Curtiss;1936;The Journal of Social Psychology;7;4;Social;17;149;;;99;main effect;7,27865E+14;4,85694E+14;94;94;;1,07353E+14;;United States;United States;English;English;0;0;cash;credit;anyone;students;;;;0;ml1;;2;1;4025;779;1;Professor;197;197;1;Professor;FALSE;conncoll;2,84258E+14;1;1;1;0;1;1;TRUE;0;0; ;0;;;;TRUE
ml1.11;Prestige, Suggestion, and Attitudes;Irving Lorge and Carl C. Curtiss;1936;The Journal of Social Psychology;7;4;Social;17;149;;;99;main effect;3,71544E+14;1,93751E+14;96;96;;9,65663E+14;;United States;United States;English;English;0;1;cash;;anyone;online;;;;;ml1;;2;1;4025;779;1;Professor;252;252;1;Professor;FALSE;csun;2,81376E+14;1;1;0;0;1;1;TRUE;0;0; ;0;;;;TRUE
ml1.11;Prestige, Suggestion, and Attitudes;Irving Lorge and Carl C. Curtiss;1936;The Journal of Social Psychology;7;4;Social;17;149;;;99;main effect;9,55607E+14;3,39371E+14;102;102;;1,59714E+14;;United States;Malaysia;English;Malay;0;0;cash;credit;anyone;students;;;;0;ml1;;2;1;4025;779;1;Professor;52;52;0;Professor;FALSE;help;2,7323E+14;0;0;1;0;1;0;TRUE;0;0; ;0;;;;TRUE
ml1.11;Prestige, Suggestion, and Attitudes;Irving Lorge and Carl C. Curtiss;1936;The Journal of Social Psychology;7;4;Social;17;149;;;99;main effect;2,58474E+14;1,39022E+14;90;90;;6,98092E+14;;United States;United States;English;English;0;0;cash;credit;anyone;students;;;;;ml1;;2;1;4025;779;1;Professor;300;300;0;Professor;FALSE;ithaca;2,90297E+14;1;1;1;0;1;1;TRUE;0;0; ;0;;;;TRUE
ml1.11;Prestige, Suggestion, and Attitudes;Irving Lorge and Carl C. Curtiss;1936;The Journal of Social Psychology;7;4;Social;17;149;;;99;main effect;3,25193E+14;1196234814;174;174;;9,93134E+13;;United States;United States;English;English;0;1;cash;;anyone;online;;;;;ml1;;2;1;4025;779;1;Professor;147;147;0;Professor;FALSE;jmu;2,10499E+14;1;1;0;0;1;1;TRUE;0;0; ;0;;;;TRUE
ml1.11;Prestige, Suggestion, and Attitudes;Irving Lorge and Carl C. Curtiss;1936;The Journal of Social Psychology;7;4;Social;17;149;;;99;main effect;-4,45661E+14;6,39277E+14;113;113;;7,54622E+14;;United States;Turkey;English;Turkish;0;1;cash;;anyone;online;;;;0;ml1;;2;1;4025;779;1;Professor;218;218;0;Professor;FALSE;koc;2,59969E+14;0;0;0;0;1;0;TRUE;0;0; ;0;;;;TRUE
ml1.11;Prestige, Suggestion, and Attitudes;Irving Lorge and Carl C. Curtiss;1936;The Journal of Social Psychology;7;4;Social;17;149;;;99;main effect;2,01607E+14;1,46793E+14;146;146;;6,88562E+14;;United States;United States;English;English;0;0;cash;credit;anyone;students;;;;;ml1;;2;2;4025;779;1;Professor;502;601;5;Professor;FALSE;loyola;2,29386E+14;1;1;1;0;1;1;TRUE;0;0; ;0;;;;TRUE
ml1.11;Prestige, Suggestion, and Attitudes;Irving Lorge and Carl C. Curtiss;1936;The Journal of Social Psychology;7;4;Social;17;149;;;99;main effect;1,86615E+14;1,81282E+14;277;277;;8,7916E+14;;United States;United Kingdom;English;English;0;0;cash;cash;anyone;community;;;;;ml1;;2;1;4025;779;1;Professor;169;169;0;Professor;FALSE;lse;1,67405E+14;0;1;1;0;1;0;TRUE;0;0; ;0;;;;TRUE
ml1.11;Prestige, Suggestion, and Attitudes;Irving Lorge and Carl C. Curtiss;1936;The Journal of Social Psychology;7;4;Social;17;149;;;99;main effect;4,68969E+14;6,46556E+14;98;98;;7,43402E+14;;United States;United States;English;English;0;1;cash;;anyone;online;;;;0;ml1;;2;51;4025;779;1;Professor;49772;9039;56;Professor;FALSE;mcdanielonline;2,7858E+14;1;1;0;0;1;1;TRUE;0;0; ;0;;;;TRUE
ml1.11;Prestige, Suggestion, and Attitudes;Irving Lorge and Carl C. Curtiss;1936;The Journal of Social Psychology;7;4;Social;17;149;;;99;main effect;-1,43546E+14;8,96885E+14;84;84;;5,1744E+14;;United States;Canada;English;English;0;0;cash;mixed;anyone;students;;;;0;ml1;;2;2;4025;779;1;Professor;2415;431;5;Professor;FALSE;msvu;3,0013E+14;0;1;1;0;1;0;TRUE;0;0; ;0;;;;TRUE
ml1.11;Prestige, Suggestion, and Attitudes;Irving Lorge and Carl C. Curtiss;1936;The Journal of Social Psychology;7;4;Social;17;149;;;99;main effect;2,16732E+14;438,6765022;999;999;;1E+13;;United States;United States;English;English;0;1;cash;cash;anyone;online;;;;;ml1;;2;1;4025;779;1;Professor;1182;1182;1;Professor;FALSE;mturk;8,85124E+14;1;1;0;0;1;1;TRUE;0;0; ;0;;;;TRUE
ml1.11;Prestige, Suggestion, and Attitudes;Irving Lorge and Carl C. Curtiss;1936;The Journal of Social Psychology;7;4;Social;17;149;;;99;main effect;8,7301E+14;3,38986E+14;122;122;;1,59832E+13;;United States;United States;English;English;0;0;cash;mixed;anyone;students;;;;0;ml1;;2;1;4025;779;1;Professor;401;401;0;Professor;FALSE;occid;2,50452E+14;1;1;1;0;1;1;TRUE;0;0; ;0;;;;TRUE
ml1.11;Prestige, Suggestion, and Attitudes;Irving Lorge and Carl C. Curtiss;1936;The Journal of Social Psychology;7;4;Social;17;149;;;99;main effect;1,33469E+14;1,70518E+14;107;107;;2,79521E+14;;United States;United States;English;English;0;0;cash;credit;anyone;students;;;;0;ml1;;2;2;4025;779;1;Professor;785;105;1;Professor;FALSE;osu;2,66956E+13;1;1;1;0;1;1;TRUE;0;0; ;0;;;;TRUE
ml1.11;Prestige, Suggestion, and Attitudes;Irving Lorge and Carl C. Curtiss;1936;The Journal of Social Psychology;7;4;Social;17;149;;;99;main effect;-1,3144E+14;1,16332E+14;144;144;;3,50097E+14;;United States;Italy;English;Italian;0;1;cash;;anyone;online;;;;0;ml1;;2;1;4025;779;1;Professor;115;115;0;Professor;FALSE;padua;2,30945E+14;0;0;0;0;1;0;TRUE;0;0; ;0;;;;TRUE
ml1.11;Prestige, Suggestion, and Attitudes;Irving Lorge and Carl C. Curtiss;1936;The Journal of Social Psychology;7;4;Social;17;149;;;99;main effect;1,3205E+13;145135714;1322;1322;;9,9792E+14;;United States;United States;English;English;0;1;cash;nothing;anyone;online;;;;;ml1;;2;1;4025;779;1;Professor;52;52;1;Professor;FALSE;pi;7,69808E+14;1;1;0;0;1;1;TRUE;0;0; ;0;;;;TRUE
ml1.11;Prestige, Suggestion, and Attitudes;Irving Lorge and Carl C. Curtiss;1936;The Journal of Social Psychology;7;4;Social;17;149;;;99;main effect;2,10838E+14;4,02766E+14;95;95;;5,40822E+14;;United States;United States;English;English;0;0;cash;credit;anyone;students;;;;;ml1;;2;1;4025;779;1;Professor;375;375;1;Professor;FALSE;psu;2,82806E+14;1;1;1;0;1;1;TRUE;0;0; ;0;;;;TRUE
ml1.11;Prestige, Suggestion, and Attitudes;Irving Lorge and Carl C. Curtiss;1936;The Journal of Social Psychology;7;4;Social;17;149;;;99;main effect;1,0868E+14;3,25086E+14;84;84;;1,66695E+14;;United States;United States;English;English;0;0;cash;credit;anyone;students;;;;0;ml1;;2;1;4025;779;1;Professor;801;801;1;Professor;FALSE;psuabington;3,0013E+14;1;1;1;0;1;1;TRUE;0;0; ;0;;;;TRUE
ml1.11;Prestige, Suggestion, and Attitudes;Irving Lorge and Carl C. Curtiss;1936;The Journal of Social Psychology;7;4;Social;17;149;;;99;main effect;4,30079E+14;716758612,3;101;101;;9,95521E+14;;United States;United States;English;English;0;0;cash;credit;anyone;students;;;;;ml1;;2;1;4025;779;1;Professor;440;440;0;Professor;FALSE;qccuny;2,74538E+14;1;1;1;0;1;1;TRUE;0;0; ;0;;;;TRUE
ml1.11;Prestige, Suggestion, and Attitudes;Irving Lorge and Carl C. Curtiss;1936;The Journal of Social Psychology;7;4;Social;17;149;;;99;main effect;1,99002E+14;6,78722E+14;85;85;;4,50562E+14;;United States;United States;English;English;0;0;cash;credit;anyone;students;;;;0;ml1;;2;1;4025;779;1;Professor;636;636;1;Professor;FALSE;qccuny2;2,98422E+14;1;1;1;0;1;1;TRUE;0;0; ;0;;;;TRUE
ml1.11;Prestige, Suggestion, and Attitudes;Irving Lorge and Carl C. Curtiss;1936;The Journal of Social Psychology;7;4;Social;17;149;;;99;main effect;2,01339E+14;1,0195E+14;162;162;;7,32711E+14;;United States;United States;English;English;0;0;cash;credit;anyone;students;;;;;ml1;;2;1;4025;779;1;Professor;1359;1359;1;Professor;FALSE;sandiegosu;2,18011E+13;1;1;1;0;1;1;TRUE;0;0; ;0;;;;TRUE
ml1.11;Prestige, Suggestion, and Attitudes;Irving Lorge and Carl C. Curtiss;1936;The Journal of Social Psychology;7;4;Social;17;149;;;99;main effect;1,44245E+14;1,90508E+14;84;84;;2,59523E+14;;United States;Czech Republic;English;Czech;0;0;cash;mixed;anyone;students;;;;0;ml1;;2;2;4025;779;1;Professor;90;114;1;Professor;FALSE;seznam;3,0013E+14;0;0;1;0;1;0;TRUE;0;0; ;0;;;;TRUE
ml1.11;Prestige, Suggestion, and Attitudes;Irving Lorge and Carl C. Curtiss;1936;The Journal of Social Psychology;7;4;Social;17;149;;;99;main effect;-4,55838E+14;9,68197E+14;79;79;;4,99819E+14;;United States;Poland;English;Polish;0;0;cash;credit;anyone;students;;;;0;ml1;;2;51;4025;779;1;Professor;49772;9039;56;Professor;FALSE;swps;3,09129E+14;0;0;1;0;1;0;TRUE;0;0; ;0;;;;TRUE
ml1.11;Prestige, Suggestion, and Attitudes;Irving Lorge and Carl C. Curtiss;1936;The Journal of Social Psychology;7;4;Social;17;149;;;99;main effect;1,54597E+14;4,60606E+14;167;167;;5,16386E+14;;United States;Poland;English;Polish;0;1;cash;nothing;anyone;online;;;;;ml1;;2;51;4025;779;1;Professor;49772;9039;56;Professor;FALSE;swpson;2,14785E+14;0;0;0;0;1;0;TRUE;0;0; ;0;;;;TRUE
ml1.11;Prestige, Suggestion, and Attitudes;Irving Lorge and Carl C. Curtiss;1936;The Journal of Social Psychology;7;4;Social;17;149;;;99;main effect;1,70702E+14;1,98332E+14;186;186;;6,47137E+13;;United States;United States;English;English;0;0;cash;credit;anyone;students;;;;;ml1;;2;51;4025;779;1;Professor;49772;9039;56;Professor;FALSE;tamu;2,03735E+14;1;1;1;0;1;1;TRUE;0;0; ;0;;;;TRUE
ml1.11;Prestige, Suggestion, and Attitudes;Irving Lorge and Carl C. Curtiss;1936;The Journal of Social Psychology;7;4;Social;17;149;;;99;main effect;2,52903E+14;1,81098E+14;87;87;;6,63221E+14;;United States;United States;English;English;0;0;cash;credit;anyone;students;;;;;ml1;;2;2;4025;779;1;Professor;1315;211;0;Professor;FALSE;tamuc;2,95093E+13;1;1;1;0;1;1;TRUE;0;0; ;0;;;;TRUE
ml1.11;Prestige, Suggestion, and Attitudes;Irving Lorge and Carl C. Curtiss;1936;The Journal of Social Psychology;7;4;Social;17;149;;;99;main effect;1,87237E+13;4,93047E+14;224;224;;8,05761E+14;;United States;United States;English;English;0;1;cash;;anyone;online;;;;;ml1;;2;51;4025;779;1;Professor;49772;9039;56;Professor;FALSE;tamuon;1,85893E+14;1;1;0;0;1;1;TRUE;0;0; ;0;;;;TRUE
ml1.11;Prestige, Suggestion, and Attitudes;Irving Lorge and Carl C. Curtiss;1936;The Journal of Social Psychology;7;4;Social;17;149;;;99;main effect;2,68326E+14;1,61056E+14;80;80;;6,79709E+14;;United States;Netherlands;English;Dutch;0;0;cash;credit;anyone;students;;;;;ml1;;2;4;4025;779;1;Professor;33925;509;75;Professor;FALSE;tilburg;3,07264E+14;0;0;1;0;1;0;TRUE;0;0; ;0;;;;TRUE
ml1.11;Prestige, Suggestion, and Attitudes;Irving Lorge and Carl C. Curtiss;1936;The Journal of Social Psychology;7;4;Social;17;149;;;99;main effect;2,42937E+14;5,92242E+14;127;127;;7,91064E+14;;United States;United States;English;English;0;0;cash;credit;anyone;students;;;;;ml1;;2;1;4025;779;1;Professor;167;167;0;Professor;FALSE;ufl;2,45588E+14;1;1;1;0;1;1;TRUE;0;0; ;0;;;;TRUE
ml1.11;Prestige, Suggestion, and Attitudes;Irving Lorge and Carl C. Curtiss;1936;The Journal of Social Psychology;7;4;Social;17;149;;;99;main effect;7,96276E+14;4,79795E+14;81;81;;1,08977E+13;;United States;United States;English;English;0;0;cash;credit;anyone;students;;;;0;ml1;;2;1;4025;779;1;Professor;161;161;0;Professor;FALSE;uva;3,05433E+14;1;1;1;0;1;1;TRUE;0;0; ;0;;;;TRUE
ml1.11;Prestige, Suggestion, and Attitudes;Irving Lorge and Carl C. Curtiss;1936;The Journal of Social Psychology;7;4;Social;17;149;;;99;main effect;1,52625E+14;1,14813E+14;108;108;;3,53038E+14;;United States;United States;English;English;0;0;cash;credit;anyone;students;;;;0;ml1;;2;2;4025;779;1;Professor;123;194;5;Professor;FALSE;vcu;2,65752E+13;1;1;1;0;1;1;TRUE;0;0; ;0;;;;TRUE
ml1.11;Prestige, Suggestion, and Attitudes;Irving Lorge and Carl C. Curtiss;1936;The Journal of Social Psychology;7;4;Social;17;149;;;99;main effect;-1,78316E+14;9,2663E+14;90;90;;3,9335E+14;;United States;United States;English;English;0;0;cash;mixed;anyone;students;;;;0;ml1;;2;1;4025;779;1;Professor;213;213;0;Professor;FALSE;washlee;2,90297E+14;1;1;1;0;1;1;TRUE;0;0; ;0;;;;TRUE
ml1.11;Prestige, Suggestion, and Attitudes;Irving Lorge and Carl C. Curtiss;1936;The Journal of Social Psychology;7;4;Social;17;149;;;99;main effect;1,43428E+14;1,3138E+14;112;112;;3,27833E+14;;United States;Canada;English;English;0;0;cash;credit;anyone;students;;;;0;ml1;;2;1;4025;779;1;Professor;66;66;1;Professor;FALSE;wilfredlaur;2,61095E+14;0;1;1;0;1;0;TRUE;0;0; ;0;;;;TRUE
ml1.11;Prestige, Suggestion, and Attitudes;Irving Lorge and Carl C. Curtiss;1936;The Journal of Social Psychology;7;4;Social;17;149;;;99;main effect;1,10709E+14;2,82905E+13;96;96;;1,89607E+14;;United States;United States;English;English;0;0;cash;credit;anyone;students;;;;0;ml1;;2;1;4025;779;1;Professor;387;387;0;Professor;FALSE;wisc;2,81376E+14;1;1;1;0;1;1;TRUE;0;0; ;0;;;;TRUE
ml1.11;Prestige, Suggestion, and Attitudes;Irving Lorge and Carl C. Curtiss;1936;The Journal of Social Psychology;7;4;Social;17;149;;;99;main effect;3,12827E+14;1,29426E+14;103;103;;9,01615E+13;;United States;United States;English;English;0;0;cash;credit;anyone;students;;;;;ml1;;2;1;4025;779;1;Professor;165;165;1;Professor;FALSE;wku;2,7194E+14;1;1;1;0;1;1;TRUE;0;0; ;0;;;;TRUE
ml1.11;Prestige, Suggestion, and Attitudes;Irving Lorge and Carl C. Curtiss;1936;The Journal of Social Psychology;7;4;Social;17;149;;;99;main effect;1,14221E+14;2,92147E+14;87;87;;1,84264E+14;;United States;United States;English;English;0;0;cash;credit;anyone;students;;;;0;ml1;;2;2;4025;779;1;Professor;161;270;0;Professor;FALSE;wpi;2,95093E+13;1;1;1;0;1;1;TRUE;0;0; ;0;;;;TRUE
ml1.12;A Single Exposure to the American Flag Shifts Support Toward Republicanism up to 8 Months Later;T. J. Carter and M. J. Ferguson and R. R. Hassin;2011;Psychological Science;22;8;Social;8;92;2,47093E+14;4,54819E+14;70;main effect;1,25781E+14;3,78903E+14;4896;4896;5,47006E+14;1,42324E+14;1;United States;United States;English;English;0;0;mixed;credit;students;students;;;;0;ml1;5,09045E+14;3;51;1045;1603;6,66667E+14;Professor;49772;9039;56;Professor;TRUE;;4,00095E+14;1;1;1;1;1;1;FALSE;1;1;0;0;;1;0;FALSE
ml1.12;A Single Exposure to the American Flag Shifts Support Toward Republicanism up to 8 Months Later;T. J. Carter and M. J. Ferguson and R. R. Hassin;2011;Psychological Science;22;8;Social;8;92;2,47093E+14;4,54819E+14;70;main effect;-9,20574E+14;9,92038E+14;120;120;5,47006E+14;4,98786E+14;7,82107E+14;United States;Brazil;English;Portuguese;0;0;mixed;nothing;students;students;;;;0;ml1;-3,72562E+14;3;1;1045;1603;6,66667E+14;Professor;107;107;1;Professor;FALSE;brasilia;2,52485E+13;0;0;1;1;1;0;FALSE;1;1;0;0;;1;0;FALSE
ml1.12;A Single Exposure to the American Flag Shifts Support Toward Republicanism up to 8 Months Later;T. J. Carter and M. J. Ferguson and R. R. Hassin;2011;Psychological Science;22;8;Social;8;92;2,47093E+14;4,54819E+14;70;main effect;-2,20661E+14;3,25829E+14;94;94;5,47006E+14;5,75396E+14;6,76596E+14;United States;United States;English;English;0;0;mixed;credit;students;students;;;;0;ml1;-8,9303E+14;3;1;1045;1603;6,66667E+14;Professor;197;197;1;Professor;FALSE;conncoll;2,84258E+14;1;1;1;1;1;1;FALSE;1;1;0;0;;1;0;FALSE
ml1.12;A Single Exposure to the American Flag Shifts Support Toward Republicanism up to 8 Months Later;T. J. Carter and M. J. Ferguson and R. R. Hassin;2011;Psychological Science;22;8;Social;8;92;2,47093E+14;4,54819E+14;70;main effect;-3,33438E+13;7,49694E+14;94;94;5,47006E+14;6,16109E+14;6,76596E+14;United States;United States;English;English;0;1;mixed;;students;online;;;;0;ml1;-1,34944E+14;3;1;1045;1603;6,66667E+14;Professor;252;252;1;Professor;FALSE;csun;2,84258E+14;1;1;0;0;1;1;FALSE;1;1;0;0;;1;0;FALSE
ml1.12;A Single Exposure to the American Flag Shifts Support Toward Republicanism up to 8 Months Later;T. J. Carter and M. J. Ferguson and R. R. Hassin;2011;Psychological Science;22;8;Social;8;92;2,47093E+14;4,54819E+14;70;main effect;-5,79027E+14;5,63219E+14;102;102;5,47006E+14;8,90632E+14;7,1273E+14;United States;Malaysia;English;Malay;0;0;mixed;credit;students;students;;;;0;ml1;-2,34336E+14;3;1;1045;1603;6,66667E+14;Professor;52;52;0;Professor;FALSE;help;2,7323E+14;0;0;1;1;1;0;FALSE;1;1;0;0;;1;0;FALSE
ml1.12;A Single Exposure to the American Flag Shifts Support Toward Republicanism up to 8 Months Later;T. J. Carter and M. J. Ferguson and R. R. Hassin;2011;Psychological Science;22;8;Social;8;92;2,47093E+14;4,54819E+14;70;main effect;-8,65155E+14;4,2015E+14;89;89;5,47006E+14;1,27334E+14;6,52254E+14;United States;United States;English;English;0;0;mixed;credit;students;students;;;;0;ml1;-3,50134E+14;3;1;1045;1603;6,66667E+14;Professor;300;300;0;Professor;FALSE;ithaca;2,91873E+14;1;1;1;1;1;1;FALSE;1;1;0;0;;1;0;FALSE
ml1.12;A Single Exposure to the American Flag Shifts Support Toward Republicanism up to 8 Months Later;T. J. Carter and M. J. Ferguson and R. R. Hassin;2011;Psychological Science;22;8;Social;8;92;2,47093E+14;4,54819E+14;70;main effect;2,22365E+14;7,7217E+13;172;172;5,47006E+14;5,95828E+14;9,0803E+14;United States;United States;English;English;0;1;mixed;;students;online;;;;0;ml1;8,99924E+13;3;1;1045;1603;6,66667E+14;Professor;147;147;0;Professor;FALSE;jmu;2,11698E+13;1;1;0;0;1;1;FALSE;1;1;0;0;;1;0;FALSE
ml1.12;A Single Exposure to the American Flag Shifts Support Toward Republicanism up to 8 Months Later;T. J. Carter and M. J. Ferguson and R. R. Hassin;2011;Psychological Science;22;8;Social;8;92;2,47093E+14;4,54819E+14;70;main effect;7,19816E+14;4,54885E+14;110;110;5,47006E+14;1,16131E+14;7,45529E+14;United States;Turkey;English;Turkish;0;1;mixed;;students;online;;;;0;ml1;2,91314E+14;3;1;1045;1603;6,66667E+14;Professor;218;218;0;Professor;FALSE;koc;2,63393E+14;0;0;0;0;1;0;FALSE;1;1;0;0;;1;0;FALSE
ml1.12;A Single Exposure to the American Flag Shifts Support Toward Republicanism up to 8 Months Later;T. J. Carter and M. J. Ferguson and R. R. Hassin;2011;Psychological Science;22;8;Social;8;92;2,47093E+14;4,54819E+14;70;main effect;3,25961E+13;6,97117E+14;145;145;5,47006E+14;6,74582E+14;8,54514E+14;United States;United States;English;English;0;0;mixed;credit;students;students;;;;0;ml1;1,31918E+13;3;2;1045;1603;6,66667E+14;Professor;502;601;5;Professor;FALSE;loyola;2,30162E+14;1;1;1;1;1;1;FALSE;1;1;0;0;;1;0;FALSE
ml1.12;A Single Exposure to the American Flag Shifts Support Toward Republicanism up to 8 Months Later;T. J. Carter and M. J. Ferguson and R. R. Hassin;2011;Psychological Science;22;8;Social;8;92;2,47093E+14;4,54819E+14;70;main effect;2,23878E+14;7,11669E+14;275;275;5,47006E+14;6,57531E+14;9,86387E+13;United States;United Kingdom;English;English;0;0;mixed;cash;students;community;;;;0;ml1;9,06048E+14;3;1;1045;1603;6,66667E+14;Professor;169;169;0;Professor;FALSE;lse;1,68008E+14;0;1;1;0;1;0;FALSE;1;1;0;0;;1;0;FALSE
ml1.12;A Single Exposure to the American Flag Shifts Support Toward Republicanism up to 8 Months Later;T. J. Carter and M. J. Ferguson and R. R. Hassin;2011;Psychological Science;22;8;Social;8;92;2,47093E+14;4,54819E+14;70;main effect;4,79141E+14;6,39421E+14;98;98;5,47006E+14;7,54304E+13;6,95089E+13;United States;United States;English;English;0;1;mixed;;students;online;;;;0;ml1;1,93911E+14;3;51;1045;1603;6,66667E+14;Professor;49772;9039;56;Professor;FALSE;mcdanielonline;2,7858E+14;1;1;0;0;1;1;FALSE;1;1;0;0;;1;0;FALSE
ml1.12;A Single Exposure to the American Flag Shifts Support Toward Republicanism up to 8 Months Later;T. J. Carter and M. J. Ferguson and R. R. Hassin;2011;Psychological Science;22;8;Social;8;92;2,47093E+14;4,54819E+14;70;main effect;4,49578E+14;6,82862E+14;85;85;5,47006E+14;6,92213E+13;6,31785E+14;United States;Canada;English;English;0;0;mixed;mixed;students;students;;;;0;ml1;1,81947E+14;3;2;1045;1603;6,66667E+14;Professor;2415;431;5;Professor;FALSE;msvu;2,98422E+14;0;1;1;1;1;0;FALSE;1;1;0;0;;1;0;FALSE
ml1.12;A Single Exposure to the American Flag Shifts Support Toward Republicanism up to 8 Months Later;T. J. Carter and M. J. Ferguson and R. R. Hassin;2011;Psychological Science;22;8;Social;8;92;2,47093E+14;4,54819E+14;70;main effect;4,72241E+14;1,39195E+14;982;982;5,47006E+14;3,15672E+14;1E+15;United States;United States;English;English;0;1;mixed;cash;students;online;;;;0;ml1;1,91119E+13;3;1;1045;1603;6,66667E+14;Professor;1182;1182;1;Professor;FALSE;mturk;8,92688E+13;1;1;0;0;1;1;FALSE;1;1;0;0;;1;0;FALSE
ml1.12;A Single Exposure to the American Flag Shifts Support Toward Republicanism up to 8 Months Later;T. J. Carter and M. J. Ferguson and R. R. Hassin;2011;Psychological Science;22;8;Social;8;92;2,47093E+14;4,54819E+14;70;main effect;-2,75009E+14;9,76117E+14;121;121;5,47006E+14;4,99712E+14;7,85508E+14;United States;United States;English;English;0;0;mixed;mixed;students;students;;;;0;ml1;-1,11298E+14;3;1;1045;1603;6,66667E+14;Professor;401;401;0;Professor;FALSE;occid;2,51462E+14;1;1;1;1;1;1;FALSE;1;1;0;0;;1;0;FALSE
ml1.12;A Single Exposure to the American Flag Shifts Support Toward Republicanism up to 8 Months Later;T. J. Carter and M. J. Ferguson and R. R. Hassin;2011;Psychological Science;22;8;Social;8;92;2,47093E+14;4,54819E+14;70;main effect;1,33205E+14;1,93355E+14;97;97;5,47006E+14;2,56633E+14;6,90547E+14;United States;United States;English;English;0;0;mixed;credit;students;students;;;;0;ml1;5,3909E+14;3;2;1045;1603;6,66667E+14;Professor;785;105;1;Professor;FALSE;osu;2,79968E+14;1;1;1;1;1;1;FALSE;1;1;0;0;;1;0;FALSE
ml1.12;A Single Exposure to the American Flag Shifts Support Toward Republicanism up to 8 Months Later;T. J. Carter and M. J. Ferguson and R. R. Hassin;2011;Psychological Science;22;8;Social;8;92;2,47093E+14;4,54819E+14;70;main effect;2,38823E+14;4,2059E+14;142;142;5,47006E+14;8,21262E+14;8,47117E+14;United States;Italy;English;Italian;0;1;mixed;;students;online;;;;1;ml1;9,66532E+14;3;1;1045;1603;6,66667E+14;Professor;115;115;0;Professor;FALSE;padua;2,32537E+14;0;0;0;0;1;0;FALSE;1;1;0;0;;1;0;FALSE
ml1.12;A Single Exposure to the American Flag Shifts Support Toward Republicanism up to 8 Months Later;T. J. Carter and M. J. Ferguson and R. R. Hassin;2011;Psychological Science;22;8;Social;8;92;2,47093E+14;4,54819E+14;70;main effect;1,29451E+14;6,38433E+14;1320;1320;5,47006E+14;7,56497E+14;1E+15;United States;United States;English;English;0;1;mixed;nothing;students;online;;;;0;ml1;5,23894E+13;3;1;1045;1603;6,66667E+14;Professor;52;52;1;Professor;FALSE;pi;7,70391E+14;1;1;0;0;1;1;FALSE;1;1;0;0;;1;0;FALSE
ml1.12;A Single Exposure to the American Flag Shifts Support Toward Republicanism up to 8 Months Later;T. J. Carter and M. J. Ferguson and R. R. Hassin;2011;Psychological Science;22;8;Social;8;92;2,47093E+14;4,54819E+14;70;main effect;8,47968E+14;9,36417E+14;91;91;5,47006E+14;5,0557E+14;6,62156E+14;United States;United States;English;English;0;0;mixed;credit;students;students;;;;0;ml1;3,43178E+13;3;1;1045;1603;6,66667E+14;Professor;375;375;1;Professor;FALSE;psu;2,88751E+14;1;1;1;1;1;1;FALSE;1;1;0;0;;1;0;FALSE
ml1.12;A Single Exposure to the American Flag Shifts Support Toward Republicanism up to 8 Months Later;T. J. Carter and M. J. Ferguson and R. R. Hassin;2011;Psychological Science;22;8;Social;8;92;2,47093E+14;4,54819E+14;70;main effect;3,4424E+14;7,57357E+14;83;83;5,47006E+14;6,08556E+13;6,21214E+14;United States;United States;English;English;0;0;mixed;credit;students;students;;;;0;ml1;1,39316E+14;3;1;1045;1603;6,66667E+14;Professor;801;801;1;Professor;FALSE;psuabington;3,01867E+14;1;1;1;1;1;1;FALSE;1;1;0;0;;1;0;FALSE
ml1.12;A Single Exposure to the American Flag Shifts Support Toward Republicanism up to 8 Months Later;T. J. Carter and M. J. Ferguson and R. R. Hassin;2011;Psychological Science;22;8;Social;8;92;2,47093E+14;4,54819E+14;70;main effect;-1,11994E+14;2,69743E+13;99;99;5,47006E+14;1,97681E+14;6,99579E+13;United States;United States;English;English;0;0;mixed;credit;students;students;;;;0;ml1;-4,53248E+14;3;1;1045;1603;6,66667E+14;Professor;440;440;0;Professor;FALSE;qccuny;2,77213E+14;1;1;1;1;1;1;FALSE;1;1;0;0;;1;0;FALSE
ml1.12;A Single Exposure to the American Flag Shifts Support Toward Republicanism up to 8 Months Later;T. J. Carter and M. J. Ferguson and R. R. Hassin;2011;Psychological Science;22;8;Social;8;92;2,47093E+14;4,54819E+14;70;main effect;1,09758E+14;9,20585E+14;85;85;5,47006E+14;5,09565E+14;6,31785E+14;United States;United States;English;English;0;0;mixed;credit;students;students;;;;0;ml1;4,44196E+14;3;1;1045;1603;6,66667E+14;Professor;636;636;1;Professor;FALSE;qccuny2;2,98422E+14;1;1;1;1;1;1;FALSE;1;1;0;0;;1;0;FALSE
ml1.12;A Single Exposure to the American Flag Shifts Support Toward Republicanism up to 8 Months Later;T. J. Carter and M. J. Ferguson and R. R. Hassin;2011;Psychological Science;22;8;Social;8;92;2,47093E+14;4,54819E+14;70;main effect;-5,63947E+14;4,78751E+13;160;160;5,47006E+14;1,09214E+14;8,86939E+14;United States;United States;English;English;0;0;mixed;credit;students;students;;;;0;ml1;-2,28233E+14;3;1;1045;1603;6,66667E+14;Professor;1359;1359;1;Professor;FALSE;sandiegosu;2,19343E+14;1;1;1;1;1;1;FALSE;1;1;0;0;;1;0;FALSE
ml1.12;A Single Exposure to the American Flag Shifts Support Toward Republicanism up to 8 Months Later;T. J. Carter and M. J. Ferguson and R. R. Hassin;2011;Psychological Science;22;8;Social;8;92;2,47093E+14;4,54819E+14;70;main effect;-1,43546E+14;8,96885E+14;84;84;5,47006E+14;5,1744E+14;6,26527E+14;United States;Czech Republic;English;Czech;0;0;mixed;mixed;students;students;;;;0;ml1;-5,8094E+14;3;2;1045;1603;6,66667E+14;Professor;90;114;1;Professor;FALSE;seznam;3,0013E+14;0;0;1;1;1;0;FALSE;1;1;0;0;;1;0;FALSE
ml1.12;A Single Exposure to the American Flag Shifts Support Toward Republicanism up to 8 Months Later;T. J. Carter and M. J. Ferguson and R. R. Hassin;2011;Psychological Science;22;8;Social;8;92;2,47093E+14;4,54819E+14;70;main effect;9,59104E+14;4,03543E+14;78;78;5,47006E+14;1,33241E+14;5,93802E+14;United States;Poland;English;Polish;0;0;mixed;credit;students;students;;;;0;ml1;3,88155E+14;3;51;1045;1603;6,66667E+14;Professor;49772;9039;56;Professor;FALSE;swps;3,11028E+14;0;0;1;1;1;0;FALSE;1;1;0;0;;1;0;FALSE
ml1.12;A Single Exposure to the American Flag Shifts Support Toward Republicanism up to 8 Months Later;T. J. Carter and M. J. Ferguson and R. R. Hassin;2011;Psychological Science;22;8;Social;8;92;2,47093E+14;4,54819E+14;70;main effect;-1,09985E+14;1,54585E+13;169;169;5,47006E+14;2,97114E+14;9,03121E+14;United States;Poland;English;Polish;0;1;mixed;nothing;students;online;;;;0;ml1;-4,45118E+14;3;51;1045;1603;6,66667E+14;Professor;49772;9039;56;Professor;FALSE;swpson;2,13534E+14;0;0;0;0;1;0;FALSE;1;1;0;0;;1;0;FALSE
ml1.12;A Single Exposure to the American Flag Shifts Support Toward Republicanism up to 8 Months Later;T. J. Carter and M. J. Ferguson and R. R. Hassin;2011;Psychological Science;22;8;Social;8;92;2,47093E+14;4,54819E+14;70;main effect;-1,32247E+14;7,51348E+14;182;182;5,47006E+14;4,30213E+14;9,22799E+14;United States;United States;English;English;0;0;mixed;credit;students;students;;;;0;ml1;-5,35211E+14;3;51;1045;1603;6,66667E+14;Professor;49772;9039;56;Professor;FALSE;tamu;2,05891E+14;1;1;1;1;1;1;FALSE;1;1;0;0;;1;0;FALSE
ml1.12;A Single Exposure to the American Flag Shifts Support Toward Republicanism up to 8 Months Later;T. J. Carter and M. J. Ferguson and R. R. Hassin;2011;Psychological Science;22;8;Social;8;92;2,47093E+14;4,54819E+14;70;main effect;1,34074E+14;2,18428E+14;86;86;5,47006E+14;2,34767E+14;6,36986E+14;United States;United States;English;English;0;0;mixed;credit;students;students;;;;0;ml1;5,42604E+14;3;2;1045;1603;6,66667E+14;Professor;1315;211;0;Professor;FALSE;tamuc;2,96744E+13;1;1;1;1;1;1;FALSE;1;1;0;0;;1;0;FALSE
ml1.12;A Single Exposure to the American Flag Shifts Support Toward Republicanism up to 8 Months Later;T. J. Carter and M. J. Ferguson and R. R. Hassin;2011;Psychological Science;22;8;Social;8;92;2,47093E+14;4,54819E+14;70;main effect;-1,42872E+14;8,33866E+14;218;218;5,47006E+14;5,49885E+13;9,59717E+14;United States;United States;English;English;0;1;mixed;;students;online;;;;0;ml1;-5,78213E+14;3;51;1045;1603;6,66667E+14;Professor;49772;9039;56;Professor;FALSE;tamuon;1,88373E+14;1;1;0;0;1;1;FALSE;1;1;0;0;;1;0;FALSE
ml1.12;A Single Exposure to the American Flag Shifts Support Toward Republicanism up to 8 Months Later;T. J. Carter and M. J. Ferguson and R. R. Hassin;2011;Psychological Science;22;8;Social;8;92;2,47093E+14;4,54819E+14;70;main effect;1,03151E+14;3,65662E+14;79;79;5,47006E+14;1,48118E+14;5,99397E+14;United States;Netherlands;English;Dutch;0;0;mixed;credit;students;students;;;;0;ml1;4,17458E+14;3;4;1045;1603;6,66667E+14;Professor;33925;509;75;Professor;FALSE;tilburg;3,09129E+14;0;0;1;1;1;0;FALSE;1;1;0;0;;1;0;FALSE
ml1.12;A Single Exposure to the American Flag Shifts Support Toward Republicanism up to 8 Months Later;T. J. Carter and M. J. Ferguson and R. R. Hassin;2011;Psychological Science;22;8;Social;8;92;2,47093E+14;4,54819E+14;70;main effect;-5,7379E+14;5,23353E+14;126;126;5,47006E+14;9,78298E+14;8,01842E+14;United States;United States;English;English;0;0;mixed;credit;students;students;;;;0;ml1;-2,32216E+14;3;1;1045;1603;6,66667E+14;Professor;167;167;0;Professor;FALSE;ufl;2,46537E+14;1;1;1;1;1;1;FALSE;1;1;0;0;;1;0;FALSE
ml1.12;A Single Exposure to the American Flag Shifts Support Toward Republicanism up to 8 Months Later;T. J. Carter and M. J. Ferguson and R. R. Hassin;2011;Psychological Science;22;8;Social;8;92;2,47093E+14;4,54819E+14;70;main effect;-7,45225E+14;5,11198E+14;80;80;5,47006E+14;1,00778E+13;6,04936E+14;United States;United States;English;English;0;0;mixed;credit;students;students;;;;0;ml1;-3,01597E+14;3;1;1045;1603;6,66667E+14;Professor;161;161;0;Professor;FALSE;uva;3,07264E+14;1;1;1;1;1;1;FALSE;1;1;0;0;;1;0;FALSE
ml1.12;A Single Exposure to the American Flag Shifts Support Toward Republicanism up to 8 Months Later;T. J. Carter and M. J. Ferguson and R. R. Hassin;2011;Psychological Science;22;8;Social;8;92;2,47093E+14;4,54819E+14;70;main effect;-3,6433E+14;7,12142E+14;105;105;5,47006E+14;6,56352E+14;7,25411E+14;United States;United States;English;English;0;0;mixed;credit;students;students;;;;0;ml1;-1,47446E+14;3;2;1045;1603;6,66667E+14;Professor;123;194;5;Professor;FALSE;vcu;2,69413E+14;1;1;1;1;1;1;FALSE;1;1;0;0;;1;0;FALSE
ml1.12;A Single Exposure to the American Flag Shifts Support Toward Republicanism up to 8 Months Later;T. J. Carter and M. J. Ferguson and R. R. Hassin;2011;Psychological Science;22;8;Social;8;92;2,47093E+14;4,54819E+14;70;main effect;-4,60519E+14;6,68259E+14;89;89;5,47006E+14;7,11932E+13;6,52254E+14;United States;United States;English;English;0;0;mixed;mixed;students;students;;;;0;ml1;-1,86375E+14;3;1;1045;1603;6,66667E+14;Professor;213;213;0;Professor;FALSE;washlee;2,91873E+14;1;1;1;1;1;1;FALSE;1;1;0;0;;1;0;FALSE
ml1.12;A Single Exposure to the American Flag Shifts Support Toward Republicanism up to 8 Months Later;T. J. Carter and M. J. Ferguson and R. R. Hassin;2011;Psychological Science;22;8;Social;8;92;2,47093E+14;4,54819E+14;70;main effect;2,20247E+14;8,18523E+14;111;111;5,47006E+14;5,59257E+14;7,49403E+14;United States;Canada;English;English;0;0;mixed;credit;students;students;;;;0;ml1;8,91351E+14;3;1;1045;1603;6,66667E+14;Professor;66;66;1;Professor;FALSE;wilfredlaur;2,62236E+14;0;1;1;1;1;0;FALSE;1;1;0;0;;1;0;FALSE
ml1.12;A Single Exposure to the American Flag Shifts Support Toward Republicanism up to 8 Months Later;T. J. Carter and M. J. Ferguson and R. R. Hassin;2011;Psychological Science;22;8;Social;8;92;2,47093E+14;4,54819E+14;70;main effect;-1,45158E+14;8,88963E+14;95;95;5,47006E+14;5,20756E+14;6,813E+14;United States;United States;English;English;0;0;mixed;credit;students;students;;;;0;ml1;-5,87463E+14;3;1;1045;1603;6,66667E+14;Professor;387;387;0;Professor;FALSE;wisc;2,82806E+14;1;1;1;1;1;1;FALSE;1;1;0;0;;1;0;FALSE
ml1.12;A Single Exposure to the American Flag Shifts Support Toward Republicanism up to 8 Months Later;T. J. Carter and M. J. Ferguson and R. R. Hassin;2011;Psychological Science;22;8;Social;8;92;2,47093E+14;4,54819E+14;70;main effect;5,47465E+14;5,90435E+14;99;99;5,47006E+14;8,37538E+14;6,99579E+13;United States;United States;English;English;0;0;mixed;credit;students;students;;;;0;ml1;2,21562E+14;3;1;1045;1603;6,66667E+14;Professor;165;165;1;Professor;FALSE;wku;2,77213E+14;1;1;1;1;1;1;FALSE;1;1;0;0;;1;0;FALSE
ml1.12;A Single Exposure to the American Flag Shifts Support Toward Republicanism up to 8 Months Later;T. J. Carter and M. J. Ferguson and R. R. Hassin;2011;Psychological Science;22;8;Social;8;92;2,47093E+14;4,54819E+14;70;main effect;4,2514E+14;6,97524E+13;86;86;5,47006E+14;6,73605E+14;6,36986E+14;United States;United States;English;English;0;0;mixed;credit;students;students;;;;0;ml1;1,72057E+14;3;2;1045;1603;6,66667E+14;Professor;161;270;0;Professor;FALSE;wpi;2,96744E+13;1;1;1;1;1;1;FALSE;1;1;0;0;;1;0;FALSE
ml1.13;Mere exposure to money increases endorsement of free-market systems and social inequality.;Eugene M. Caruso and Kathleen D. Vohs and Brittani Baxter and Adam Waytz;2013;Journal of Experimental Psychology: General;142;2;Social;6;38;3,71905E+14;4,30016E+14;30;main effect;-9,92818E+14;4,29557E+14;6333;6333;5,39352E+14;1,23981E+14;1;United States;United States;English;English;1;0;cash;credit;students;students;;;;0;ml1;-2,66955E+14;4;51;2739;9318;5;Professor;49772;9039;56;Professor;TRUE;;3,51767E+14;1;1;0;1;1;1;FALSE;1;1;0;0;;; ;FALSE
ml1.13;Mere exposure to money increases endorsement of free-market systems and social inequality.;Eugene M. Caruso and Kathleen D. Vohs and Brittani Baxter and Adam Waytz;2013;Journal of Experimental Psychology: General;142;2;Social;6;38;3,71905E+14;4,30016E+14;30;main effect;8,80321E+14;3,39018E+14;120;120;5,39352E+14;1,59822E+14;9,8873E+14;United States;Brazil;English;Portuguese;1;0;cash;nothing;students;students;;;;0;ml1;2,36706E+14;4;1;2739;9318;5;Professor;107;107;1;Professor;FALSE;brasilia;2,52485E+13;0;0;0;1;1;0;FALSE;1;1;0;0;;; ;FALSE
ml1.13;Mere exposure to money increases endorsement of free-market systems and social inequality.;Eugene M. Caruso and Kathleen D. Vohs and Brittani Baxter and Adam Waytz;2013;Journal of Experimental Psychology: General;142;2;Social;6;38;3,71905E+14;4,30016E+14;30;main effect;1,15363E+14;2,65598E+14;95;95;5,39352E+14;2,00363E+14;9,64414E+14;United States;United States;English;English;1;0;cash;credit;students;students;;;;0;ml1;3,10196E+14;4;1;2739;9318;5;Professor;197;197;1;Professor;FALSE;conncoll;2,82806E+14;1;1;0;1;1;1;FALSE;1;1;0;0;;; ;FALSE
ml1.13;Mere exposure to money increases endorsement of free-market systems and social inequality.;Eugene M. Caruso and Kathleen D. Vohs and Brittani Baxter and Adam Waytz;2013;Journal of Experimental Psychology: General;142;2;Social;6;38;3,71905E+14;4,30016E+14;30;main effect;6,18841E+14;9,52283E+14;96;96;5,39352E+14;5,02459E+14;9,6597E+14;United States;United States;English;English;1;1;cash;;students;online;;;;0;ml1;1,66398E+14;4;1;2739;9318;5;Professor;252;252;1;Professor;FALSE;csun;2,81376E+14;1;1;1;0;1;1;FALSE;1;1;0;0;;; ;FALSE
ml1.13;Mere exposure to money increases endorsement of free-market systems and social inequality.;Eugene M. Caruso and Kathleen D. Vohs and Brittani Baxter and Adam Waytz;2013;Journal of Experimental Psychology: General;142;2;Social;6;38;3,71905E+14;4,30016E+14;30;main effect;-1,18166E+14;2,36864E+14;102;102;5,39352E+14;2,20221E+14;9,74037E+14;United States;Malaysia;English;Malay;1;0;cash;credit;students;students;;;;0;ml1;-3,17733E+13;4;1;2739;9318;5;Professor;52;52;0;Professor;FALSE;help;2,7323E+14;0;0;0;1;1;0;FALSE;1;1;0;0;;; ;FALSE
ml1.13;Mere exposure to money increases endorsement of free-market systems and social inequality.;Eugene M. Caruso and Kathleen D. Vohs and Brittani Baxter and Adam Waytz;2013;Journal of Experimental Psychology: General;142;2;Social;6;38;3,71905E+14;4,30016E+14;30;main effect;4,26398E+14;9,68184E+14;90;90;5,39352E+14;5,00062E+14;9,55583E+14;United States;United States;English;English;1;0;cash;credit;students;students;;;;0;ml1;1,14652E+14;4;1;2739;9318;5;Professor;300;300;0;Professor;FALSE;ithaca;2,90297E+14;1;1;0;1;1;1;FALSE;1;1;0;0;;; ;FALSE
ml1.13;Mere exposure to money increases endorsement of free-market systems and social inequality.;Eugene M. Caruso and Kathleen D. Vohs and Brittani Baxter and Adam Waytz;2013;Journal of Experimental Psychology: General;142;2;Social;6;38;3,71905E+14;4,30016E+14;30;main effect;5,8611E+14;4,42356E+14;174;174;5,39352E+14;1,19948E+14;9,99215E+14;United States;United States;English;English;1;1;cash;;students;online;;;;0;ml1;1,57597E+14;4;1;2739;9318;5;Professor;147;147;0;Professor;FALSE;jmu;2,10499E+14;1;1;1;0;1;1;FALSE;1;1;0;0;;; ;FALSE
ml1.13;Mere exposure to money increases endorsement of free-market systems and social inequality.;Eugene M. Caruso and Kathleen D. Vohs and Brittani Baxter and Adam Waytz;2013;Journal of Experimental Psychology: General;142;2;Social;6;38;3,71905E+14;4,30016E+14;30;main effect;-6,34654E+14;5,04249E+14;113;113;5,39352E+14;1,02496E+14;9,84349E+14;United States;Turkey;English;Turkish;1;1;cash;;students;online;;;;0;ml1;-1,7065E+14;4;1;2739;9318;5;Professor;218;218;0;Professor;FALSE;koc;2,59969E+14;0;0;1;0;1;0;FALSE;1;1;0;0;;; ;FALSE
ml1.13;Mere exposure to money increases endorsement of free-market systems and social inequality.;Eugene M. Caruso and Kathleen D. Vohs and Brittani Baxter and Adam Waytz;2013;Journal of Experimental Psychology: General;142;2;Social;6;38;3,71905E+14;4,30016E+14;30;main effect;-3,42658E+14;6,8242E+14;145;145;5,39352E+14;6,93248E+14;9,9663E+14;United States;United States;English;English;1;0;cash;credit;students;students;;;;0;ml1;-9,2136E+14;4;2;2739;9318;5;Professor;502;601;5;Professor;FALSE;loyola;2,30162E+14;1;1;0;1;1;1;FALSE;1;1;0;0;;; ;FALSE
ml1.13;Mere exposure to money increases endorsement of free-market systems and social inequality.;Eugene M. Caruso and Kathleen D. Vohs and Brittani Baxter and Adam Waytz;2013;Journal of Experimental Psychology: General;142;2;Social;6;38;3,71905E+14;4,30016E+14;30;main effect;-8,11396E+14;1,78126E+13;277;277;5,39352E+14;2,70748E+13;9,99997E+14;United States;United Kingdom;English;English;1;0;cash;cash;students;community;;;;0;ml1;-2,18173E+14;4;1;2739;9318;5;Professor;169;169;0;Professor;FALSE;lse;1,67405E+14;0;1;0;0;1;0;FALSE;1;1;0;0;;; ;FALSE
ml1.13;Mere exposure to money increases endorsement of free-market systems and social inequality.;Eugene M. Caruso and Kathleen D. Vohs and Brittani Baxter and Adam Waytz;2013;Journal of Experimental Psychology: General;142;2;Social;6;38;3,71905E+14;4,30016E+14;30;main effect;2;4,83257E+14;98;98;5,39352E+14;5,09887E+14;9,68891E+14;United States;United States;English;English;1;1;cash;;students;online;;;;1;ml1;5,37772E+14;4;51;2739;9318;5;Professor;49772;9039;56;Professor;FALSE;mcdanielonline;2,7858E+14;1;1;1;0;1;1;FALSE;1;1;0;0;;; ;FALSE
ml1.13;Mere exposure to money increases endorsement of free-market systems and social inequality.;Eugene M. Caruso and Kathleen D. Vohs and Brittani Baxter and Adam Waytz;2013;Journal of Experimental Psychology: General;142;2;Social;6;38;3,71905E+14;4,30016E+14;30;main effect;9,83093E+14;3,70724E+13;85;85;5,39352E+14;1,45975E+14;9,44733E+14;United States;Canada;English;English;1;0;cash;mixed;students;students;;;;0;ml1;2,6434E+13;4;2;2739;9318;5;Professor;2415;431;5;Professor;FALSE;msvu;2,98422E+14;0;1;0;1;1;0;FALSE;1;1;0;0;;; ;FALSE
ml1.13;Mere exposure to money increases endorsement of free-market systems and social inequality.;Eugene M. Caruso and Kathleen D. Vohs and Brittani Baxter and Adam Waytz;2013;Journal of Experimental Psychology: General;142;2;Social;6;38;3,71905E+14;4,30016E+14;30;main effect;-3,22869E+14;3,07976E+14;999;999;5,39352E+14;1,74979E+14;1;United States;United States;English;English;1;1;cash;cash;students;online;;;;0;ml1;-8,68149E+13;4;1;2739;9318;5;Professor;1182;1182;1;Professor;FALSE;mturk;8,85124E+14;1;1;1;0;1;1;FALSE;1;1;0;0;;; ;FALSE
ml1.13;Mere exposure to money increases endorsement of free-market systems and social inequality.;Eugene M. Caruso and Kathleen D. Vohs and Brittani Baxter and Adam Waytz;2013;Journal of Experimental Psychology: General;142;2;Social;6;38;3,71905E+14;4,30016E+14;30;main effect;1,82544E+14;8,41819E+14;122;122;5,39352E+14;5,44555E+14;9,89747E+12;United States;United States;English;English;1;0;cash;mixed;students;students;;;;0;ml1;4,90835E+14;4;1;2739;9318;5;Professor;401;401;0;Professor;FALSE;occid;2,50452E+14;1;1;0;1;1;1;FALSE;1;1;0;0;;; ;FALSE
ml1.13;Mere exposure to money increases endorsement of free-market systems and social inequality.;Eugene M. Caruso and Kathleen D. Vohs and Brittani Baxter and Adam Waytz;2013;Journal of Experimental Psychology: General;142;2;Social;6;38;3,71905E+14;4,30016E+14;30;main effect;4,77645E+14;6,25156E+14;107;107;5,39352E+14;7,77054E+14;9,79341E+14;United States;United States;English;English;1;0;cash;credit;students;students;;;;0;ml1;1,28432E+14;4;2;2739;9318;5;Professor;785;105;1;Professor;FALSE;osu;2,66956E+13;1;1;0;1;1;1;FALSE;1;1;0;0;;; ;FALSE
ml1.13;Mere exposure to money increases endorsement of free-market systems and social inequality.;Eugene M. Caruso and Kathleen D. Vohs and Brittani Baxter and Adam Waytz;2013;Journal of Experimental Psychology: General;142;2;Social;6;38;3,71905E+14;4,30016E+14;30;main effect;-1,43661E+14;8,65256E+14;142;142;5,39352E+14;5,31996E+14;9,96094E+14;United States;Italy;English;Italian;1;1;cash;;students;online;;;;0;ml1;-3,86286E+14;4;1;2739;9318;5;Professor;115;115;0;Professor;FALSE;padua;2,32537E+14;0;0;1;0;1;0;FALSE;1;1;0;0;;; ;FALSE
ml1.13;Mere exposure to money increases endorsement of free-market systems and social inequality.;Eugene M. Caruso and Kathleen D. Vohs and Brittani Baxter and Adam Waytz;2013;Journal of Experimental Psychology: General;142;2;Social;6;38;3,71905E+14;4,30016E+14;30;main effect;-1,40147E+14;6,10136E+13;1326;1326;5,39352E+14;8,02722E+14;1;United States;United States;English;English;1;1;cash;nothing;students;online;;;;0;ml1;-3,76836E+14;4;1;2739;9318;5;Professor;52;52;1;Professor;FALSE;pi;7,68647E+14;1;1;1;0;1;1;FALSE;1;1;0;0;;; ;FALSE
ml1.13;Mere exposure to money increases endorsement of free-market systems and social inequality.;Eugene M. Caruso and Kathleen D. Vohs and Brittani Baxter and Adam Waytz;2013;Journal of Experimental Psychology: General;142;2;Social;6;38;3,71905E+14;4,30016E+14;30;main effect;7,25847E+14;9,44344E+14;95;95;5,39352E+14;5,03928E+14;9,64414E+14;United States;United States;English;English;1;0;cash;credit;students;students;;;;0;ml1;1,9517E+14;4;1;2739;9318;5;Professor;375;375;1;Professor;FALSE;psu;2,82806E+14;1;1;0;1;1;1;FALSE;1;1;0;0;;; ;FALSE
ml1.13;Mere exposure to money increases endorsement of free-market systems and social inequality.;Eugene M. Caruso and Kathleen D. Vohs and Brittani Baxter and Adam Waytz;2013;Journal of Experimental Psychology: General;142;2;Social;6;38;3,71905E+14;4,30016E+14;30;main effect;-3,31293E+14;9,7614E+14;84;84;5,39352E+14;4,99138E+14;9,42287E+14;United States;United States;English;English;1;0;cash;credit;students;students;;;;0;ml1;-8,908E+14;4;1;2739;9318;5;Professor;801;801;1;Professor;FALSE;psuabington;3,0013E+14;1;1;0;1;1;1;FALSE;1;1;0;0;;; ;FALSE
ml1.13;Mere exposure to money increases endorsement of free-market systems and social inequality.;Eugene M. Caruso and Kathleen D. Vohs and Brittani Baxter and Adam Waytz;2013;Journal of Experimental Psychology: General;142;2;Social;6;38;3,71905E+14;4,30016E+14;30;main effect;1,49983E+14;8,81067E+14;102;102;5,39352E+14;5,24197E+14;9,74037E+14;United States;United States;English;English;1;0;cash;credit;students;students;;;;0;ml1;4,03284E+14;4;1;2739;9318;5;Professor;440;440;0;Professor;FALSE;qccuny;2,7323E+14;1;1;0;1;1;1;FALSE;1;1;0;0;;; ;FALSE
ml1.13;Mere exposure to money increases endorsement of free-market systems and social inequality.;Eugene M. Caruso and Kathleen D. Vohs and Brittani Baxter and Adam Waytz;2013;Journal of Experimental Psychology: General;142;2;Social;6;38;3,71905E+14;4,30016E+14;30;main effect;6,68066E+14;5,43528E+14;85;85;5,39352E+14;9,32412E+14;9,44733E+14;United States;United States;English;English;1;0;cash;credit;students;students;;;;0;ml1;1,79634E+14;4;1;2739;9318;5;Professor;636;636;1;Professor;FALSE;qccuny2;2,98422E+14;1;1;0;1;1;1;FALSE;1;1;0;0;;; ;FALSE
ml1.13;Mere exposure to money increases endorsement of free-market systems and social inequality.;Eugene M. Caruso and Kathleen D. Vohs and Brittani Baxter and Adam Waytz;2013;Journal of Experimental Psychology: General;142;2;Social;6;38;3,71905E+14;4,30016E+14;30;main effect;-1,07678E+14;1,72606E+14;162;162;5,39352E+14;2,76849E+14;9,98556E+14;United States;United States;English;English;1;0;cash;credit;students;students;;;;0;ml1;-2,89532E+14;4;1;2739;9318;5;Professor;1359;1359;1;Professor;FALSE;sandiegosu;2,18011E+13;1;1;0;1;1;1;FALSE;1;1;0;0;;; ;FALSE
ml1.13;Mere exposure to money increases endorsement of free-market systems and social inequality.;Eugene M. Caruso and Kathleen D. Vohs and Brittani Baxter and Adam Waytz;2013;Journal of Experimental Psychology: General;142;2;Social;6;38;3,71905E+14;4,30016E+14;30;main effect;-7,37874E+14;5,0474E+14;84;84;5,39352E+14;1,02387E+14;9,42287E+14;United States;Czech Republic;English;Czech;1;0;cash;mixed;students;students;;;;0;ml1;-1,98404E+14;4;2;2739;9318;5;Professor;90;114;1;Professor;FALSE;seznam;3,0013E+14;0;0;0;1;1;0;FALSE;1;1;0;0;;; ;FALSE
ml1.13;Mere exposure to money increases endorsement of free-market systems and social inequality.;Eugene M. Caruso and Kathleen D. Vohs and Brittani Baxter and Adam Waytz;2013;Journal of Experimental Psychology: General;142;2;Social;6;38;3,71905E+14;4,30016E+14;30;main effect;1,04272E+14;3,60446E+14;79;79;5,39352E+14;1,50344E+14;9,28478E+14;United States;Poland;English;Polish;1;0;cash;credit;students;students;;;;0;ml1;2,80373E+14;4;51;2739;9318;5;Professor;49772;9039;56;Professor;FALSE;swps;3,09129E+14;0;0;0;1;1;0;FALSE;1;1;0;0;;; ;FALSE
ml1.13;Mere exposure to money increases endorsement of free-market systems and social inequality.;Eugene M. Caruso and Kathleen D. Vohs and Brittani Baxter and Adam Waytz;2013;Journal of Experimental Psychology: General;142;2;Social;6;38;3,71905E+14;4,30016E+14;30;main effect;-5,94789E+14;4,42388E+14;169;169;5,39352E+14;1,19941E+14;9,98987E+14;United States;Poland;English;Polish;1;1;cash;nothing;students;online;;;;0;ml1;-1,59931E+14;4;51;2739;9318;5;Professor;49772;9039;56;Professor;FALSE;swpson;2,13534E+14;0;0;1;0;1;0;FALSE;1;1;0;0;;; ;FALSE
ml1.13;Mere exposure to money increases endorsement of free-market systems and social inequality.;Eugene M. Caruso and Kathleen D. Vohs and Brittani Baxter and Adam Waytz;2013;Journal of Experimental Psychology: General;142;2;Social;6;38;3,71905E+14;4,30016E+14;30;main effect;-7,98823E+14;2,77131E+13;187;187;5,39352E+14;1,92779E+14;9,99598E+14;United States;United States;English;English;1;0;cash;credit;students;students;;;;0;ml1;-2,14792E+14;4;51;2739;9318;5;Professor;49772;9039;56;Professor;FALSE;tamu;2,03194E+14;1;1;0;1;1;1;FALSE;1;1;0;0;;; ;FALSE
ml1.13;Mere exposure to money increases endorsement of free-market systems and social inequality.;Eugene M. Caruso and Kathleen D. Vohs and Brittani Baxter and Adam Waytz;2013;Journal of Experimental Psychology: General;142;2;Social;6;38;3,71905E+14;4,30016E+14;30;main effect;-1,31184E+14;2,25839E+14;87;87;5,39352E+14;2,28803E+14;9,4934E+14;United States;United States;English;English;1;0;cash;credit;students;students;;;;0;ml1;-3,52736E+14;4;2;2739;9318;5;Professor;1315;211;0;Professor;FALSE;tamuc;2,95093E+13;1;1;0;1;1;1;FALSE;1;1;0;0;;; ;FALSE
ml1.13;Mere exposure to money increases endorsement of free-market systems and social inequality.;Eugene M. Caruso and Kathleen D. Vohs and Brittani Baxter and Adam Waytz;2013;Journal of Experimental Psychology: General;142;2;Social;6;38;3,71905E+14;4,30016E+14;30;main effect;8,87122E+14;1,84877E+14;225;225;5,39352E+14;2,6408E+14;9,99946E+14;United States;United States;English;English;1;1;cash;;students;online;;;;0;ml1;2,38535E+14;4;51;2739;9318;5;Professor;49772;9039;56;Professor;FALSE;tamuon;1,85486E+14;1;1;1;0;1;1;FALSE;1;1;0;0;;; ;FALSE
ml1.13;Mere exposure to money increases endorsement of free-market systems and social inequality.;Eugene M. Caruso and Kathleen D. Vohs and Brittani Baxter and Adam Waytz;2013;Journal of Experimental Psychology: General;142;2;Social;6;38;3,71905E+14;4,30016E+14;30;main effect;1,05836E+13;3,5012E+13;80;80;5,39352E+14;1,54883E+14;9,31462E+14;United States;Netherlands;English;Dutch;1;0;cash;credit;students;students;;;;0;ml1;2,84579E+14;4;4;2739;9318;5;Professor;33925;509;75;Professor;FALSE;tilburg;3,07264E+14;0;0;0;1;1;0;FALSE;1;1;0;0;;; ;FALSE
ml1.13;Mere exposure to money increases endorsement of free-market systems and social inequality.;Eugene M. Caruso and Kathleen D. Vohs and Brittani Baxter and Adam Waytz;2013;Journal of Experimental Psychology: General;142;2;Social;6;38;3,71905E+14;4,30016E+14;30;main effect;-7,49207E+14;4,02512E+14;127;127;5,39352E+14;1,3351E+14;9,9192E+14;United States;United States;English;English;1;0;cash;credit;students;students;;;;0;ml1;-2,01451E+14;4;1;2739;9318;5;Professor;167;167;0;Professor;FALSE;ufl;2,45588E+14;1;1;0;1;1;1;FALSE;1;1;0;0;;; ;FALSE
ml1.13;Mere exposure to money increases endorsement of free-market systems and social inequality.;Eugene M. Caruso and Kathleen D. Vohs and Brittani Baxter and Adam Waytz;2013;Journal of Experimental Psychology: General;142;2;Social;6;38;3,71905E+14;4,30016E+14;30;main effect;1,47989E+14;1,87345E+13;81;81;5,39352E+14;2,62634E+14;9,34332E+13;United States;United States;English;English;1;0;cash;credit;students;students;;;;0;ml1;3,97922E+14;4;1;2739;9318;5;Professor;161;161;0;Professor;FALSE;uva;3,05433E+14;1;1;0;1;1;1;FALSE;1;1;0;0;;; ;FALSE
ml1.13;Mere exposure to money increases endorsement of free-market systems and social inequality.;Eugene M. Caruso and Kathleen D. Vohs and Brittani Baxter and Adam Waytz;2013;Journal of Experimental Psychology: General;142;2;Social;6;38;3,71905E+14;4,30016E+14;30;main effect;-2,82898E+13;7,72388E+14;107;107;5,39352E+14;5,95183E+14;9,79341E+14;United States;United States;English;English;1;0;cash;credit;students;students;;;;0;ml1;-7,60673E+14;4;2;2739;9318;5;Professor;123;194;5;Professor;FALSE;vcu;2,66956E+13;1;1;0;1;1;1;FALSE;1;1;0;0;;; ;FALSE
ml1.13;Mere exposure to money increases endorsement of free-market systems and social inequality.;Eugene M. Caruso and Kathleen D. Vohs and Brittani Baxter and Adam Waytz;2013;Journal of Experimental Psychology: General;142;2;Social;6;38;3,71905E+14;4,30016E+14;30;main effect;1,20637E+14;2,5738E+14;90;90;5,39352E+14;2,05822E+13;9,55583E+14;United States;United States;English;English;1;0;cash;mixed;students;students;;;;0;ml1;3,24376E+14;4;1;2739;9318;5;Professor;213;213;0;Professor;FALSE;washlee;2,90297E+14;1;1;0;1;1;1;FALSE;1;1;0;0;;; ;FALSE
ml1.13;Mere exposure to money increases endorsement of free-market systems and social inequality.;Eugene M. Caruso and Kathleen D. Vohs and Brittani Baxter and Adam Waytz;2013;Journal of Experimental Psychology: General;142;2;Social;6;38;3,71905E+14;4,30016E+14;30;main effect;-7,03813E+14;4,60876E+14;112;112;5,39352E+14;1,14343E+14;9,83604E+14;United States;Canada;English;English;1;0;cash;credit;students;students;;;;0;ml1;-1,89245E+14;4;1;2739;9318;5;Professor;66;66;1;Professor;FALSE;wilfredlaur;2,61095E+14;0;1;0;1;1;0;FALSE;1;1;0;0;;; ;FALSE
ml1.13;Mere exposure to money increases endorsement of free-market systems and social inequality.;Eugene M. Caruso and Kathleen D. Vohs and Brittani Baxter and Adam Waytz;2013;Journal of Experimental Psychology: General;142;2;Social;6;38;3,71905E+14;4,30016E+14;30;main effect;-1,02598E+14;3,19878E+14;96;96;5,39352E+14;1,69248E+12;9,6597E+14;United States;United States;English;English;1;0;cash;credit;students;students;;;;0;ml1;-2,75871E+14;4;1;2739;9318;5;Professor;387;387;0;Professor;FALSE;wisc;2,81376E+14;1;1;0;1;1;1;FALSE;1;1;0;0;;; ;FALSE
ml1.13;Mere exposure to money increases endorsement of free-market systems and social inequality.;Eugene M. Caruso and Kathleen D. Vohs and Brittani Baxter and Adam Waytz;2013;Journal of Experimental Psychology: General;142;2;Social;6;38;3,71905E+14;4,30016E+14;30;main effect;8,62457E+14;3,86363E+14;103;103;5,39352E+14;1,39643E+14;9,75192E+14;United States;United States;English;English;1;0;cash;credit;students;students;;;;0;ml1;2,31903E+14;4;1;2739;9318;5;Professor;165;165;1;Professor;FALSE;wku;2,7194E+14;1;1;0;1;1;1;FALSE;1;1;0;0;;; ;FALSE
ml1.13;Mere exposure to money increases endorsement of free-market systems and social inequality.;Eugene M. Caruso and Kathleen D. Vohs and Brittani Baxter and Adam Waytz;2013;Journal of Experimental Psychology: General;142;2;Social;6;38;3,71905E+14;4,30016E+14;30;main effect;-9,50175E+14;3,81341E+14;87;87;5,39352E+14;1,41664E+14;9,4934E+14;United States;United States;English;English;1;0;cash;credit;students;students;;;;0;ml1;-2,55489E+14;4;2;2739;9318;5;Professor;161;270;0;Professor;FALSE;wpi;2,95093E+13;1;1;0;1;1;1;FALSE;1;1;0;0;;; ;FALSE
ml1.14;Elaboration enhances the imagined contact effect;Senel Husnu and Richard J. Crisp;2010;Journal of Experimental Social Psychology;46;6;Social;8;92;3,94451E+14;2,31126E+14;33;main effect;6,33257E+14;45416503,31;6336;6336;6,38378E+13;9,98988E+14;1;United Kingdom;United States;English;English;0;0;credit;credit;students;students;;;;1;ml1;1,60541E+14;2;51;11375;2129;5;Professor;49772;9039;56;Professor;TRUE;;3,51683E+14;0;1;1;1;0;1;FALSE;1;1;0;0;;; ;FALSE
ml1.14;Elaboration enhances the imagined contact effect;Senel Husnu and Richard J. Crisp;2010;Journal of Experimental Social Psychology;46;6;Social;8;92;3,94451E+14;2,31126E+14;33;main effect;4,13904E+14;6,53536E+14;120;120;6,38378E+13;7,33168E+14;9,94886E+14;United Kingdom;Brazil;English;Portuguese;0;0;credit;nothing;students;students;;;;0;ml1;1,04932E+14;2;1;11375;2129;5;Professor;107;107;1;Professor;FALSE;brasilia;2,52485E+13;0;0;1;1;0;0;FALSE;1;1;0;0;;; ;FALSE
ml1.14;Elaboration enhances the imagined contact effect;Senel Husnu and Richard J. Crisp;2010;Journal of Experimental Social Psychology;46;6;Social;8;92;3,94451E+14;2,31126E+14;33;main effect;1,05182E+14;3,10375E+14;95;95;6,38378E+13;1,74179E+14;9,80254E+14;United Kingdom;United States;English;English;0;0;credit;credit;students;students;;;;0;ml1;2,66655E+14;2;1;11375;2129;5;Professor;197;197;1;Professor;FALSE;conncoll;2,82806E+14;0;1;1;1;0;1;FALSE;1;1;0;0;;; ;FALSE
ml1.14;Elaboration enhances the imagined contact effect;Senel Husnu and Richard J. Crisp;2010;Journal of Experimental Social Psychology;46;6;Social;8;92;3,94451E+14;2,31126E+14;33;main effect;1,44384E+14;8,8896E+14;96;96;6,38378E+13;5,20773E+14;9,81266E+14;United Kingdom;United States;English;English;0;1;credit;;students;online;;;;0;ml1;3,66037E+14;2;1;11375;2129;5;Professor;252;252;1;Professor;FALSE;csun;2,81376E+14;0;1;0;0;0;1;FALSE;1;1;0;0;;; ;FALSE
ml1.14;Elaboration enhances the imagined contact effect;Senel Husnu and Richard J. Crisp;2010;Journal of Experimental Social Psychology;46;6;Social;8;92;3,94451E+14;2,31126E+14;33;main effect;-1,10322E+13;2,69661E+14;102;102;6,38378E+13;1,97714E+13;9,86372E+14;United Kingdom;Malaysia;English;Malay;0;0;credit;credit;students;students;;;;0;ml1;-2,79686E+14;2;1;11375;2129;5;Professor;52;52;0;Professor;FALSE;help;2,7323E+14;0;0;1;1;0;0;FALSE;1;1;0;0;;; ;FALSE
ml1.14;Elaboration enhances the imagined contact effect;Senel Husnu and Richard J. Crisp;2010;Journal of Experimental Social Psychology;46;6;Social;8;92;3,94451E+14;2,31126E+14;33;main effect;3,25561E+14;1,7413E+14;90;90;6,38378E+13;8,86262E+14;9,74369E+14;United Kingdom;United States;English;English;0;0;credit;credit;students;students;;;;1;ml1;8,25352E+13;2;1;11375;2129;5;Professor;300;300;0;Professor;FALSE;ithaca;2,90297E+14;0;1;1;1;0;1;FALSE;1;1;0;0;;; ;FALSE
ml1.14;Elaboration enhances the imagined contact effect;Senel Husnu and Richard J. Crisp;2010;Journal of Experimental Social Psychology;46;6;Social;8;92;3,94451E+14;2,31126E+14;33;main effect;9,03654E+14;2,35686E+14;174;174;6,38378E+13;2,20751E+14;9,99774E+14;United Kingdom;United States;English;English;0;1;credit;;students;online;;;;0;ml1;2,29091E+14;2;1;11375;2129;5;Professor;147;147;0;Professor;FALSE;jmu;2,10499E+14;0;1;0;0;0;1;FALSE;1;1;0;0;;; ;FALSE
ml1.14;Elaboration enhances the imagined contact effect;Senel Husnu and Richard J. Crisp;2010;Journal of Experimental Social Psychology;46;6;Social;8;92;3,94451E+14;2,31126E+14;33;main effect;-8,1357E+14;3,91643E+14;113;113;6,38378E+13;1,37589E+14;9,92481E+14;United Kingdom;Turkey;English;Turkish;0;1;credit;;students;online;;;;0;ml1;-2,06254E+14;2;1;11375;2129;5;Professor;218;218;0;Professor;FALSE;koc;2,59969E+14;0;0;0;0;0;0;FALSE;1;1;0;0;;; ;FALSE
ml1.14;Elaboration enhances the imagined contact effect;Senel Husnu and Richard J. Crisp;2010;Journal of Experimental Social Psychology;46;6;Social;8;92;3,94451E+14;2,31126E+14;33;main effect;7,64423E+14;3,59111E+14;146;146;6,38378E+13;1,50731E+14;9,98828E+14;United Kingdom;United States;English;English;0;0;credit;credit;students;students;;;;0;ml1;1,93794E+14;2;2;11375;2129;5;Professor;502;601;5;Professor;FALSE;loyola;2,29386E+14;0;1;1;1;0;1;FALSE;1;1;0;0;;; ;FALSE
ml1.14;Elaboration enhances the imagined contact effect;Senel Husnu and Richard J. Crisp;2010;Journal of Experimental Social Psychology;46;6;Social;8;92;3,94451E+14;2,31126E+14;33;main effect;8,94899E+14;1,3737E+14;277;277;6,38378E+13;3,18574E+14;1E+15;United Kingdom;United Kingdom;English;English;0;0;credit;cash;students;community;;;;0;ml1;2,26872E+14;2;1;11375;2129;5;Professor;169;169;0;Professor;FALSE;lse;1,67405E+14;1;1;1;0;0;0;FALSE;1;1;0;0;;; ;FALSE
ml1.14;Elaboration enhances the imagined contact effect;Senel Husnu and Richard J. Crisp;2010;Journal of Experimental Social Psychology;46;6;Social;8;92;3,94451E+14;2,31126E+14;33;main effect;9,54999E+14;3,49577E+14;98;98;6,38378E+13;1,55046E+14;9,83143E+13;United Kingdom;United States;English;English;0;1;credit;;students;online;;;;0;ml1;2,42108E+14;2;51;11375;2129;5;Professor;49772;9039;56;Professor;FALSE;mcdanielonline;2,7858E+14;0;1;0;0;0;1;FALSE;1;1;0;0;;; ;FALSE
ml1.14;Elaboration enhances the imagined contact effect;Senel Husnu and Richard J. Crisp;2010;Journal of Experimental Social Psychology;46;6;Social;8;92;3,94451E+14;2,31126E+14;33;main effect;1,63513E+14;1,34841E+14;85;85;6,38378E+13;3,23503E+14;9,66846E+13;United Kingdom;Canada;English;English;0;0;credit;mixed;students;students;;;;0;ml1;4,14534E+14;2;2;11375;2129;5;Professor;2415;431;5;Professor;FALSE;msvu;2,98422E+14;0;1;1;1;0;0;FALSE;1;1;0;0;;; ;FALSE
ml1.14;Elaboration enhances the imagined contact effect;Senel Husnu and Richard J. Crisp;2010;Journal of Experimental Social Psychology;46;6;Social;8;92;3,94451E+14;2,31126E+14;33;main effect;1,29938E+14;3766466410;1000;1000;6,38378E+13;9,84925E+14;1;United Kingdom;United States;English;English;0;1;credit;cash;students;online;;;;1;ml1;3,29416E+14;2;1;11375;2129;5;Professor;1182;1182;1;Professor;FALSE;mturk;8,84685E+14;0;1;0;0;0;1;FALSE;1;1;0;0;;; ;FALSE
ml1.14;Elaboration enhances the imagined contact effect;Senel Husnu and Richard J. Crisp;2010;Journal of Experimental Social Psychology;46;6;Social;8;92;3,94451E+14;2,31126E+14;33;main effect;1,46294E+14;1,07857E+14;122;122;6,38378E+13;3,64442E+13;9,95424E+14;United Kingdom;United States;English;English;0;0;credit;mixed;students;students;;;;0;ml1;3,7088E+14;2;1;11375;2129;5;Professor;401;401;0;Professor;FALSE;occid;2,50452E+14;0;1;1;1;0;1;FALSE;1;1;0;0;;; ;FALSE
ml1.14;Elaboration enhances the imagined contact effect;Senel Husnu and Richard J. Crisp;2010;Journal of Experimental Social Psychology;46;6;Social;8;92;3,94451E+14;2,31126E+14;33;main effect;-5,4569E+14;5,76672E+14;107;107;6,38378E+13;8,63753E+13;9,89582E+14;United Kingdom;United States;English;English;0;0;credit;credit;students;students;;;;0;ml1;-1,38342E+14;2;2;11375;2129;5;Professor;785;105;1;Professor;FALSE;osu;2,66956E+13;0;1;1;1;0;1;FALSE;1;1;0;0;;; ;FALSE
ml1.14;Elaboration enhances the imagined contact effect;Senel Husnu and Richard J. Crisp;2010;Journal of Experimental Social Psychology;46;6;Social;8;92;3,94451E+14;2,31126E+14;33;main effect;8,47513E+14;3,14225E+13;143;143;6,38378E+13;1,71992E+14;9,98606E+14;United Kingdom;Italy;English;Italian;0;1;credit;;students;online;;;;0;ml1;2,14859E+14;2;1;11375;2129;5;Professor;115;115;0;Professor;FALSE;padua;2,31737E+14;0;0;0;0;0;0;FALSE;1;1;0;0;;; ;FALSE
ml1.14;Elaboration enhances the imagined contact effect;Senel Husnu and Richard J. Crisp;2010;Journal of Experimental Social Psychology;46;6;Social;8;92;3,94451E+14;2,31126E+14;33;main effect;7,7211E+14;4,87385E+14;1328;1328;6,38378E+13;8,04311E+13;1;United Kingdom;United States;English;English;0;1;credit;nothing;students;online;;;;1;ml1;1,95743E+14;2;1;11375;2129;5;Professor;52;52;1;Professor;FALSE;pi;7,68068E+14;0;1;0;0;0;1;FALSE;1;1;0;0;;; ;FALSE
ml1.14;Elaboration enhances the imagined contact effect;Senel Husnu and Richard J. Crisp;2010;Journal of Experimental Social Psychology;46;6;Social;8;92;3,94451E+14;2,31126E+14;33;main effect;1,4668E+14;1,56068E+14;95;95;6,38378E+13;2,96063E+14;9,80254E+14;United Kingdom;United States;English;English;0;0;credit;credit;students;students;;;;0;ml1;3,71859E+14;2;1;11375;2129;5;Professor;375;375;1;Professor;FALSE;psu;2,82806E+14;0;1;1;1;0;1;FALSE;1;1;0;0;;; ;FALSE
ml1.14;Elaboration enhances the imagined contact effect;Senel Husnu and Richard J. Crisp;2010;Journal of Experimental Social Psychology;46;6;Social;8;92;3,94451E+14;2,31126E+14;33;main effect;5,73299E+14;6,04465E+14;84;84;6,38378E+13;8,12062E+14;9,65111E+14;United Kingdom;United States;English;English;0;0;credit;credit;students;students;;;;0;ml1;1,45341E+14;2;1;11375;2129;5;Professor;801;801;1;Professor;FALSE;psuabington;3,0013E+14;0;1;1;1;0;1;FALSE;1;1;0;0;;; ;FALSE
ml1.14;Elaboration enhances the imagined contact effect;Senel Husnu and Richard J. Crisp;2010;Journal of Experimental Social Psychology;46;6;Social;8;92;3,94451E+14;2,31126E+14;33;main effect;-1,43233E+14;1,53022E+14;101;101;6,38378E+13;2,99622E+14;9,85625E+14;United Kingdom;United States;English;English;0;0;credit;credit;students;students;;;;0;ml1;-3,6312E+14;2;1;11375;2129;5;Professor;440;440;0;Professor;FALSE;qccuny;2,74538E+14;0;1;1;1;0;1;FALSE;1;1;0;0;;; ;FALSE
ml1.14;Elaboration enhances the imagined contact effect;Senel Husnu and Richard J. Crisp;2010;Journal of Experimental Social Psychology;46;6;Social;8;92;3,94451E+14;2,31126E+14;33;main effect;1,61404E+14;1,40015E+14;85;85;6,38378E+13;3,16471E+14;9,66846E+13;United Kingdom;United States;English;English;0;0;credit;credit;students;students;;;;0;ml1;4,09187E+14;2;1;11375;2129;5;Professor;636;636;1;Professor;FALSE;qccuny2;2,98422E+14;0;1;1;1;0;1;FALSE;1;1;0;0;;; ;FALSE
ml1.14;Elaboration enhances the imagined contact effect;Senel Husnu and Richard J. Crisp;2010;Journal of Experimental Social Psychology;46;6;Social;8;92;3,94451E+14;2,31126E+14;33;main effect;1,5007E+14;5,6637E+14;162;162;6,38378E+13;4,80826E+13;9,99539E+14;United Kingdom;United States;English;English;0;0;credit;credit;students;students;;;;0;ml1;3,80454E+14;2;1;11375;2129;5;Professor;1359;1359;1;Professor;FALSE;sandiegosu;2,18011E+13;0;1;1;1;0;1;FALSE;1;1;0;0;;; ;FALSE
ml1.14;Elaboration enhances the imagined contact effect;Senel Husnu and Richard J. Crisp;2010;Journal of Experimental Social Psychology;46;6;Social;8;92;3,94451E+14;2,31126E+14;33;main effect;-4,41722E+14;9,6819E+14;84;84;6,38378E+13;4,99938E+14;9,65111E+14;United Kingdom;Czech Republic;English;Czech;0;0;credit;mixed;students;students;;;;0;ml1;-1,11984E+14;2;2;11375;2129;5;Professor;90;114;1;Professor;FALSE;seznam;3,0013E+14;0;0;1;1;0;0;FALSE;1;1;0;0;;; ;FALSE
ml1.14;Elaboration enhances the imagined contact effect;Senel Husnu and Richard J. Crisp;2010;Journal of Experimental Social Psychology;46;6;Social;8;92;3,94451E+14;2,31126E+14;33;main effect;1,71768E+14;1,30115E+14;79;79;6,38378E+13;3,30342E+14;9,55077E+14;United Kingdom;Poland;English;Polish;0;0;credit;credit;students;students;;;;0;ml1;4,35461E+14;2;51;11375;2129;5;Professor;49772;9039;56;Professor;FALSE;swps;3,09129E+14;0;0;1;1;0;0;FALSE;1;1;0;0;;; ;FALSE
ml1.14;Elaboration enhances the imagined contact effect;Senel Husnu and Richard J. Crisp;2010;Journal of Experimental Social Psychology;46;6;Social;8;92;3,94451E+14;2,31126E+14;33;main effect;4,65186E+14;5,49324E+14;168;168;6,38378E+13;9,19799E+14;9,99677E+14;United Kingdom;Poland;English;Polish;0;1;credit;nothing;students;online;;;;0;ml1;1,17933E+14;2;51;11375;2129;5;Professor;49772;9039;56;Professor;FALSE;swpson;2,14157E+14;0;0;0;0;0;0;FALSE;1;1;0;0;;; ;FALSE
ml1.14;Elaboration enhances the imagined contact effect;Senel Husnu and Richard J. Crisp;2010;Journal of Experimental Social Psychology;46;6;Social;8;92;3,94451E+14;2,31126E+14;33;main effect;-4,26037E+14;5,6262E+13;187;187;6,38378E+13;8,91914E+13;9,99897E+14;United Kingdom;United States;English;English;0;0;credit;credit;students;students;;;;0;ml1;-1,08008E+14;2;51;11375;2129;5;Professor;49772;9039;56;Professor;FALSE;tamu;2,03194E+14;0;1;1;1;0;1;FALSE;1;1;0;0;;; ;FALSE
ml1.14;Elaboration enhances the imagined contact effect;Senel Husnu and Richard J. Crisp;2010;Journal of Experimental Social Psychology;46;6;Social;8;92;3,94451E+14;2,31126E+14;33;main effect;-5,63124E+14;6,04415E+13;87;87;6,38378E+13;8,12168E+14;9,70076E+14;United Kingdom;United States;English;English;0;0;credit;credit;students;students;;;;0;ml1;-1,42761E+14;2;2;11375;2129;5;Professor;1315;211;0;Professor;FALSE;tamuc;2,95093E+13;0;1;1;1;0;1;FALSE;1;1;0;0;;; ;FALSE
ml1.14;Elaboration enhances the imagined contact effect;Senel Husnu and Richard J. Crisp;2010;Journal of Experimental Social Psychology;46;6;Social;8;92;3,94451E+14;2,31126E+14;33;main effect;1,55455E+14;1,96465E+13;225;225;6,38378E+13;6,47943E+14;9,9999E+14;United Kingdom;United States;English;English;0;1;credit;;students;online;;;;1;ml1;3,94103E+14;2;51;11375;2129;5;Professor;49772;9039;56;Professor;FALSE;tamuon;1,85486E+14;0;1;0;0;0;1;FALSE;1;1;0;0;;; ;FALSE
ml1.14;Elaboration enhances the imagined contact effect;Senel Husnu and Richard J. Crisp;2010;Journal of Experimental Social Psychology;46;6;Social;8;92;3,94451E+14;2,31126E+14;33;main effect;-2,55092E+14;2,23934E+14;80;80;6,38378E+13;6,33636E+13;9,57278E+14;United Kingdom;Netherlands;English;Dutch;0;0;credit;credit;students;students;;;;0;ml1;-6,46702E+14;2;4;11375;2129;5;Professor;33925;509;75;Professor;FALSE;tilburg;3,07264E+14;0;0;1;1;0;0;FALSE;1;1;0;0;;; ;FALSE
ml1.14;Elaboration enhances the imagined contact effect;Senel Husnu and Richard J. Crisp;2010;Journal of Experimental Social Psychology;46;6;Social;8;92;3,94451E+14;2,31126E+14;33;main effect;5,89296E+14;5,10468E+14;127;127;6,38378E+13;1,00939E+14;9,96539E+14;United Kingdom;United States;English;English;0;0;credit;credit;students;students;;;;0;ml1;1,49396E+14;2;1;11375;2129;5;Professor;167;167;0;Professor;FALSE;ufl;2,45588E+14;0;1;1;1;0;1;FALSE;1;1;0;0;;; ;FALSE
ml1.14;Elaboration enhances the imagined contact effect;Senel Husnu and Richard J. Crisp;2010;Journal of Experimental Social Psychology;46;6;Social;8;92;3,94451E+14;2,31126E+14;33;main effect;1,79985E+14;8,73289E+14;81;81;6,38378E+13;5,27335E+14;9,59378E+14;United Kingdom;United States;English;English;0;0;credit;credit;students;students;;;;0;ml1;4,56292E+14;2;1;11375;2129;5;Professor;161;161;0;Professor;FALSE;uva;3,05433E+14;0;1;1;1;0;1;FALSE;1;1;0;0;;; ;FALSE
ml1.14;Elaboration enhances the imagined contact effect;Senel Husnu and Richard J. Crisp;2010;Journal of Experimental Social Psychology;46;6;Social;8;92;3,94451E+14;2,31126E+14;33;main effect;0;1;107;107;6,38378E+13;4,98512E+14;9,89582E+14;United Kingdom;United States;English;English;0;0;credit;credit;students;students;;;;0;ml1;0;2;2;11375;2129;5;Professor;123;194;5;Professor;FALSE;vcu;2,66956E+13;0;1;1;1;0;1;FALSE;1;1;0;0;;; ;FALSE
ml1.14;Elaboration enhances the imagined contact effect;Senel Husnu and Richard J. Crisp;2010;Journal of Experimental Social Psychology;46;6;Social;8;92;3,94451E+14;2,31126E+14;33;main effect;1,2791E+14;9,04757E+13;90;90;6,38378E+13;5,14705E+14;9,74369E+14;United Kingdom;United States;English;English;0;0;credit;mixed;students;students;;;;0;ml1;3,24273E+14;2;1;11375;2129;5;Professor;213;213;0;Professor;FALSE;washlee;2,90297E+14;0;1;1;1;0;1;FALSE;1;1;0;0;;; ;FALSE
ml1.14;Elaboration enhances the imagined contact effect;Senel Husnu and Richard J. Crisp;2010;Journal of Experimental Social Psychology;46;6;Social;8;92;3,94451E+14;2,31126E+14;33;main effect;1,14408E+13;9,04702E+14;112;112;6,38378E+13;5,15057E+14;9,92059E+14;United Kingdom;Canada;English;English;0;0;credit;credit;students;students;;;;0;ml1;2,90044E+14;2;1;11375;2129;5;Professor;66;66;1;Professor;FALSE;wilfredlaur;2,61095E+14;0;1;1;1;0;0;FALSE;1;1;0;0;;; ;FALSE
ml1.14;Elaboration enhances the imagined contact effect;Senel Husnu and Richard J. Crisp;2010;Journal of Experimental Social Psychology;46;6;Social;8;92;3,94451E+14;2,31126E+14;33;main effect;4,12218E+14;6,90064E+14;96;96;6,38378E+13;6,83057E+12;9,81266E+14;United Kingdom;United States;English;English;0;0;credit;credit;students;students;;;;0;ml1;1,04504E+14;2;1;11375;2129;5;Professor;387;387;0;Professor;FALSE;wisc;2,81376E+14;0;1;1;1;0;1;FALSE;1;1;0;0;;; ;FALSE
ml1.14;Elaboration enhances the imagined contact effect;Senel Husnu and Richard J. Crisp;2010;Journal of Experimental Social Psychology;46;6;Social;8;92;3,94451E+14;2,31126E+14;33;main effect;-1,03913E+14;2,96224E+14;103;103;6,38378E+13;1,81853E+14;9,87082E+14;United Kingdom;United States;English;English;0;0;credit;credit;students;students;;;;0;ml1;-2,63438E+14;2;1;11375;2129;5;Professor;165;165;1;Professor;FALSE;wku;2,7194E+14;0;1;1;1;0;1;FALSE;1;1;0;0;;; ;FALSE
ml1.14;Elaboration enhances the imagined contact effect;Senel Husnu and Richard J. Crisp;2010;Journal of Experimental Social Psychology;46;6;Social;8;92;3,94451E+14;2,31126E+14;33;main effect;7,14043E+14;5,11038E+13;87;87;6,38378E+13;1,00813E+13;9,70076E+14;United Kingdom;United States;English;English;0;0;credit;credit;students;students;;;;0;ml1;1,81022E+14;2;2;11375;2129;5;Professor;161;270;0;Professor;FALSE;wpi;2,95093E+13;0;1;1;1;0;1;FALSE;1;1;0;0;;; ;FALSE
ml1.15;Math = male, me = female, therefore math $ne$ me.;Brian A. Nosek and Mahzarin R. Banaji and Anthony G. Greenwald;2002;Journal of Personality and Social Psychology;83;1;Social;16;615;4,49859E+14;3191407951;79;main effect;2,44625E+14;2,3781E-66;5842;5842;9,88915E+14;1;1;United States;United States;English;English;0;0;credit;credit;students;students;;;;1;ml1;5,43782E+14;3;51;1,48523E+14;19478;1;Professor;49772;9039;56;Professor;TRUE;;3,66216E+14;1;1;1;1;1;1;FALSE;1;1;0;0;;1;0;FALSE
ml1.15;Math = male, me = female, therefore math $ne$ me.;Brian A. Nosek and Mahzarin R. Banaji and Anthony G. Greenwald;2002;Journal of Personality and Social Psychology;83;1;Social;16;615;4,49859E+14;3191407951;79;main effect;1,80189E+12;5,61587E+14;113;113;9,88915E+14;4,83288E+14;9,9916E+14;United States;Brazil;English;Portuguese;0;0;credit;nothing;students;students;;;;0;ml1;4,00545E+14;3;1;1,48523E+14;19478;1;Professor;107;107;1;Professor;FALSE;brasilia;2,59969E+14;0;0;1;1;1;0;FALSE;1;1;0;0;;1;0;FALSE
ml1.15;Math = male, me = female, therefore math $ne$ me.;Brian A. Nosek and Mahzarin R. Banaji and Anthony G. Greenwald;2002;Journal of Personality and Social Psychology;83;1;Social;16;615;4,49859E+14;3191407951;79;main effect;2,28384E+14;3,44303E+14;86;86;9,88915E+14;5,67015E+14;9,93371E+14;United States;United States;English;English;0;0;credit;credit;students;students;;;;1;ml1;5,0768E+13;3;1;1,48523E+14;19478;1;Professor;197;197;1;Professor;FALSE;conncoll;2,96744E+13;1;1;1;1;1;1;FALSE;1;1;0;0;;1;0;FALSE
ml1.15;Math = male, me = female, therefore math $ne$ me.;Brian A. Nosek and Mahzarin R. Banaji and Anthony G. Greenwald;2002;Journal of Personality and Social Psychology;83;1;Social;16;615;4,49859E+14;3191407951;79;main effect;4,31327E+14;9,68186E+14;88;88;9,88915E+14;5,00023E+14;9,94287E+14;United States;United States;English;English;0;1;credit;;students;online;;;;0;ml1;9,58804E+14;3;1;1,48523E+14;19478;1;Professor;252;252;1;Professor;FALSE;csun;2,9347E+14;1;1;0;0;1;1;FALSE;1;1;0;0;;1;0;FALSE
ml1.15;Math = male, me = female, therefore math $ne$ me.;Brian A. Nosek and Mahzarin R. Banaji and Anthony G. Greenwald;2002;Journal of Personality and Social Psychology;83;1;Social;16;615;4,49859E+14;3191407951;79;main effect;8,58639E+14;4,03017E+14;97;97;9,88915E+14;1,33379E+14;9,97101E+12;United States;Malaysia;English;Malay;0;0;credit;credit;students;students;;;;0;ml1;1,90868E+14;3;1;1,48523E+14;19478;1;Professor;52;52;0;Professor;FALSE;help;2,79968E+14;0;0;1;1;1;0;FALSE;1;1;0;0;;1;0;FALSE
ml1.15;Math = male, me = female, therefore math $ne$ me.;Brian A. Nosek and Mahzarin R. Banaji and Anthony G. Greenwald;2002;Journal of Personality and Social Psychology;83;1;Social;16;615;4,49859E+14;3191407951;79;main effect;2,32811E+14;2,9049E+14;88;88;9,88915E+14;5,93814E+14;9,94287E+14;United States;United States;English;English;0;0;credit;credit;students;students;;;;1;ml1;5,17519E+14;3;1;1,48523E+14;19478;1;Professor;300;300;0;Professor;FALSE;ithaca;2,9347E+14;1;1;1;1;1;1;FALSE;1;1;0;0;;1;0;FALSE
ml1.15;Math = male, me = female, therefore math $ne$ me.;Brian A. Nosek and Mahzarin R. Banaji and Anthony G. Greenwald;2002;Journal of Personality and Social Psychology;83;1;Social;16;615;4,49859E+14;3191407951;79;main effect;3,04744E+14;6221561499;167;167;9,88915E+14;9,81311E+14;9,9999E+13;United States;United States;English;English;0;1;credit;;students;online;;;;1;ml1;6,7742E+14;3;1;1,48523E+14;19478;1;Professor;147;147;0;Professor;FALSE;jmu;2,14785E+14;1;1;0;0;1;1;FALSE;1;1;0;0;;1;0;FALSE
ml1.15;Math = male, me = female, therefore math $ne$ me.;Brian A. Nosek and Mahzarin R. Banaji and Anthony G. Greenwald;2002;Journal of Personality and Social Psychology;83;1;Social;16;615;4,49859E+14;3191407951;79;main effect;3,91657E+14;3603146857;105;105;9,88915E+14;9,8734E+14;9,98432E+14;United States;Turkey;English;Turkish;0;1;credit;;students;online;;;;1;ml1;8,7062E+14;3;1;1,48523E+14;19478;1;Professor;218;218;0;Professor;FALSE;koc;2,69413E+14;0;0;0;0;1;0;FALSE;1;1;0;0;;1;0;FALSE
ml1.15;Math = male, me = female, therefore math $ne$ me.;Brian A. Nosek and Mahzarin R. Banaji and Anthony G. Greenwald;2002;Journal of Personality and Social Psychology;83;1;Social;16;615;4,49859E+14;3191407951;79;main effect;2,8683E+14;5,64027E+14;141;141;9,88915E+14;9,35473E+14;9,99912E+14;United States;United States;English;English;0;0;credit;credit;students;students;;;;1;ml1;6,37599E+14;3;2;1,48523E+14;19478;1;Professor;502;601;5;Professor;FALSE;loyola;2,33345E+14;1;1;1;1;1;1;FALSE;1;1;0;0;;1;0;FALSE
ml1.15;Math = male, me = female, therefore math $ne$ me.;Brian A. Nosek and Mahzarin R. Banaji and Anthony G. Greenwald;2002;Journal of Personality and Social Psychology;83;1;Social;16;615;4,49859E+14;3191407951;79;main effect;3,48368E+14;491751,1938;267;267;9,88915E+14;9,99962E+14;1E+15;United States;United Kingdom;English;English;0;0;credit;cash;students;community;;;;1;ml1;7,74393E+14;3;1;1,48523E+14;19478;1;Professor;169;169;0;Professor;FALSE;lse;1,70484E+14;0;1;1;0;1;0;FALSE;1;1;0;0;;1;0;FALSE
ml1.15;Math = male, me = female, therefore math $ne$ me.;Brian A. Nosek and Mahzarin R. Banaji and Anthony G. Greenwald;2002;Journal of Personality and Social Psychology;83;1;Social;16;615;4,49859E+14;3191407951;79;main effect;2,57115E+14;1,38811E+14;91;91;9,88915E+14;6,98212E+14;9,95436E+14;United States;United States;English;English;0;1;credit;;students;online;;;;1;ml1;5,71545E+14;3;51;1,48523E+14;19478;1;Professor;49772;9039;56;Professor;FALSE;mcdanielonline;2,88751E+14;1;1;0;0;1;1;FALSE;1;1;0;0;;1;0;FALSE
ml1.15;Math = male, me = female, therefore math $ne$ me.;Brian A. Nosek and Mahzarin R. Banaji and Anthony G. Greenwald;2002;Journal of Personality and Social Psychology;83;1;Social;16;615;4,49859E+14;3191407951;79;main effect;1,39234E+14;2,84537E+14;61;61;9,88915E+14;1,88988E+14;9,60489E+14;United States;Canada;English;English;0;0;credit;mixed;students;students;;;;0;ml1;3,09507E+14;3;2;1,48523E+14;19478;1;Professor;2415;431;5;Professor;FALSE;msvu;3,49823E+14;0;1;1;1;1;0;FALSE;1;1;0;0;;1;0;FALSE
ml1.15;Math = male, me = female, therefore math $ne$ me.;Brian A. Nosek and Mahzarin R. Banaji and Anthony G. Greenwald;2002;Journal of Personality and Social Psychology;83;1;Social;16;615;4,49859E+14;3191407951;79;main effect;2,64458E+13;0,090011619;894;894;9,88915E+14;1E+15;1;United States;United States;English;English;0;1;credit;cash;students;online;;;;1;ml1;5,87869E+14;3;1;1,48523E+14;19478;1;Professor;1182;1182;1;Professor;FALSE;mturk;9,35138E+14;1;1;0;0;1;1;FALSE;1;1;0;0;;1;0;FALSE
ml1.15;Math = male, me = female, therefore math $ne$ me.;Brian A. Nosek and Mahzarin R. Banaji and Anthony G. Greenwald;2002;Journal of Personality and Social Psychology;83;1;Social;16;615;4,49859E+14;3191407951;79;main effect;2,66907E+14;3,62579E+14;117;117;9,88915E+14;8,3439E+14;9,99387E+14;United States;United States;English;English;0;0;credit;mixed;students;students;;;;1;ml1;5,93311E+14;3;1;1,48523E+14;19478;1;Professor;401;401;0;Professor;FALSE;occid;2,55575E+14;1;1;1;1;1;1;FALSE;1;1;0;0;;1;0;FALSE
ml1.15;Math = male, me = female, therefore math $ne$ me.;Brian A. Nosek and Mahzarin R. Banaji and Anthony G. Greenwald;2002;Journal of Personality and Social Psychology;83;1;Social;16;615;4,49859E+14;3191407951;79;main effect;2,79427E+13;7,64927E+14;90;90;9,88915E+14;7,67516E+14;9,9508E+14;United States;United States;English;English;0;0;credit;credit;students;students;;;;1;ml1;6,21143E+12;3;2;1,48523E+14;19478;1;Professor;785;105;1;Professor;FALSE;osu;2,90297E+14;1;1;1;1;1;1;FALSE;1;1;0;0;;1;0;FALSE
ml1.15;Math = male, me = female, therefore math $ne$ me.;Brian A. Nosek and Mahzarin R. Banaji and Anthony G. Greenwald;2002;Journal of Personality and Social Psychology;83;1;Social;16;615;4,49859E+14;3191407951;79;main effect;3,41897E+14;5272551334;134;134;9,88915E+14;9,83459E+14;9,99843E+14;United States;Italy;English;Italian;0;1;credit;;students;online;;;;1;ml1;7,6001E+14;3;1;1,48523E+14;19478;1;Professor;115;115;0;Professor;FALSE;padua;2,39238E+13;0;0;0;0;1;0;FALSE;1;1;0;0;;1;0;FALSE
ml1.15;Math = male, me = female, therefore math $ne$ me.;Brian A. Nosek and Mahzarin R. Banaji and Anthony G. Greenwald;2002;Journal of Personality and Social Psychology;83;1;Social;16;615;4,49859E+14;3191407951;79;main effect;9,95555E+14;6,00502E+13;1236;1236;9,88915E+14;1;1;United States;United States;English;English;0;1;credit;nothing;students;online;;;;0;ml1;2,21304E+14;3;1;1,48523E+14;19478;1;Professor;52;52;1;Professor;FALSE;pi;7,96139E+14;1;1;0;0;1;1;FALSE;1;1;0;0;;1;0;FALSE
ml1.15;Math = male, me = female, therefore math $ne$ me.;Brian A. Nosek and Mahzarin R. Banaji and Anthony G. Greenwald;2002;Journal of Personality and Social Psychology;83;1;Social;16;615;4,49859E+14;3191407951;79;main effect;2,08654E+13;4,9731E+14;89;89;9,88915E+14;5,05355E+14;9,94698E+13;United States;United States;English;English;0;0;credit;credit;students;students;;;;1;ml1;4,63822E+14;3;1;1,48523E+14;19478;1;Professor;375;375;1;Professor;FALSE;psu;2,91873E+14;1;1;1;1;1;1;FALSE;1;1;0;0;;1;0;FALSE
ml1.15;Math = male, me = female, therefore math $ne$ me.;Brian A. Nosek and Mahzarin R. Banaji and Anthony G. Greenwald;2002;Journal of Personality and Social Psychology;83;1;Social;16;615;4,49859E+14;3191407951;79;main effect;3,52298E+13;1,67662E+14;77;77;9,88915E+14;8,89605E+14;9,87185E+14;United States;United States;English;English;0;0;credit;credit;students;students;;;;1;ml1;7,8313E+14;3;1;1,48523E+14;19478;1;Professor;801;801;1;Professor;FALSE;psuabington;3,12962E+14;1;1;1;1;1;1;FALSE;1;1;0;0;;1;0;FALSE
ml1.15;Math = male, me = female, therefore math $ne$ me.;Brian A. Nosek and Mahzarin R. Banaji and Anthony G. Greenwald;2002;Journal of Personality and Social Psychology;83;1;Social;16;615;4,49859E+14;3191407951;79;main effect;1,2788E+14;2,21867E+14;93;93;9,88915E+14;2,31893E+14;9,96074E+14;United States;United States;English;English;0;0;credit;credit;students;students;;;;0;ml1;2,84268E+14;3;1;1,48523E+14;19478;1;Professor;440;440;0;Professor;FALSE;qccuny;2,85732E+13;1;1;1;1;1;1;FALSE;1;1;0;0;;1;0;FALSE
ml1.15;Math = male, me = female, therefore math $ne$ me.;Brian A. Nosek and Mahzarin R. Banaji and Anthony G. Greenwald;2002;Journal of Personality and Social Psychology;83;1;Social;16;615;4,49859E+14;3191407951;79;main effect;;;;;9,88915E+14;;;United States;United States;English;English;0;0;credit;credit;students;students;;;;;ml1;;3;1;1,48523E+14;19478;1;Professor;636;636;1;Professor;FALSE;qccuny2;;1;1;1;1;1;1;FALSE;1;1;0;0;;1;0;FALSE
ml1.15;Math = male, me = female, therefore math $ne$ me.;Brian A. Nosek and Mahzarin R. Banaji and Anthony G. Greenwald;2002;Journal of Personality and Social Psychology;83;1;Social;16;615;4,49859E+14;3191407951;79;main effect;1,93533E+14;1,58297E+14;155;155;9,88915E+14;6,78471E+12;9,99972E+14;United States;United States;English;English;0;0;credit;credit;students;students;;;;1;ml1;4,30207E+14;3;1;1,48523E+14;19478;1;Professor;1359;1359;1;Professor;FALSE;sandiegosu;2,2278E+14;1;1;1;1;1;1;FALSE;1;1;0;0;;1;0;FALSE
ml1.15;Math = male, me = female, therefore math $ne$ me.;Brian A. Nosek and Mahzarin R. Banaji and Anthony G. Greenwald;2002;Journal of Personality and Social Psychology;83;1;Social;16;615;4,49859E+14;3191407951;79;main effect;3,84624E+14;4,27369E+14;80;80;9,88915E+14;9,4714E+14;9,89694E+14;United States;Czech Republic;English;Czech;0;0;credit;mixed;students;students;;;;1;ml1;8,54988E+14;3;2;1,48523E+14;19478;1;Professor;90;114;1;Professor;FALSE;seznam;3,07264E+14;0;0;1;1;1;0;FALSE;1;1;0;0;;1;0;FALSE
ml1.15; ;Brian A. Nosek and Mahzarin R. Banaji and Anthony G. Greenwald;2002;Journal of Personality and Social Psychology;83;1;Social;16;615;4,49859E+14;3191407951;79;main effect;1,96065E+14;8,96123E+14;76;76;9,88915E+14;4,0009E+13;9,86225E+14;United States;Poland;English;Polish;0;0;credit;credit;students;students;;;;0;ml1;4,35837E+14;3;51;1,48523E+14;19478;1;Professor;49772;9039;56;Professor;FALSE;swps;3,14933E+14;0;0;1;1;1;0;FALSE;1;1;0;0;;1;0;FALSE
ml1.15;Math = male, me = female, therefore math $ne$ me.;Brian A. Nosek and Mahzarin R. Banaji and Anthony G. Greenwald;2002;Journal of Personality and Social Psychology;83;1;Social;16;615;4,49859E+14;3191407951;79;main effect;2,65089E+14;5,79546E+14;165;165;9,88915E+14;9,33975E+14;9,99988E+14;United States;Poland;English;Polish;0;1;credit;nothing;students;online;;;;1;ml1;5,8927E+14;3;51;1,48523E+14;19478;1;Professor;49772;9039;56;Professor;FALSE;swpson;2,16058E+14;0;0;0;0;1;0;FALSE;1;1;0;0;;1;0;FALSE
ml1.15;Math = male, me = female, therefore math $ne$ me.;Brian A. Nosek and Mahzarin R. Banaji and Anthony G. Greenwald;2002;Journal of Personality and Social Psychology;83;1;Social;16;615;4,49859E+14;3191407951;79;main effect;1,84679E+14;1,3329E+14;179;179;9,88915E+14;7,00087E+14;9,99996E+14;United States;United States;English;English;0;0;credit;credit;students;students;;;;1;ml1;4,10527E+14;3;51;1,48523E+14;19478;1;Professor;49772;9039;56;Professor;FALSE;tamu;2,0759E+14;1;1;1;1;1;1;FALSE;1;1;0;0;;1;0;FALSE
ml1.15;Math = male, me = female, therefore math $ne$ me.;Brian A. Nosek and Mahzarin R. Banaji and Anthony G. Greenwald;2002;Journal of Personality and Social Psychology;83;1;Social;16;615;4,49859E+14;3191407951;79;main effect;2,48185E+14;2,28273E+12;84;84;9,88915E+14;6,30509E+14;9,92315E+14;United States;United States;English;English;0;0;credit;credit;students;students;;;;1;ml1;5,51695E+14;3;2;1,48523E+14;19478;1;Professor;1315;211;0;Professor;FALSE;tamuc;3,0013E+14;1;1;1;1;1;1;FALSE;1;1;0;0;;1;0;FALSE
ml1.15;Math = male, me = female, therefore math $ne$ me.;Brian A. Nosek and Mahzarin R. Banaji and Anthony G. Greenwald;2002;Journal of Personality and Social Psychology;83;1;Social;16;615;4,49859E+14;3191407951;79;main effect;4,87134E+14;4,84717E+14;208;208;9,88915E+14;1,07573E+14;1E+15;United States;United States;English;English;0;1;credit;;students;online;;;;0;ml1;1,08286E+14;3;51;1,48523E+14;19478;1;Professor;49772;9039;56;Professor;FALSE;tamuon;1,92806E+14;1;1;0;0;1;1;FALSE;1;1;0;0;;1;0;FALSE
ml1.15;Math = male, me = female, therefore math $ne$ me.;Brian A. Nosek and Mahzarin R. Banaji and Anthony G. Greenwald;2002;Journal of Personality and Social Psychology;83;1;Social;16;615;4,49859E+14;3191407951;79;main effect;4,69783E+14;6,82959E+14;78;78;9,88915E+14;6,91987E+14;9,8808E+14;United States;Netherlands;English;Dutch;0;0;credit;credit;students;students;;;;0;ml1;1,04429E+14;3;4;1,48523E+14;19478;1;Professor;33925;509;75;Professor;FALSE;tilburg;3,11028E+14;0;0;1;1;1;0;FALSE;1;1;0;0;;1;0;FALSE
ml1.15;Math = male, me = female, therefore math $ne$ me.;Brian A. Nosek and Mahzarin R. Banaji and Anthony G. Greenwald;2002;Journal of Personality and Social Psychology;83;1;Social;16;615;4,49859E+14;3191407951;79;main effect;2,92315E+14;9,39955E+14;125;125;9,88915E+14;9,15848E+14;9,99676E+14;United States;United States;English;English;0;0;credit;credit;students;students;;;;1;ml1;6,49792E+14;3;1;1,48523E+14;19478;1;Professor;167;167;0;Professor;FALSE;ufl;2,47497E+14;1;1;1;1;1;1;FALSE;1;1;0;0;;1;0;FALSE
ml1.15;Math = male, me = female, therefore math $ne$ me.;Brian A. Nosek and Mahzarin R. Banaji and Anthony G. Greenwald;2002;Journal of Personality and Social Psychology;83;1;Social;16;615;4,49859E+14;3191407951;79;main effect;4,66681E+14;1125770040;81;81;9,88915E+14;9,94319E+11;9,9042E+13;United States;United States;English;English;0;0;credit;credit;students;students;;;;1;ml1;1,03739E+14;3;1;1,48523E+14;19478;1;Professor;161;161;0;Professor;FALSE;uva;3,05433E+14;1;1;1;1;1;1;FALSE;1;1;0;0;;1;0;FALSE
ml1.15;Math = male, me = female, therefore math $ne$ me.;Brian A. Nosek and Mahzarin R. Banaji and Anthony G. Greenwald;2002;Journal of Personality and Social Psychology;83;1;Social;16;615;4,49859E+14;3191407951;79;main effect;3,12218E+14;1,48012E+14;101;101;9,88915E+14;8,94659E+14;9,97865E+13;United States;United States;English;English;0;0;credit;credit;students;students;;;;1;ml1;6,94036E+14;3;2;1,48523E+14;19478;1;Professor;123;194;5;Professor;FALSE;vcu;2,74538E+14;1;1;1;1;1;1;FALSE;1;1;0;0;;1;0;FALSE
ml1.15;Math = male, me = female, therefore math $ne$ me.;Brian A. Nosek and Mahzarin R. Banaji and Anthony G. Greenwald;2002;Journal of Personality and Social Psychology;83;1;Social;16;615;4,49859E+14;3191407951;79;main effect;3,40923E+14;7,49727E+14;90;90;9,88915E+14;6,1602E+14;9,9508E+14;United States;United States;English;English;0;0;credit;mixed;students;students;;;;0;ml1;7,57843E+13;3;1;1,48523E+14;19478;1;Professor;213;213;0;Professor;FALSE;washlee;2,90297E+14;1;1;1;1;1;1;FALSE;1;1;0;0;;1;0;FALSE
ml1.15;Math = male, me = female, therefore math $ne$ me.;Brian A. Nosek and Mahzarin R. Banaji and Anthony G. Greenwald;2002;Journal of Personality and Social Psychology;83;1;Social;16;615;4,49859E+14;3191407951;79;main effect;4,38264E+14;209716525,1;108;108;9,88915E+14;9,9799E+14;9,98758E+14;United States;Canada;English;English;0;0;credit;credit;students;students;;;;1;ml1;9,74225E+14;3;1;1,48523E+14;19478;1;Professor;66;66;1;Professor;FALSE;wilfredlaur;2,65752E+13;0;1;1;1;1;0;FALSE;1;1;0;0;;1;0;FALSE
ml1.15;Math = male, me = female, therefore math $ne$ me.;Brian A. Nosek and Mahzarin R. Banaji and Anthony G. Greenwald;2002;Journal of Personality and Social Psychology;83;1;Social;16;615;4,49859E+14;3191407951;79;main effect;3,10358E+14;2,75346E+14;91;91;9,88915E+14;8,56655E+14;9,95436E+14;United States;United States;English;English;0;0;credit;credit;students;students;;;;1;ml1;6,899E+14;3;1;1,48523E+14;19478;1;Professor;387;387;0;Professor;FALSE;wisc;2,88751E+14;1;1;1;1;1;1;FALSE;1;1;0;0;;1;0;FALSE
ml1.15;Math = male, me = female, therefore math $ne$ me.;Brian A. Nosek and Mahzarin R. Banaji and Anthony G. Greenwald;2002;Journal of Personality and Social Psychology;83;1;Social;16;615;4,49859E+14;3191407951;79;main effect;1,50691E+14;1,44937E+14;95;95;9,88915E+14;3,09817E+14;9,96625E+13;United States;United States;English;English;0;0;credit;credit;students;students;;;;0;ml1;3,34974E+14;3;1;1,48523E+14;19478;1;Professor;165;165;1;Professor;FALSE;wku;2,82806E+14;1;1;1;1;1;1;FALSE;1;1;0;0;;1;0;FALSE
ml1.15;Math = male, me = female, therefore math $ne$ me.;Brian A. Nosek and Mahzarin R. Banaji and Anthony G. Greenwald;2002;Journal of Personality and Social Psychology;83;1;Social;16;615;4,49859E+14;3191407951;79;main effect;2,57187E+14;1,81905E+14;84;84;9,88915E+14;6,6284E+14;9,92315E+14;United States;United States;English;English;0;0;credit;credit;students;students;;;;1;ml1;5,71706E+14;3;2;1,48523E+14;19478;1;Professor;161;270;0;Professor;FALSE;wpi;3,0013E+14;1;1;1;1;1;1;FALSE;1;1;0;0;;1;0;FALSE
ml1.16;Math = male, me = female, therefore math $ne$ me.;Brian A. Nosek and Mahzarin R. Banaji and Anthony G. Greenwald;2002;Journal of Personality and Social Psychology;83;1;Social;16;615;42;404,4577039;243;correlation;38;1,2806E-183;5623;5623;1E+15;1;1;United States;United States;English;English;0;0;credit;credit;students;students;;;;1;ml1;9,04762E+14;3;51;1,48523E+14;19478;1;Professor;49772;9039;56;Professor;TRUE;;3,73281E+13;1;1;1;1;1;1;FALSE;1;1;0;0;;1;0;FALSE
ml1.16;Math = male, me = female, therefore math $ne$ me.;Brian A. Nosek and Mahzarin R. Banaji and Anthony G. Greenwald;2002;Journal of Personality and Social Psychology;83;1;Social;16;615;42;404,4577039;243;correlation;44;7564051,054;111;111;1E+15;9,98497E+14;9,96648E+14;United States;Brazil;English;Portuguese;0;0;credit;nothing;students;students;;;;1;ml1;1,04762E+14;3;1;1,48523E+14;19478;1;Professor;107;107;1;Professor;FALSE;brasilia;2,62236E+14;0;0;1;1;1;0;FALSE;1;1;0;0;;1;0;FALSE
ml1.16;Math = male, me = female, therefore math $ne$ me.;Brian A. Nosek and Mahzarin R. Banaji and Anthony G. Greenwald;2002;Journal of Personality and Social Psychology;83;1;Social;16;615;42;404,4577039;243;correlation;5;9209104,724;84;84;1E+15;9,98691E+13;9,8171E+14;United States;United States;English;English;0;0;credit;credit;students;students;;;;1;ml1;1,19048E+14;3;1;1,48523E+14;19478;1;Professor;197;197;1;Professor;FALSE;conncoll;3,0013E+14;1;1;1;1;1;1;FALSE;1;1;0;0;;1;0;FALSE
ml1.16;Math = male, me = female, therefore math $ne$ me.;Brian A. Nosek and Mahzarin R. Banaji and Anthony G. Greenwald;2002;Journal of Personality and Social Psychology;83;1;Social;16;615;42;404,4577039;243;correlation;19;9,01209E+14;85;85;1E+15;4,17078E+14;9,82789E+14;United States;United States;English;English;0;1;credit;;students;online;;;;0;ml1;4,52381E+14;3;1;1,48523E+14;19478;1;Professor;252;252;1;Professor;FALSE;csun;2,98422E+14;1;1;0;0;1;1;FALSE;1;1;0;0;;1;0;FALSE
ml1.16;Math = male, me = female, therefore math $ne$ me.;Brian A. Nosek and Mahzarin R. Banaji and Anthony G. Greenwald;2002;Journal of Personality and Social Psychology;83;1;Social;16;615;42;404,4577039;243;correlation;34;7,51825E+14;93;93;1E+15;9,21512E+14;9,89484E+14;United States;Malaysia;English;Malay;0;0;credit;credit;students;students;;;;1;ml1;8,09524E+13;3;1;1,48523E+14;19478;1;Professor;52;52;0;Professor;FALSE;help;2,85732E+13;0;0;1;1;1;0;FALSE;1;1;0;0;;1;0;FALSE
ml1.16;Math = male, me = female, therefore math $ne$ me.;Brian A. Nosek and Mahzarin R. Banaji and Anthony G. Greenwald;2002;Journal of Personality and Social Psychology;83;1;Social;16;615;42;404,4577039;243;correlation;39;2,30278E+14;83;83;1E+15;9,59326E+14;9,80566E+14;United States;United States;English;English;0;0;credit;credit;students;students;;;;1;ml1;9,28571E+14;3;1;1,48523E+14;19478;1;Professor;300;300;0;Professor;FALSE;ithaca;3,01867E+14;1;1;1;1;1;1;FALSE;1;1;0;0;;1;0;FALSE
ml1.16;Math = male, me = female, therefore math $ne$ me.;Brian A. Nosek and Mahzarin R. Banaji and Anthony G. Greenwald;2002;Journal of Personality and Social Psychology;83;1;Social;16;615;42;404,4577039;243;correlation;5;863,6549596;159;159;1E+15;1E+15;9,99868E+14;United States;United States;English;English;0;1;credit;;students;online;;;;1;ml1;1,19048E+14;3;1;1,48523E+14;19478;1;Professor;147;147;0;Professor;FALSE;jmu;2,20017E+14;1;1;0;0;1;1;FALSE;1;1;0;0;;1;0;FALSE
ml1.16;Math = male, me = female, therefore math $ne$ me.;Brian A. Nosek and Mahzarin R. Banaji and Anthony G. Greenwald;2002;Journal of Personality and Social Psychology;83;1;Social;16;615;42;404,4577039;243;correlation;29;3,23111E+14;101;101;1E+15;8,4344E+14;9,93638E+14;United States;Turkey;English;Turkish;0;1;credit;;students;online;;;;1;ml1;6,90476E+13;3;1;1,48523E+14;19478;1;Professor;218;218;0;Professor;FALSE;koc;2,74538E+14;0;0;0;0;1;0;FALSE;1;1;0;0;;1;0;FALSE
ml1.16;Math = male, me = female, therefore math $ne$ me.;Brian A. Nosek and Mahzarin R. Banaji and Anthony G. Greenwald;2002;Journal of Personality and Social Psychology;83;1;Social;16;615;42;404,4577039;243;correlation;45;4885814,611;131;131;1E+15;9,99802E+14;9,99103E+14;United States;United States;English;English;0;0;credit;credit;students;students;;;;1;ml1;1,07143E+14;3;2;1,48523E+14;19478;1;Professor;502;601;5;Professor;FALSE;loyola;2,41898E+14;1;1;1;1;1;1;FALSE;1;1;0;0;;1;0;FALSE
ml1.16;Math = male, me = female, therefore math $ne$ me.;Brian A. Nosek and Mahzarin R. Banaji and Anthony G. Greenwald;2002;Journal of Personality and Social Psychology;83;1;Social;16;615;42;404,4577039;243;correlation;36;11620,79351;259;259;1E+15;9,99978E+13;1E+15;United States;United Kingdom;English;English;0;0;credit;cash;students;community;;;;1;ml1;8,57143E+14;3;1;1,48523E+14;19478;1;Professor;169;169;0;Professor;FALSE;lse;1,73028E+14;0;1;1;0;1;0;FALSE;1;1;0;0;;1;0;FALSE
ml1.16;Math = male, me = female, therefore math $ne$ me.;Brian A. Nosek and Mahzarin R. Banaji and Anthony G. Greenwald;2002;Journal of Personality and Social Psychology;83;1;Social;16;615;42;404,4577039;243;correlation;42;44855576,56;87;87;1E+15;9,84768E+14;9,84768E+14;United States;United States;English;English;0;1;credit;;students;online;;;;1;ml1;1;3;51;1,48523E+14;19478;1;Professor;49772;9039;56;Professor;FALSE;mcdanielonline;2,95093E+13;1;1;0;0;1;1;FALSE;1;1;0;0;;1;0;FALSE
ml1.16;Math = male, me = female, therefore math $ne$ me.;Brian A. Nosek and Mahzarin R. Banaji and Anthony G. Greenwald;2002;Journal of Personality and Social Psychology;83;1;Social;16;615;42;404,4577039;243;correlation;46;1,9464E+14;58;58;1E+15;9,60438E+14;9,17004E+14;United States;Canada;English;English;0;0;credit;mixed;students;students;;;;1;ml1;1,09524E+13;3;2;1,48523E+14;19478;1;Professor;2415;431;5;Professor;FALSE;msvu;3,5833E+14;0;1;1;1;1;0;FALSE;1;1;0;0;;1;0;FALSE
ml1.16;Math = male, me = female, therefore math $ne$ me.;Brian A. Nosek and Mahzarin R. Banaji and Anthony G. Greenwald;2002;Journal of Personality and Social Psychology;83;1;Social;16;615;42;404,4577039;243;correlation;33;2,92168E-09;871;871;1E+15;1;1;United States;United States;English;English;0;1;credit;cash;students;online;;;;1;ml1;7,85714E+14;3;1;1,48523E+14;19478;1;Professor;1182;1182;1;Professor;FALSE;mturk;9,47509E+14;1;1;0;0;1;1;FALSE;1;1;0;0;;1;0;FALSE
ml1.16;Math = male, me = female, therefore math $ne$ me.;Brian A. Nosek and Mahzarin R. Banaji and Anthony G. Greenwald;2002;Journal of Personality and Social Psychology;83;1;Social;16;615;42;404,4577039;243;correlation;39;2682932530;110;110;1E+15;9,89748E+14;9,96424E+14;United States;United States;English;English;0;0;credit;mixed;students;students;;;;1;ml1;9,28571E+14;3;1;1,48523E+14;19478;1;Professor;401;401;0;Professor;FALSE;occid;2,63393E+14;1;1;1;1;1;1;FALSE;1;1;0;0;;1;0;FALSE
ml1.16;Math = male, me = female, therefore math $ne$ me.;Brian A. Nosek and Mahzarin R. Banaji and Anthony G. Greenwald;2002;Journal of Personality and Social Psychology;83;1;Social;16;615;42;404,4577039;243;correlation;25;1,82523E+14;87;87;1E+15;6,52734E+14;9,84768E+14;United States;United States;English;English;0;0;credit;credit;students;students;;;;1;ml1;5,95238E+14;3;2;1,48523E+14;19478;1;Professor;785;105;1;Professor;FALSE;osu;2,95093E+13;1;1;1;1;1;1;FALSE;1;1;0;0;;1;0;FALSE
ml1.16;Math = male, me = female, therefore math $ne$ me.;Brian A. Nosek and Mahzarin R. Banaji and Anthony G. Greenwald;2002;Journal of Personality and Social Psychology;83;1;Social;16;615;42;404,4577039;243;correlation;48;43452,48324;129;129;1E+15;9,99958E+14;9,98974E+14;United States;Italy;English;Italian;0;1;credit;;students;online;;;;1;ml1;1,14286E+14;3;1;1,48523E+14;19478;1;Professor;115;115;0;Professor;FALSE;padua;2,43722E+14;0;0;0;0;1;0;FALSE;1;1;0;0;;1;0;FALSE
ml1.16;Math = male, me = female, therefore math $ne$ me.;Brian A. Nosek and Mahzarin R. Banaji and Anthony G. Greenwald;2002;Journal of Personality and Social Psychology;83;1;Social;16;615;42;404,4577039;243;correlation;35;4,98192E-22;1179;1179;1E+15;1;1;United States;United States;English;English;0;1;credit;nothing;students;online;;;;1;ml1;8,33333E+14;3;1;1,48523E+14;19478;1;Professor;52;52;1;Professor;FALSE;pi;8,1455E+14;1;1;0;0;1;1;FALSE;1;1;0;0;;1;0;FALSE
ml1.16;Math = male, me = female, therefore math $ne$ me.;Brian A. Nosek and Mahzarin R. Banaji and Anthony G. Greenwald;2002;Journal of Personality and Social Psychology;83;1;Social;16;615;42;404,4577039;243;correlation;4;1,41504E+14;86;86;1E+15;9,7254E+14;9,83808E+14;United States;United States;English;English;0;0;credit;credit;students;students;;;;1;ml1;9,52381E+14;3;1;1,48523E+14;19478;1;Professor;375;375;1;Professor;FALSE;psu;2,96744E+13;1;1;1;1;1;1;FALSE;1;1;0;0;;1;0;FALSE
ml1.16;Math = male, me = female, therefore math $ne$ me.;Brian A. Nosek and Mahzarin R. Banaji and Anthony G. Greenwald;2002;Journal of Personality and Social Psychology;83;1;Social;16;615;42;404,4577039;243;correlation;19;1,00831E+13;75;75;1E+15;3,75077E+14;9,68635E+14;United States;United States;English;English;0;0;credit;credit;students;students;;;;0;ml1;4,52381E+14;3;1;1,48523E+14;19478;1;Professor;801;801;1;Professor;FALSE;psuabington;3,16942E+13;1;1;1;1;1;1;FALSE;1;1;0;0;;1;0;FALSE
ml1.16;Math = male, me = female, therefore math $ne$ me.;Brian A. Nosek and Mahzarin R. Banaji and Anthony G. Greenwald;2002;Journal of Personality and Social Psychology;83;1;Social;16;615;42;404,4577039;243;correlation;43;1283126494;93;93;1E+15;9,92318E+14;9,89484E+14;United States;United States;English;English;0;0;credit;credit;students;students;;;;1;ml1;1,02381E+14;3;1;1,48523E+14;19478;1;Professor;440;440;0;Professor;FALSE;qccuny;2,85732E+13;1;1;1;1;1;1;FALSE;1;1;0;0;;1;0;FALSE
ml1.16;Math = male, me = female, therefore math $ne$ me.;Brian A. Nosek and Mahzarin R. Banaji and Anthony G. Greenwald;2002;Journal of Personality and Social Psychology;83;1;Social;16;615;42;404,4577039;243;correlation;;;;;1E+15;;;United States;United States;English;English;0;0;credit;credit;students;students;;;;;ml1;;3;1;1,48523E+14;19478;1;Professor;636;636;1;Professor;FALSE;qccuny2;;1;1;1;1;1;1;FALSE;1;1;0;0;;1;0;FALSE
ml1.16;Math = male, me = female, therefore math $ne$ me.;Brian A. Nosek and Mahzarin R. Banaji and Anthony G. Greenwald;2002;Journal of Personality and Social Psychology;83;1;Social;16;615;42;404,4577039;243;correlation;35;1296579053;149;149;1E+15;9,93227E+14;9,99736E+14;United States;United States;English;English;0;0;credit;credit;students;students;;;;1;ml1;8,33333E+14;3;1;1,48523E+14;19478;1;Professor;1359;1359;1;Professor;FALSE;sandiegosu;2,27126E+14;1;1;1;1;1;1;FALSE;1;1;0;0;;1;0;FALSE
ml1.16;Math = male, me = female, therefore math $ne$ me.;Brian A. Nosek and Mahzarin R. Banaji and Anthony G. Greenwald;2002;Journal of Personality and Social Psychology;83;1;Social;16;615;42;404,4577039;243;correlation;28;1,15079E+14;79;79;1E+15;7,12917E+14;9,75274E+13;United States;Czech Republic;English;Czech;0;0;credit;mixed;students;students;;;;1;ml1;6,66667E+14;3;2;1,48523E+14;19478;1;Professor;90;114;1;Professor;FALSE;seznam;3,09129E+14;0;0;1;1;1;0;FALSE;1;1;0;0;;1;0;FALSE
ml1.16;Math = male, me = female, therefore math $ne$ me.;Brian A. Nosek and Mahzarin R. Banaji and Anthony G. Greenwald;2002;Journal of Personality and Social Psychology;83;1;Social;16;615;42;404,4577039;243;correlation;3;9,608E+14;73;73;1E+15;7,40614E+14;9,64715E+14;United States;Poland;English;Polish;0;0;credit;credit;students;students;;;;1;ml1;7,14286E+14;3;51;1,48523E+14;19478;1;Professor;49772;9039;56;Professor;FALSE;swps;3,21077E+13;0;0;1;1;1;0;FALSE;1;1;0;0;;1;0;FALSE
ml1.16;Math = male, me = female, therefore math $ne$ me.;Brian A. Nosek and Mahzarin R. Banaji and Anthony G. Greenwald;2002;Journal of Personality and Social Psychology;83;1;Social;16;615;42;404,4577039;243;correlation;42;2349610,719;162;162;1E+15;9,99893E+14;9,99893E+14;United States;Poland;English;Polish;0;1;credit;nothing;students;online;;;;1;ml1;1;3;51;1,48523E+14;19478;1;Professor;49772;9039;56;Professor;FALSE;swpson;2,18011E+13;0;0;0;0;1;0;FALSE;1;1;0;0;;1;0;FALSE
ml1.16;Math = male, me = female, therefore math $ne$ me.;Brian A. Nosek and Mahzarin R. Banaji and Anthony G. Greenwald;2002;Journal of Personality and Social Psychology;83;1;Social;16;615;42;404,4577039;243;correlation;29;75372016,03;175;175;1E+15;9,75342E+13;9,99957E+14;United States;United States;English;English;0;0;credit;credit;students;students;;;;1;ml1;6,90476E+13;3;51;1,48523E+14;19478;1;Professor;49772;9039;56;Professor;FALSE;tamu;2,09908E+14;1;1;1;1;1;1;FALSE;1;1;0;0;;1;0;FALSE
ml1.16;Math = male, me = female, therefore math $ne$ me.;Brian A. Nosek and Mahzarin R. Banaji and Anthony G. Greenwald;2002;Journal of Personality and Social Psychology;83;1;Social;16;615;42;404,4577039;243;correlation;32;3,75167E+14;82;82;1E+15;8,42233E+14;9,79354E+14;United States;United States;English;English;0;0;credit;credit;students;students;;;;1;ml1;7,61905E+14;3;2;1,48523E+14;19478;1;Professor;1315;211;0;Professor;FALSE;tamuc;3,03634E+13;1;1;1;1;1;1;FALSE;1;1;0;0;;1;0;FALSE
ml1.16;Math = male, me = female, therefore math $ne$ me.;Brian A. Nosek and Mahzarin R. Banaji and Anthony G. Greenwald;2002;Journal of Personality and Social Psychology;83;1;Social;16;615;42;404,4577039;243;correlation;46;706,9556027;197;197;1E+15;1E+15;9,99991E+14;United States;United States;English;English;0;1;credit;;students;online;;;;1;ml1;1,09524E+13;3;51;1,48523E+14;19478;1;Professor;49772;9039;56;Professor;FALSE;tamuon;1,98043E+14;1;1;0;0;1;1;FALSE;1;1;0;0;;1;0;FALSE
ml1.16;Math = male, me = female, therefore math $ne$ me.;Brian A. Nosek and Mahzarin R. Banaji and Anthony G. Greenwald;2002;Journal of Personality and Social Psychology;83;1;Social;16;615;42;404,4577039;243;correlation;34;2,81929E+14;76;76;1E+15;8,60592E+14;9,70437E+14;United States;Netherlands;English;Dutch;0;0;credit;credit;students;students;;;;1;ml1;8,09524E+13;3;4;1,48523E+14;19478;1;Professor;33925;509;75;Professor;FALSE;tilburg;3,14933E+14;0;0;1;1;1;0;FALSE;1;1;0;0;;1;0;FALSE
ml1.16;Math = male, me = female, therefore math $ne$ me.;Brian A. Nosek and Mahzarin R. Banaji and Anthony G. Greenwald;2002;Journal of Personality and Social Psychology;83;1;Social;16;615;42;404,4577039;243;correlation;6;0,356518395;123;123;1E+15;1E+15;9,98472E+14;United States;United States;English;English;0;0;credit;credit;students;students;;;;1;ml1;1,42857E+14;3;1;1,48523E+14;19478;1;Professor;167;167;0;Professor;FALSE;ufl;2,49454E+14;1;1;1;1;1;1;FALSE;1;1;0;0;;1;0;FALSE
ml1.16;Math = male, me = female, therefore math $ne$ me.;Brian A. Nosek and Mahzarin R. Banaji and Anthony G. Greenwald;2002;Journal of Personality and Social Psychology;83;1;Social;16;615;42;404,4577039;243;correlation;54;1467202,085;78;78;1E+15;9,99518E+14;9,73752E+14;United States;United States;English;English;0;0;credit;credit;students;students;;;;1;ml1;1,28571E+14;3;1;1,48523E+14;19478;1;Professor;161;161;0;Professor;FALSE;uva;3,11028E+14;1;1;1;1;1;1;FALSE;1;1;0;0;;1;0;FALSE
ml1.16;Math = male, me = female, therefore math $ne$ me.;Brian A. Nosek and Mahzarin R. Banaji and Anthony G. Greenwald;2002;Journal of Personality and Social Psychology;83;1;Social;16;615;42;404,4577039;243;correlation;43;1144728597;96;96;1E+15;9,93711E+14;9,91281E+14;United States;United States;English;English;0;0;credit;credit;students;students;;;;1;ml1;1,02381E+14;3;2;1,48523E+14;19478;1;Professor;123;194;5;Professor;FALSE;vcu;2,81376E+14;1;1;1;1;1;1;FALSE;1;1;0;0;;1;0;FALSE
ml1.16;Math = male, me = female, therefore math $ne$ me.;Brian A. Nosek and Mahzarin R. Banaji and Anthony G. Greenwald;2002;Journal of Personality and Social Psychology;83;1;Social;16;615;42;404,4577039;243;correlation;31;3,37184E+14;89;89;1E+15;8,47897E+14;9,86529E+14;United States;United States;English;English;0;0;credit;mixed;students;students;;;;1;ml1;7,38095E+14;3;1;1,48523E+14;19478;1;Professor;213;213;0;Professor;FALSE;washlee;2,91873E+14;1;1;1;1;1;1;FALSE;1;1;0;0;;1;0;FALSE
ml1.16;Math = male, me = female, therefore math $ne$ me.;Brian A. Nosek and Mahzarin R. Banaji and Anthony G. Greenwald;2002;Journal of Personality and Social Psychology;83;1;Social;16;615;42;404,4577039;243;correlation;39;6028054169;99;99;1E+15;9,81823E+14;9,9278E+14;United States;Canada;English;English;0;0;credit;credit;students;students;;;;1;ml1;9,28571E+14;3;1;1,48523E+14;19478;1;Professor;66;66;1;Professor;FALSE;wilfredlaur;2,77213E+14;0;1;1;1;1;0;FALSE;1;1;0;0;;1;0;FALSE
ml1.16;Math = male, me = female, therefore math $ne$ me.;Brian A. Nosek and Mahzarin R. Banaji and Anthony G. Greenwald;2002;Journal of Personality and Social Psychology;83;1;Social;16;615;42;404,4577039;243;correlation;55;182067,0123;87;87;1E+15;9,99906E+14;9,84768E+14;United States;United States;English;English;0;0;credit;credit;students;students;;;;1;ml1;1,30952E+14;3;1;1,48523E+14;19478;1;Professor;387;387;0;Professor;FALSE;wisc;2,95093E+13;1;1;1;1;1;1;FALSE;1;1;0;0;;1;0;FALSE
ml1.16;Math = male, me = female, therefore math $ne$ me.;Brian A. Nosek and Mahzarin R. Banaji and Anthony G. Greenwald;2002;Journal of Personality and Social Psychology;83;1;Social;16;615;42;404,4577039;243;correlation;37;2,90536E+14;89;89;1E+15;9,51552E+14;9,86529E+14;United States;United States;English;English;0;0;credit;credit;students;students;;;;1;ml1;8,80952E+14;3;1;1,48523E+14;19478;1;Professor;165;165;1;Professor;FALSE;wku;2,91873E+14;1;1;1;1;1;1;FALSE;1;1;0;0;;1;0;FALSE
ml1.16;Math = male, me = female, therefore math $ne$ me.;Brian A. Nosek and Mahzarin R. Banaji and Anthony G. Greenwald;2002;Journal of Personality and Social Psychology;83;1;Social;16;615;42;404,4577039;243;correlation;32;3,28688E+14;80;80;1E+15;8,33053E+14;9,76712E+13;United States;United States;English;English;0;0;credit;credit;students;students;;;;1;ml1;7,61905E+14;3;2;1,48523E+14;19478;1;Professor;161;270;0;Professor;FALSE;wpi;3,07264E+14;1;1;1;1;1;1;FALSE;1;1;0;0;;1;0;FALSE
ml1.2;The framing of decisions and the psychology of choice;A Tversky and D Kahneman;1981;Science;211;4481;Cognitive;6;13010;32;736139,2025;307;main effect;2,86962E+14;2,5691E-100;6271;6271;9,99936E+14;1;1;United States;United States;English;English;0;0;cash;credit;students;students;;;;1;ml1;8,96757E+14;2;51;44075;45135;1;Professor;49772;9039;56;Professor;TRUE;;3,53523E+14;1;1;1;1;1;1;FALSE;0;0; ;0;;; ;FALSE
ml1.2;The framing of decisions and the psychology of choice;A Tversky and D Kahneman;1981;Science;211;4481;Cognitive;6;13010;32;736139,2025;307;main effect;2,56608E+14;5,3121E+14;118;118;9,99936E+14;8,06578E+14;9,46308E+14;United States;Brazil;English;Portuguese;0;0;cash;nothing;students;students;;;;1;ml1;8,01899E+13;2;1;44075;45135;1;Professor;107;107;1;Professor;FALSE;brasilia;2,54572E+13;0;0;1;1;1;0;FALSE;0;0; ;0;;; ;FALSE
ml1.2;The framing of decisions and the psychology of choice;A Tversky and D Kahneman;1981;Science;211;4481;Cognitive;6;13010;32;736139,2025;307;main effect;3,96274E+14;1,56695E+14;91;91;9,99936E+14;9,76805E+14;8,78262E+14;United States;United States;English;English;0;0;cash;credit;students;students;;;;1;ml1;1,23836E+14;2;1;44075;45135;1;Professor;197;197;1;Professor;FALSE;conncoll;2,88751E+14;1;1;1;1;1;1;FALSE;0;0; ;0;;; ;FALSE
ml1.2;The framing of decisions and the psychology of choice;A Tversky and D Kahneman;1981;Science;211;4481;Cognitive;6;13010;32;736139,2025;307;main effect;2,71325E+14;8,5237E+14;94;94;9,99936E+14;7,60296E+14;8,88523E+14;United States;United States;English;English;0;1;cash;;students;online;;;;1;ml1;8,47889E+14;2;1;44075;45135;1;Professor;252;252;1;Professor;FALSE;csun;2,84258E+14;1;1;0;0;1;1;FALSE;0;0; ;0;;; ;FALSE
ml1.2;The framing of decisions and the psychology of choice;A Tversky and D Kahneman;1981;Science;211;4481;Cognitive;6;13010;32;736139,2025;307;main effect;2,8159E+14;5,08207E+14;99;99;9,99936E+14;8,12823E+14;9,03904E+14;United States;Malaysia;English;Malay;0;0;cash;credit;students;students;;;;1;ml1;8,79969E+14;2;1;44075;45135;1;Professor;52;52;0;Professor;FALSE;help;2,77213E+14;0;0;1;1;1;0;FALSE;0;0; ;0;;; ;FALSE
ml1.2;The framing of decisions and the psychology of choice;A Tversky and D Kahneman;1981;Science;211;4481;Cognitive;6;13010;32;736139,2025;307;main effect;3,40192E+14;1,3303E+14;89;89;9,99936E+14;9,10228E+14;8,70959E+13;United States;United States;English;English;0;0;cash;credit;students;students;;;;1;ml1;1,0631E+14;2;1;44075;45135;1;Professor;300;300;0;Professor;FALSE;ithaca;2,91873E+14;1;1;1;1;1;1;FALSE;0;0; ;0;;; ;FALSE
ml1.2;The framing of decisions and the psychology of choice;A Tversky and D Kahneman;1981;Science;211;4481;Cognitive;6;13010;32;736139,2025;307;main effect;3,49501E+14;456892416;172;172;9,99936E+14;9,97412E+14;9,90932E+14;United States;United States;English;English;0;1;cash;;students;online;;;;1;ml1;1,09219E+14;2;1;44075;45135;1;Professor;147;147;0;Professor;FALSE;jmu;2,11698E+13;1;1;0;0;1;1;FALSE;0;0; ;0;;; ;FALSE
ml1.2;The framing of decisions and the psychology of choice;A Tversky and D Kahneman;1981;Science;211;4481;Cognitive;6;13010;32;736139,2025;307;main effect;2,71019E+13;3,96451E+14;113;113;9,99936E+14;8,33184E+14;9,37258E+14;United States;Turkey;English;Turkish;0;1;cash;;students;online;;;;1;ml1;8,46935E+14;2;1;44075;45135;1;Professor;218;218;0;Professor;FALSE;koc;2,59969E+14;0;0;0;0;1;0;FALSE;0;0; ;0;;; ;FALSE
ml1.2;The framing of decisions and the psychology of choice;A Tversky and D Kahneman;1981;Science;211;4481;Cognitive;6;13010;32;736139,2025;307;main effect;3,36547E+14;5377939768;144;144;9,99936E+14;9,86495E+14;9,7673E+14;United States;United States;English;English;0;0;cash;credit;students;students;;;;1;ml1;1,05171E+14;2;2;44075;45135;1;Professor;502;601;5;Professor;FALSE;loyola;2,30945E+14;1;1;1;1;1;1;FALSE;0;0; ;0;;; ;FALSE
ml1.2;The framing of decisions and the psychology of choice;A Tversky and D Kahneman;1981;Science;211;4481;Cognitive;6;13010;32;736139,2025;307;main effect;3,42529E+14;1518099,802;273;273;9,99936E+14;9,99955E+14;9,99766E+14;United States;United Kingdom;English;English;0;0;cash;cash;students;community;;;;1;ml1;1,0704E+14;2;1;44075;45135;1;Professor;169;169;0;Professor;FALSE;lse;1,68617E+14;0;1;1;0;1;0;FALSE;0;0; ;0;;; ;FALSE
ml1.2;The framing of decisions and the psychology of choice;A Tversky and D Kahneman;1981;Science;211;4481;Cognitive;6;13010;32;736139,2025;307;main effect;1,5565E+14;1,25283E+14;97;97;9,99936E+14;3,33089E+14;8,97998E+14;United States;United States;English;English;0;1;cash;;students;online;;;;0;ml1;4,86405E+13;2;51;44075;45135;1;Professor;49772;9039;56;Professor;FALSE;mcdanielonline;2,79968E+14;1;1;0;0;1;1;FALSE;0;0; ;0;;; ;FALSE
ml1.2;The framing of decisions and the psychology of choice;A Tversky and D Kahneman;1981;Science;211;4481;Cognitive;6;13010;32;736139,2025;307;main effect;2,60951E+14;1,67727E+14;84;84;9,99936E+14;6,76069E+14;8,50967E+14;United States;Canada;English;English;0;0;cash;mixed;students;students;;;;1;ml1;8,15471E+14;2;2;44075;45135;1;Professor;2415;431;5;Professor;FALSE;msvu;3,0013E+14;0;1;1;1;1;0;FALSE;0;0; ;0;;; ;FALSE
ml1.2;The framing of decisions and the psychology of choice;A Tversky and D Kahneman;1981;Science;211;4481;Cognitive;6;13010;32;736139,2025;307;main effect;2,94937E+14;1,30187E-06;996;996;9,99936E+14;1E+15;1;United States;United States;English;English;0;1;cash;cash;students;online;;;;1;ml1;9,21679E+13;2;1;44075;45135;1;Professor;1182;1182;1;Professor;FALSE;mturk;8,86446E+14;1;1;0;0;1;1;FALSE;0;0; ;0;;; ;FALSE
ml1.2;The framing of decisions and the psychology of choice;A Tversky and D Kahneman;1981;Science;211;4481;Cognitive;6;13010;32;736139,2025;307;main effect;1,31972E+14;1,48266E+14;120;120;9,99936E+14;3,02133E+14;9,49576E+14;United States;United States;English;English;0;0;cash;mixed;students;students;;;;0;ml1;4,12413E+14;2;1;44075;45135;1;Professor;401;401;0;Professor;FALSE;occid;2,52485E+13;1;1;1;1;1;1;FALSE;0;0; ;0;;; ;FALSE
ml1.2;The framing of decisions and the psychology of choice;A Tversky and D Kahneman;1981;Science;211;4481;Cognitive;6;13010;32;736139,2025;307;main effect;3,2023E+14;9,77345E+14;106;106;9,99936E+14;9,22585E+14;9,22206E+14;United States;United States;English;English;0;0;cash;credit;students;students;;;;1;ml1;1,00072E+14;2;2;44075;45135;1;Professor;785;105;1;Professor;FALSE;osu;2,68176E+14;1;1;1;1;1;1;FALSE;0;0; ;0;;; ;FALSE
ml1.2;The framing of decisions and the psychology of choice;A Tversky and D Kahneman;1981;Science;211;4481;Cognitive;6;13010;32;736139,2025;307;main effect;3,89459E+14;320457459,6;143;143;9,99936E+14;9,98251E+11;9,75952E+14;United States;Italy;English;Italian;0;1;cash;;students;online;;;;1;ml1;1,21706E+14;2;1;44075;45135;1;Professor;115;115;0;Professor;FALSE;padua;2,31737E+14;0;0;0;0;1;0;FALSE;0;0; ;0;;; ;FALSE
ml1.2;The framing of decisions and the psychology of choice;A Tversky and D Kahneman;1981;Science;211;4481;Cognitive;6;13010;32;736139,2025;307;main effect;2,7213E+14;6,39455E-09;1312;1312;9,99936E+14;1;1;United States;United States;English;English;0;1;cash;nothing;students;online;;;;1;ml1;8,50407E+14;2;1;44075;45135;1;Professor;52;52;1;Professor;FALSE;pi;7,72735E+14;1;1;0;0;1;1;FALSE;0;0; ;0;;; ;FALSE
ml1.2;The framing of decisions and the psychology of choice;A Tversky and D Kahneman;1981;Science;211;4481;Cognitive;6;13010;32;736139,2025;307;main effect;3,05045E+14;2,94699E+14;95;95;9,99936E+14;8,5909E+14;8,91766E+14;United States;United States;English;English;0;0;cash;credit;students;students;;;;1;ml1;9,53267E+14;2;1;44075;45135;1;Professor;375;375;1;Professor;FALSE;psu;2,82806E+14;1;1;1;1;1;1;FALSE;0;0; ;0;;; ;FALSE
ml1.2;The framing of decisions and the psychology of choice;A Tversky and D Kahneman;1981;Science;211;4481;Cognitive;6;13010;32;736139,2025;307;main effect;2,66164E+14;1,53138E+13;83;83;9,99936E+14;6,88749E+13;8,46655E+14;United States;United States;English;English;0;0;cash;credit;students;students;;;;1;ml1;8,31763E+14;2;1;44075;45135;1;Professor;801;801;1;Professor;FALSE;psuabington;3,01867E+14;1;1;1;1;1;1;FALSE;0;0; ;0;;; ;FALSE
ml1.2;The framing of decisions and the psychology of choice;A Tversky and D Kahneman;1981;Science;211;4481;Cognitive;6;13010;32;736139,2025;307;main effect;3,25998E+13;9,93307E+14;102;102;9,99936E+14;9,22375E+13;9,12181E+14;United States;United States;English;English;0;0;cash;credit;students;students;;;;1;ml1;1,01874E+14;2;1;44075;45135;1;Professor;440;440;0;Professor;FALSE;qccuny;2,7323E+14;1;1;1;1;1;1;FALSE;0;0; ;0;;; ;FALSE
ml1.2;The framing of decisions and the psychology of choice;A Tversky and D Kahneman;1981;Science;211;4481;Cognitive;6;13010;32;736139,2025;307;main effect;1,50831E+14;1,77313E+14;80;80;9,99936E+14;2,68246E+14;8,33053E+14;United States;United States;English;English;0;0;cash;credit;students;students;;;;0;ml1;4,71347E+14;2;1;44075;45135;1;Professor;636;636;1;Professor;FALSE;qccuny2;3,07264E+14;1;1;1;1;1;1;FALSE;0;0; ;0;;; ;FALSE
ml1.2;The framing of decisions and the psychology of choice;A Tversky and D Kahneman;1981;Science;211;4481;Cognitive;6;13010;32;736139,2025;307;main effect;2,05363E+14;9,16699E+14;161;161;9,99936E+14;7,47252E+14;9,86807E+14;United States;United States;English;English;0;0;cash;credit;students;students;;;;1;ml1;6,41759E+14;2;1;44075;45135;1;Professor;1359;1359;1;Professor;FALSE;sandiegosu;2,18674E+14;1;1;1;1;1;1;FALSE;0;0; ;0;;; ;FALSE
ml1.2;The framing of decisions and the psychology of choice;A Tversky and D Kahneman;1981;Science;211;4481;Cognitive;6;13010;32;736139,2025;307;main effect;4,6569E+12;6,71373E+14;83;83;9,99936E+14;7,01417E+14;8,46655E+14;United States;Czech Republic;English;Czech;0;0;cash;mixed;students;students;;;;0;ml1;1,45528E+14;2;2;44075;45135;1;Professor;90;114;1;Professor;FALSE;seznam;3,01867E+14;0;0;1;1;1;0;FALSE;0;0; ;0;;; ;FALSE
ml1.2;The framing of decisions and the psychology of choice;A Tversky and D Kahneman;1981;Science;211;4481;Cognitive;6;13010;32;736139,2025;307;main effect;2,73158E+14;1,58449E+13;78;78;9,99936E+14;6,84709E+14;8,2341E+14;United States;Poland;English;Polish;0;0;cash;credit;students;students;;;;1;ml1;8,53619E+14;2;51;44075;45135;1;Professor;49772;9039;56;Professor;FALSE;swps;3,11028E+14;0;0;1;1;1;0;FALSE;0;0; ;0;;; ;FALSE
ml1.2;The framing of decisions and the psychology of choice;A Tversky and D Kahneman;1981;Science;211;4481;Cognitive;6;13010;32;736139,2025;307;main effect;2,52262E+14;1,19375E+12;165;165;9,99936E+14;9,08341E+14;9,88481E+13;United States;Poland;English;Polish;0;1;cash;nothing;students;online;;;;1;ml1;7,8832E+14;2;51;44075;45135;1;Professor;49772;9039;56;Professor;FALSE;swpson;2,16058E+14;0;0;0;0;1;0;FALSE;0;0; ;0;;; ;FALSE
ml1.2;The framing of decisions and the psychology of choice;A Tversky and D Kahneman;1981;Science;211;4481;Cognitive;6;13010;32;736139,2025;307;main effect;2,65595E+14;3,03284E+14;185;185;9,99936E+14;9,57294E+12;9,94218E+14;United States;United States;English;English;0;0;cash;credit;students;students;;;;1;ml1;8,29983E+14;2;51;44075;45135;1;Professor;49772;9039;56;Professor;FALSE;tamu;2,04281E+14;1;1;1;1;1;1;FALSE;0;0; ;0;;; ;FALSE
ml1.2;The framing of decisions and the psychology of choice;A Tversky and D Kahneman;1981;Science;211;4481;Cognitive;6;13010;32;736139,2025;307;main effect;2,35757E+14;2,87921E+13;86;86;9,99936E+14;5,94894E+14;8,59272E+14;United States;United States;English;English;0;0;cash;credit;students;students;;;;1;ml1;7,36741E+14;2;2;44075;45135;1;Professor;1315;211;0;Professor;FALSE;tamuc;2,96744E+13;1;1;1;1;1;1;FALSE;0;0; ;0;;; ;FALSE
ml1.2;The framing of decisions and the psychology of choice;A Tversky and D Kahneman;1981;Science;211;4481;Cognitive;6;13010;32;736139,2025;307;main effect;2,39885E+14;3,30342E+14;224;224;9,99936E+14;9,53951E+14;9,98561E+14;United States;United States;English;English;0;1;cash;;students;online;;;;1;ml1;7,4964E+14;2;51;44075;45135;1;Professor;49772;9039;56;Professor;FALSE;tamuon;1,85893E+14;1;1;0;0;1;1;FALSE;0;0; ;0;;; ;FALSE
ml1.2;The framing of decisions and the psychology of choice;A Tversky and D Kahneman;1981;Science;211;4481;Cognitive;6;13010;32;736139,2025;307;main effect;4,52355E+14;5210342153;80;80;9,99936E+14;9,90426E+14;8,33053E+14;United States;Netherlands;English;Dutch;0;0;cash;credit;students;students;;;;1;ml1;1,41361E+14;2;4;44075;45135;1;Professor;33925;509;75;Professor;FALSE;tilburg;3,07264E+14;0;0;1;1;1;0;FALSE;0;0; ;0;;; ;FALSE
ml1.2;The framing of decisions and the psychology of choice;A Tversky and D Kahneman;1981;Science;211;4481;Cognitive;6;13010;32;736139,2025;307;main effect;5,05404E+14;1229299,049;127;127;9,99936E+14;9,9999E+14;9,59609E+13;United States;United States;English;English;0;0;cash;credit;students;students;;;;1;ml1;1,57939E+14;2;1;44075;45135;1;Professor;167;167;0;Professor;FALSE;ufl;2,45588E+14;1;1;1;1;1;1;FALSE;0;0; ;0;;; ;FALSE
ml1.2;The framing of decisions and the psychology of choice;A Tversky and D Kahneman;1981;Science;211;4481;Cognitive;6;13010;32;736139,2025;307;main effect;3,84016E+14;6,42025E+14;79;79;9,99936E+14;9,43903E+14;8,28291E+14;United States;United States;English;English;0;0;cash;credit;students;students;;;;1;ml1;1,20005E+14;2;1;44075;45135;1;Professor;161;161;0;Professor;FALSE;uva;3,09129E+14;1;1;1;1;1;1;FALSE;0;0; ;0;;; ;FALSE
ml1.2;The framing of decisions and the psychology of choice;A Tversky and D Kahneman;1981;Science;211;4481;Cognitive;6;13010;32;736139,2025;307;main effect;1,5648E+14;1,05524E+14;107;107;9,99936E+14;3,65332E+14;9,24542E+14;United States;United States;English;English;0;0;cash;credit;students;students;;;;0;ml1;4,89E+14;2;2;44075;45135;1;Professor;123;194;5;Professor;FALSE;vcu;2,66956E+13;1;1;1;1;1;1;FALSE;0;0; ;0;;; ;FALSE
ml1.2;The framing of decisions and the psychology of choice;A Tversky and D Kahneman;1981;Science;211;4481;Cognitive;6;13010;32;736139,2025;307;main effect;2,38281E+13;2,37883E+14;90;90;9,99936E+14;6,24428E+13;8,74658E+14;United States;United States;English;English;0;0;cash;mixed;students;students;;;;1;ml1;7,44628E+14;2;1;44075;45135;1;Professor;213;213;0;Professor;FALSE;washlee;2,90297E+14;1;1;1;1;1;1;FALSE;0;0; ;0;;; ;FALSE
ml1.2;The framing of decisions and the psychology of choice;A Tversky and D Kahneman;1981;Science;211;4481;Cognitive;6;13010;32;736139,2025;307;main effect;3,8043E+13;6607678620;110;110;9,99936E+14;9,86107E+14;9,3117E+14;United States;Canada;English;English;0;0;cash;credit;students;students;;;;1;ml1;1,18884E+12;2;1;44075;45135;1;Professor;66;66;1;Professor;FALSE;wilfredlaur;2,63393E+14;0;1;1;1;1;0;FALSE;0;0; ;0;;; ;FALSE
ml1.2;The framing of decisions and the psychology of choice;A Tversky and D Kahneman;1981;Science;211;4481;Cognitive;6;13010;32;736139,2025;307;main effect;4,76314E+14;305770979,6;96;96;9,99936E+14;9,98894E+14;8,94924E+14;United States;United States;English;English;0;0;cash;credit;students;students;;;;1;ml1;1,48848E+13;2;1;44075;45135;1;Professor;387;387;0;Professor;FALSE;wisc;2,81376E+14;1;1;1;1;1;1;FALSE;0;0; ;0;;; ;FALSE
ml1.2;The framing of decisions and the psychology of choice;A Tversky and D Kahneman;1981;Science;211;4481;Cognitive;6;13010;32;736139,2025;307;main effect;3,2914E+14;8,86872E+14;102;102;9,99936E+14;9,27361E+14;9,12181E+14;United States;United States;English;English;0;0;cash;credit;students;students;;;;1;ml1;1,02856E+14;2;1;44075;45135;1;Professor;165;165;1;Professor;FALSE;wku;2,7323E+14;1;1;1;1;1;1;FALSE;0;0; ;0;;; ;FALSE
ml1.2;The framing of decisions and the psychology of choice;A Tversky and D Kahneman;1981;Science;211;4481;Cognitive;6;13010;32;736139,2025;307;main effect;3,17135E+14;3,09602E+14;87;87;9,99936E+14;8,56731E+14;8,63268E+14;United States;United States;English;English;0;0;cash;credit;students;students;;;;1;ml1;9,91047E+14;2;2;44075;45135;1;Professor;161;270;0;Professor;FALSE;wpi;2,95093E+13;1;1;1;1;1;1;FALSE;0;0; ;0;;; ;FALSE
ml1.3;Measures of Anchoring in Estimation Tasks;K. E. Jacowitz and D. Kahneman;1995;Personality and Social Psychology Bulletin;21;11;Social;6;447;4,16612E+14;984215705,4;103;main effect;7,70429E+14;0;5609;5609;9,93702E+14;1;1;United States;United States;English;English;0;0;credit;credit;students;students;;;;1;ml1;1,84927E+14;2;51;22641;45135;5;Professor;49772;9039;56;Professor;TRUE;;3,73747E+14;1;1;1;1;1;1;FALSE;1;0; ;0;;1;1;FALSE
ml1.3;Measures of Anchoring in Estimation Tasks;K. E. Jacowitz and D. Kahneman;1995;Personality and Social Psychology Bulletin;21;11;Social;6;447;4,16612E+14;984215705,4;103;main effect;7,11614E+14;28,25212153;78;78;9,93702E+14;1E+15;9,71498E+14;United States;Brazil;English;Portuguese;0;0;credit;nothing;students;students;;;;1;ml1;1,7081E+14;2;1;22641;45135;5;Professor;107;107;1;Professor;FALSE;brasilia;3,11028E+14;0;0;1;1;1;0;FALSE;1;0; ;0;;1;1;FALSE
ml1.3;Measures of Anchoring in Estimation Tasks;K. E. Jacowitz and D. Kahneman;1995;Personality and Social Psychology Bulletin;21;11;Social;6;447;4,16612E+14;984215705,4;103;main effect;8,04838E+14;2,85378E-06;84;84;9,93702E+14;1;9,79977E+14;United States;United States;English;English;0;0;credit;credit;students;students;;;;1;ml1;1,93186E+14;2;1;22641;45135;5;Professor;197;197;1;Professor;FALSE;conncoll;3,0013E+14;1;1;1;1;1;1;FALSE;1;0; ;0;;1;1;FALSE
ml1.3;Measures of Anchoring in Estimation Tasks;K. E. Jacowitz and D. Kahneman;1995;Personality and Social Psychology Bulletin;21;11;Social;6;447;4,16612E+14;984215705,4;103;main effect;7,22751E+14;0,837295124;84;84;9,93702E+14;1E+15;9,79977E+14;United States;United States;English;English;0;1;credit;;students;online;;;;1;ml1;1,73483E+14;2;1;22641;45135;5;Professor;252;252;1;Professor;FALSE;csun;3,0013E+14;1;1;0;0;1;1;FALSE;1;0; ;0;;1;1;FALSE
ml1.3;Measures of Anchoring in Estimation Tasks;K. E. Jacowitz and D. Kahneman;1995;Personality and Social Psychology Bulletin;21;11;Social;6;447;4,16612E+14;984215705,4;103;main effect;8,11241E+14;4,84735E-08;85;85;9,93702E+14;1;9,81133E+14;United States;Malaysia;English;Malay;0;0;credit;credit;students;students;;;;1;ml1;1,94723E+14;2;1;22641;45135;5;Professor;52;52;0;Professor;FALSE;help;2,98422E+14;0;0;1;1;1;0;FALSE;1;0; ;0;;1;1;FALSE
ml1.3;Measures of Anchoring in Estimation Tasks;K. E. Jacowitz and D. Kahneman;1995;Personality and Social Psychology Bulletin;21;11;Social;6;447;4,16612E+14;984215705,4;103;main effect;8,49422E+14;2,56352E-11;87;87;9,93702E+14;1;9,83257E+14;United States;United States;English;English;0;0;credit;credit;students;students;;;;1;ml1;2,03888E+14;2;1;22641;45135;5;Professor;300;300;0;Professor;FALSE;ithaca;2,95093E+13;1;1;1;1;1;1;FALSE;1;0; ;0;;1;1;FALSE
ml1.3;Measures of Anchoring in Estimation Tasks;K. E. Jacowitz and D. Kahneman;1995;Personality and Social Psychology Bulletin;21;11;Social;6;447;4,16612E+14;984215705,4;103;main effect;7,55879E+14;1,69013E-16;158;158;9,93702E+14;1;9,99827E+14;United States;United States;English;English;0;1;credit;;students;online;;;;1;ml1;1,81435E+14;2;1;22641;45135;5;Professor;147;147;0;Professor;FALSE;jmu;2,20699E+14;1;1;0;0;1;1;FALSE;1;0; ;0;;1;1;FALSE
ml1.3;Measures of Anchoring in Estimation Tasks;K. E. Jacowitz and D. Kahneman;1995;Personality and Social Psychology Bulletin;21;11;Social;6;447;4,16612E+14;984215705,4;103;main effect;7,55231E+14;0,000521137;91;91;9,93702E+14;1E+15;9,8684E+13;United States;Turkey;English;Turkish;0;1;credit;;students;online;;;;1;ml1;1,81279E+14;2;1;22641;45135;5;Professor;218;218;0;Professor;FALSE;koc;2,88751E+14;0;0;0;0;1;0;FALSE;1;0; ;0;;1;1;FALSE
ml1.3;Measures of Anchoring in Estimation Tasks;K. E. Jacowitz and D. Kahneman;1995;Personality and Social Psychology Bulletin;21;11;Social;6;447;4,16612E+14;984215705,4;103;main effect;7,8943E+14;6,59621E-15;130;130;9,93702E+14;1;9,98879E+14;United States;United States;English;English;0;0;credit;credit;students;students;;;;1;ml1;1,89488E+13;2;2;22641;45135;5;Professor;502;601;5;Professor;FALSE;loyola;2,42805E+14;1;1;1;1;1;1;FALSE;1;0; ;0;;1;1;FALSE
ml1.3;Measures of Anchoring in Estimation Tasks;K. E. Jacowitz and D. Kahneman;1995;Personality and Social Psychology Bulletin;21;11;Social;6;447;4,16612E+14;984215705,4;103;main effect;7,7215E+14;3,72618E-36;247;247;9,93702E+14;1;1E+15;United States;United Kingdom;English;English;0;0;credit;cash;students;community;;;;1;ml1;1,8534E+14;2;1;22641;45135;5;Professor;169;169;0;Professor;FALSE;lse;1,77164E+14;0;1;1;0;1;0;FALSE;1;0; ;0;;1;1;FALSE
ml1.3;Measures of Anchoring in Estimation Tasks;K. E. Jacowitz and D. Kahneman;1995;Personality and Social Psychology Bulletin;21;11;Social;6;447;4,16612E+14;984215705,4;103;main effect;7,8223E+14;0,000156527;84;84;9,93702E+14;1E+15;9,79977E+14;United States;United States;English;English;0;1;credit;;students;online;;;;1;ml1;1,8776E+14;2;51;22641;45135;5;Professor;49772;9039;56;Professor;FALSE;mcdanielonline;3,0013E+14;1;1;0;0;1;1;FALSE;1;0; ;0;;1;1;FALSE
ml1.3;Measures of Anchoring in Estimation Tasks;K. E. Jacowitz and D. Kahneman;1995;Personality and Social Psychology Bulletin;21;11;Social;6;447;4,16612E+14;984215705,4;103;main effect;7,6716E+14;0,006750588;81;81;9,93702E+14;1E+15;9,76092E+14;United States;Canada;English;English;0;0;credit;mixed;students;students;;;;1;ml1;1,84143E+14;2;2;22641;45135;5;Professor;2415;431;5;Professor;FALSE;msvu;3,05433E+14;0;1;1;1;1;0;FALSE;1;0; ;0;;1;1;FALSE
ml1.3;Measures of Anchoring in Estimation Tasks;K. E. Jacowitz and D. Kahneman;1995;Personality and Social Psychology Bulletin;21;11;Social;6;447;4,16612E+14;984215705,4;103;main effect;7,59518E+14;2,566E-162;929;929;9,93702E+14;1;1;United States;United States;English;English;0;1;credit;cash;students;online;;;;1;ml1;1,82308E+13;2;1;22641;45135;5;Professor;1182;1182;1;Professor;FALSE;mturk;9,17637E+14;1;1;0;0;1;1;FALSE;1;0; ;0;;1;1;FALSE
ml1.3;Measures of Anchoring in Estimation Tasks;K. E. Jacowitz and D. Kahneman;1995;Personality and Social Psychology Bulletin;21;11;Social;6;447;4,16612E+14;984215705,4;103;main effect;7,57656E+14;6,31441E-08;111;111;9,93702E+14;1;9,96189E+14;United States;United States;English;English;0;0;credit;mixed;students;students;;;;1;ml1;1,81861E+14;2;1;22641;45135;5;Professor;401;401;0;Professor;FALSE;occid;2,62236E+14;1;1;1;1;1;1;FALSE;1;0; ;0;;1;1;FALSE
ml1.3;Measures of Anchoring in Estimation Tasks;K. E. Jacowitz and D. Kahneman;1995;Personality and Social Psychology Bulletin;21;11;Social;6;447;4,16612E+14;984215705,4;103;main effect;7,75303E+14;7,3842E-06;93;93;9,93702E+14;1E+15;9,88344E+14;United States;United States;English;English;0;0;credit;credit;students;students;;;;1;ml1;1,86097E+14;2;2;22641;45135;5;Professor;785;105;1;Professor;FALSE;osu;2,85732E+13;1;1;1;1;1;1;FALSE;1;0; ;0;;1;1;FALSE
ml1.3;Measures of Anchoring in Estimation Tasks;K. E. Jacowitz and D. Kahneman;1995;Personality and Social Psychology Bulletin;21;11;Social;6;447;4,16612E+14;984215705,4;103;main effect;7,32282E+14;0,000102209;104;104;9,93702E+14;1E+15;9,94083E+14;United States;Italy;English;Italian;0;1;credit;;students;online;;;;1;ml1;1,75771E+14;2;1;22641;45135;5;Professor;115;115;0;Professor;FALSE;padua;2,70668E+14;0;0;0;0;1;0;FALSE;1;0; ;0;;1;1;FALSE
ml1.3;Measures of Anchoring in Estimation Tasks;K. E. Jacowitz and D. Kahneman;1995;Personality and Social Psychology Bulletin;21;11;Social;6;447;4,16612E+14;984215705,4;103;main effect;7,376E+14;8,704E-189;1178;1178;9,93702E+14;1;1;United States;United States;English;English;0;1;credit;nothing;students;online;;;;1;ml1;1,77047E+13;2;1;22641;45135;5;Professor;52;52;1;Professor;FALSE;pi;8,14896E+14;1;1;0;0;1;1;FALSE;1;0; ;0;;1;1;FALSE
ml1.3;Measures of Anchoring in Estimation Tasks;K. E. Jacowitz and D. Kahneman;1995;Personality and Social Psychology Bulletin;21;11;Social;6;447;4,16612E+14;984215705,4;103;main effect;8,71465E+14;4,2768E-13;84;84;9,93702E+14;1;9,79977E+14;United States;United States;English;English;0;0;credit;credit;students;students;;;;1;ml1;2,09179E+14;2;1;22641;45135;5;Professor;375;375;1;Professor;FALSE;psu;3,0013E+14;1;1;1;1;1;1;FALSE;1;0; ;0;;1;1;FALSE
ml1.3;Measures of Anchoring in Estimation Tasks;K. E. Jacowitz and D. Kahneman;1995;Personality and Social Psychology Bulletin;21;11;Social;6;447;4,16612E+14;984215705,4;103;main effect;6,97653E+14;352,5276708;75;75;9,93702E+14;1E+15;9,66079E+14;United States;United States;English;English;0;0;credit;credit;students;students;;;;1;ml1;1,67459E+14;2;1;22641;45135;5;Professor;801;801;1;Professor;FALSE;psuabington;3,16942E+13;1;1;1;1;1;1;FALSE;1;0; ;0;;1;1;FALSE
ml1.3;Measures of Anchoring in Estimation Tasks;K. E. Jacowitz and D. Kahneman;1995;Personality and Social Psychology Bulletin;21;11;Social;6;447;4,16612E+14;984215705,4;103;main effect;8,363E+14;5,91973E-11;91;91;9,93702E+14;1;9,8684E+13;United States;United States;English;English;0;0;credit;credit;students;students;;;;1;ml1;2,00738E+14;2;1;22641;45135;5;Professor;440;440;0;Professor;FALSE;qccuny;2,88751E+14;1;1;1;1;1;1;FALSE;1;0; ;0;;1;1;FALSE
ml1.3;Measures of Anchoring in Estimation Tasks;K. E. Jacowitz and D. Kahneman;1995;Personality and Social Psychology Bulletin;21;11;Social;6;447;4,16612E+14;984215705,4;103;main effect;7,72427E+14;0,076702338;74;74;9,93702E+14;1E+15;9,64067E+14;United States;United States;English;English;0;0;credit;credit;students;students;;;;1;ml1;1,85407E+14;2;1;22641;45135;5;Professor;636;636;1;Professor;FALSE;qccuny2;3,18989E+14;1;1;1;1;1;1;FALSE;1;0; ;0;;1;1;FALSE
ml1.3;Measures of Anchoring in Estimation Tasks;K. E. Jacowitz and D. Kahneman;1995;Personality and Social Psychology Bulletin;21;11;Social;6;447;4,16612E+14;984215705,4;103;main effect;8,13666E+14;4,99414E-21;143;143;9,93702E+14;1;9,99525E+14;United States;United States;English;English;0;0;credit;credit;students;students;;;;1;ml1;1,95305E+14;2;1;22641;45135;5;Professor;1359;1359;1;Professor;FALSE;sandiegosu;2,31737E+14;1;1;1;1;1;1;FALSE;1;0; ;0;;1;1;FALSE
ml1.3;Measures of Anchoring in Estimation Tasks;K. E. Jacowitz and D. Kahneman;1995;Personality and Social Psychology Bulletin;21;11;Social;6;447;4,16612E+14;984215705,4;103;main effect;7,33752E+14;15,34576442;73;73;9,93702E+14;1E+14;9,61942E+14;United States;Czech Republic;English;Czech;0;0;credit;mixed;students;students;;;;1;ml1;1,76123E+14;2;2;22641;45135;5;Professor;90;114;1;Professor;FALSE;seznam;3,21077E+13;0;0;1;1;1;0;FALSE;1;0; ;0;;1;1;FALSE
ml1.3;Measures of Anchoring in Estimation Tasks;K. E. Jacowitz and D. Kahneman;1995;Personality and Social Psychology Bulletin;21;11;Social;6;447;4,16612E+14;984215705,4;103;main effect;8,34584E+14;0,00031662;66;66;9,93702E+14;1E+15;9,43434E+14;United States;Poland;English;Polish;0;0;credit;credit;students;students;;;;1;ml1;2,00326E+13;2;51;22641;45135;5;Professor;49772;9039;56;Professor;FALSE;swps;3,36939E+14;0;0;1;1;1;0;FALSE;1;0; ;0;;1;1;FALSE
ml1.3;Measures of Anchoring in Estimation Tasks;K. E. Jacowitz and D. Kahneman;1995;Personality and Social Psychology Bulletin;21;11;Social;6;447;4,16612E+14;984215705,4;103;main effect;7,57223E+14;6,23917E-13;138;138;9,93702E+14;1;9,99338E+14;United States;Poland;English;Polish;0;1;credit;nothing;students;online;;;;1;ml1;1,81757E+14;2;51;22641;45135;5;Professor;49772;9039;56;Professor;FALSE;swpson;2,3582E+14;0;0;0;0;1;0;FALSE;1;0; ;0;;1;1;FALSE
ml1.3;Measures of Anchoring in Estimation Tasks;K. E. Jacowitz and D. Kahneman;1995;Personality and Social Psychology Bulletin;21;11;Social;6;447;4,16612E+14;984215705,4;103;main effect;7,75585E+14;5,47138E-20;163;163;9,93702E+14;1;9,99877E+14;United States;United States;English;English;0;0;credit;credit;students;students;;;;1;ml1;1,86165E+13;2;51;22641;45135;5;Professor;49772;9039;56;Professor;FALSE;tamu;2,17354E+14;1;1;1;1;1;1;FALSE;1;0; ;0;;1;1;FALSE
ml1.3;Measures of Anchoring in Estimation Tasks;K. E. Jacowitz and D. Kahneman;1995;Personality and Social Psychology Bulletin;21;11;Social;6;447;4,16612E+14;984215705,4;103;main effect;7,98823E+14;0,000318875;77;77;9,93702E+14;1E+14;9,6979E+14;United States;United States;English;English;0;0;credit;credit;students;students;;;;1;ml1;1,91743E+14;2;2;22641;45135;5;Professor;1315;211;0;Professor;FALSE;tamuc;3,12962E+14;1;1;1;1;1;1;FALSE;1;0; ;0;;1;1;FALSE
ml1.3;Measures of Anchoring in Estimation Tasks;K. E. Jacowitz and D. Kahneman;1995;Personality and Social Psychology Bulletin;21;11;Social;6;447;4,16612E+14;984215705,4;103;main effect;7,73874E+14;6,19659E-30;209;209;9,93702E+14;1;9,99995E+14;United States;United States;English;English;0;1;credit;;students;online;;;;1;ml1;1,85754E+14;2;51;22641;45135;5;Professor;49772;9039;56;Professor;FALSE;tamuon;1,9235E+14;1;1;0;0;1;1;FALSE;1;0; ;0;;1;1;FALSE
ml1.3;Measures of Anchoring in Estimation Tasks;K. E. Jacowitz and D. Kahneman;1995;Personality and Social Psychology Bulletin;21;11;Social;6;447;4,16612E+14;984215705,4;103;main effect;7,70826E+14;0,373889887;66;66;9,93702E+14;1E+15;9,43434E+14;United States;Netherlands;English;Dutch;0;0;credit;credit;students;students;;;;1;ml1;1,85022E+14;2;4;22641;45135;5;Professor;33925;509;75;Professor;FALSE;tilburg;3,36939E+14;0;0;1;1;1;0;FALSE;1;0; ;0;;1;1;FALSE
ml1.3;Measures of Anchoring in Estimation Tasks;K. E. Jacowitz and D. Kahneman;1995;Personality and Social Psychology Bulletin;21;11;Social;6;447;4,16612E+14;984215705,4;103;main effect;8,90585E+14;8,86301E-26;113;113;9,93702E+14;1;9,96643E+14;United States;United States;English;English;0;0;credit;credit;students;students;;;;1;ml1;2,13768E+14;2;1;22641;45135;5;Professor;167;167;0;Professor;FALSE;ufl;2,59969E+14;1;1;1;1;1;1;FALSE;1;0; ;0;;1;1;FALSE
ml1.3;Measures of Anchoring in Estimation Tasks;K. E. Jacowitz and D. Kahneman;1995;Personality and Social Psychology Bulletin;21;11;Social;6;447;4,16612E+14;984215705,4;103;main effect;8,42271E+14;2,81933E-07;75;75;9,93702E+14;1;9,66079E+14;United States;United States;English;English;0;0;credit;credit;students;students;;;;1;ml1;2,02172E+14;2;1;22641;45135;5;Professor;161;161;0;Professor;FALSE;uva;3,16942E+13;1;1;1;1;1;1;FALSE;1;0; ;0;;1;1;FALSE
ml1.3;Measures of Anchoring in Estimation Tasks;K. E. Jacowitz and D. Kahneman;1995;Personality and Social Psychology Bulletin;21;11;Social;6;447;4,16612E+14;984215705,4;103;main effect;8,28314E+14;1,22753E-12;97;97;9,93702E+14;1;9,90872E+14;United States;United States;English;English;0;0;credit;credit;students;students;;;;1;ml1;1,98821E+14;2;2;22641;45135;5;Professor;123;194;5;Professor;FALSE;vcu;2,79968E+14;1;1;1;1;1;1;FALSE;1;0; ;0;;1;1;FALSE
ml1.3;Measures of Anchoring in Estimation Tasks;K. E. Jacowitz and D. Kahneman;1995;Personality and Social Psychology Bulletin;21;11;Social;6;447;4,16612E+14;984215705,4;103;main effect;7,64688E+14;0,000398883;83;83;9,93702E+14;1E+15;9,78754E+14;United States;United States;English;English;0;0;credit;mixed;students;students;;;;1;ml1;1,83549E+14;2;1;22641;45135;5;Professor;213;213;0;Professor;FALSE;washlee;3,01867E+14;1;1;1;1;1;1;FALSE;1;0; ;0;;1;1;FALSE
ml1.3;Measures of Anchoring in Estimation Tasks;K. E. Jacowitz and D. Kahneman;1995;Personality and Social Psychology Bulletin;21;11;Social;6;447;4,16612E+14;984215705,4;103;main effect;7,73506E+14;6,37868E-07;99;99;9,93702E+14;1;9,9193E+14;United States;Canada;English;English;0;0;credit;credit;students;students;;;;1;ml1;1,85666E+14;2;1;22641;45135;5;Professor;66;66;1;Professor;FALSE;wilfredlaur;2,77213E+14;0;1;1;1;1;0;FALSE;1;0; ;0;;1;1;FALSE
ml1.3;Measures of Anchoring in Estimation Tasks;K. E. Jacowitz and D. Kahneman;1995;Personality and Social Psychology Bulletin;21;11;Social;6;447;4,16612E+14;984215705,4;103;main effect;8,50729E+14;9,51696E-12;88;88;9,93702E+14;1;9,84231E+14;United States;United States;English;English;0;0;credit;credit;students;students;;;;1;ml1;2,04202E+14;2;1;22641;45135;5;Professor;387;387;0;Professor;FALSE;wisc;2,9347E+14;1;1;1;1;1;1;FALSE;1;0; ;0;;1;1;FALSE
ml1.3;Measures of Anchoring in Estimation Tasks;K. E. Jacowitz and D. Kahneman;1995;Personality and Social Psychology Bulletin;21;11;Social;6;447;4,16612E+14;984215705,4;103;main effect;8,45857E+14;5,07267E-12;91;91;9,93702E+14;1;9,8684E+13;United States;United States;English;English;0;0;credit;credit;students;students;;;;1;ml1;2,03032E+14;2;1;22641;45135;5;Professor;165;165;1;Professor;FALSE;wku;2,88751E+14;1;1;1;1;1;1;FALSE;1;0; ;0;;1;1;FALSE
ml1.3;Measures of Anchoring in Estimation Tasks;K. E. Jacowitz and D. Kahneman;1995;Personality and Social Psychology Bulletin;21;11;Social;6;447;4,16612E+14;984215705,4;103;main effect;7,12185E+14;12,90278854;80;80;9,93702E+14;1E+15;9,74645E+14;United States;United States;English;English;0;0;credit;credit;students;students;;;;1;ml1;1,70947E+14;2;2;22641;45135;5;Professor;161;270;0;Professor;FALSE;wpi;3,07264E+14;1;1;1;1;1;1;FALSE;1;0; ;0;;1;1;FALSE
ml1.4;Measures of Anchoring in Estimation Tasks;K. E. Jacowitz and D. Kahneman;1995;Personality and Social Psychology Bulletin;21;11;Social;6;447;4,16612E+14;984215705,4;103;main effect;7,44594E+14;0;5627;5627;9,93702E+14;1;1;United States;United States;English;English;0;0;credit;credit;students;students;;;;1;ml1;1,78726E+14;2;51;22641;45135;5;Professor;49772;9039;56;Professor;TRUE;;3,73148E+13;1;1;1;1;1;1;FALSE;1;0; ;0;;1;1;FALSE
ml1.4;Measures of Anchoring in Estimation Tasks;K. E. Jacowitz and D. Kahneman;1995;Personality and Social Psychology Bulletin;21;11;Social;6;447;4,16612E+14;984215705,4;103;main effect;7,81635E+14;0,000793159;76;76;9,93702E+14;1E+15;9,67985E+14;United States;Brazil;English;Portuguese;0;0;credit;nothing;students;students;;;;1;ml1;1,87617E+14;2;1;22641;45135;5;Professor;107;107;1;Professor;FALSE;brasilia;3,14933E+14;0;0;1;1;1;0;FALSE;1;0; ;0;;1;1;FALSE
ml1.4;Measures of Anchoring in Estimation Tasks;K. E. Jacowitz and D. Kahneman;1995;Personality and Social Psychology Bulletin;21;11;Social;6;447;4,16612E+14;984215705,4;103;main effect;7,22387E+14;0,876461055;84;84;9,93702E+14;1E+15;9,79977E+14;United States;United States;English;English;0;0;credit;credit;students;students;;;;1;ml1;1,73395E+14;2;1;22641;45135;5;Professor;197;197;1;Professor;FALSE;conncoll;3,0013E+14;1;1;1;1;1;1;FALSE;1;0; ;0;;1;1;FALSE
ml1.4;Measures of Anchoring in Estimation Tasks;K. E. Jacowitz and D. Kahneman;1995;Personality and Social Psychology Bulletin;21;11;Social;6;447;4,16612E+14;984215705,4;103;main effect;7,00394E+14;3,079019954;88;88;9,93702E+14;1E+14;9,84231E+14;United States;United States;English;English;0;1;credit;;students;online;;;;1;ml1;1,68117E+14;2;1;22641;45135;5;Professor;252;252;1;Professor;FALSE;csun;2,9347E+14;1;1;0;0;1;1;FALSE;1;0; ;0;;1;1;FALSE
ml1.4;Measures of Anchoring in Estimation Tasks;K. E. Jacowitz and D. Kahneman;1995;Personality and Social Psychology Bulletin;21;11;Social;6;447;4,16612E+14;984215705,4;103;main effect;7,98E+14;0,17348043;65;65;9,93702E+14;1E+14;9,40191E+14;United States;Malaysia;English;Malay;0;0;credit;credit;students;students;;;;1;ml1;1,91545E+14;2;1;22641;45135;5;Professor;52;52;0;Professor;FALSE;help;3,39402E+14;0;0;1;1;1;0;FALSE;1;0; ;0;;1;1;FALSE
ml1.4;Measures of Anchoring in Estimation Tasks;K. E. Jacowitz and D. Kahneman;1995;Personality and Social Psychology Bulletin;21;11;Social;6;447;4,16612E+14;984215705,4;103;main effect;8,77773E+14;1,3007E-13;83;83;9,93702E+14;1;9,78754E+14;United States;United States;English;English;0;0;credit;credit;students;students;;;;1;ml1;2,10693E+14;2;1;22641;45135;5;Professor;300;300;0;Professor;FALSE;ithaca;3,01867E+14;1;1;1;1;1;1;FALSE;1;0; ;0;;1;1;FALSE
ml1.4;Measures of Anchoring in Estimation Tasks;K. E. Jacowitz and D. Kahneman;1995;Personality and Social Psychology Bulletin;21;11;Social;6;447;4,16612E+14;984215705,4;103;main effect;7,89311E+14;1,65856E-21;161;161;9,93702E+14;1;9,99859E+14;United States;United States;English;English;0;1;credit;;students;online;;;;1;ml1;1,89459E+13;2;1;22641;45135;5;Professor;147;147;0;Professor;FALSE;jmu;2,18674E+14;1;1;0;0;1;1;FALSE;1;0; ;0;;1;1;FALSE
ml1.4;Measures of Anchoring in Estimation Tasks;K. E. Jacowitz and D. Kahneman;1995;Personality and Social Psychology Bulletin;21;11;Social;6;447;4,16612E+14;984215705,4;103;main effect;6,67538E+14;6119,571036;75;75;9,93702E+14;1E+15;9,66079E+14;United States;Turkey;English;Turkish;0;1;credit;;students;online;;;;1;ml1;1,6023E+14;2;1;22641;45135;5;Professor;218;218;0;Professor;FALSE;koc;3,16942E+13;0;0;0;0;1;0;FALSE;1;0; ;0;;1;1;FALSE
ml1.4;Measures of Anchoring in Estimation Tasks;K. E. Jacowitz and D. Kahneman;1995;Personality and Social Psychology Bulletin;21;11;Social;6;447;4,16612E+14;984215705,4;103;main effect;7,87275E+14;6,31151E-16;136;136;9,93702E+14;1;9,99244E+14;United States;United States;English;English;0;0;credit;credit;students;students;;;;1;ml1;1,88971E+13;2;2;22641;45135;5;Professor;502;601;5;Professor;FALSE;loyola;2,37512E+14;1;1;1;1;1;1;FALSE;1;0; ;0;;1;1;FALSE
ml1.4;Measures of Anchoring in Estimation Tasks;K. E. Jacowitz and D. Kahneman;1995;Personality and Social Psychology Bulletin;21;11;Social;6;447;4,16612E+14;984215705,4;103;main effect;8,079E+14;3,45041E-47;260;260;9,93702E+14;1;1E+15;United States;United Kingdom;English;English;0;0;credit;cash;students;community;;;;1;ml1;1,93921E+14;2;1;22641;45135;5;Professor;169;169;0;Professor;FALSE;lse;1,72701E+13;0;1;1;0;1;0;FALSE;1;0; ;0;;1;1;FALSE
ml1.4;Measures of Anchoring in Estimation Tasks;K. E. Jacowitz and D. Kahneman;1995;Personality and Social Psychology Bulletin;21;11;Social;6;447;4,16612E+14;984215705,4;103;main effect;7,48896E+13;0,004873173;88;88;9,93702E+14;1E+15;9,84231E+14;United States;United States;English;English;0;1;credit;;students;online;;;;1;ml1;1,79758E+14;2;51;22641;45135;5;Professor;49772;9039;56;Professor;FALSE;mcdanielonline;2,9347E+14;1;1;0;0;1;1;FALSE;1;0; ;0;;1;1;FALSE
ml1.4;Measures of Anchoring in Estimation Tasks;K. E. Jacowitz and D. Kahneman;1995;Personality and Social Psychology Bulletin;21;11;Social;6;447;4,16612E+14;984215705,4;103;main effect;9,12973E+14;6,35916E-06;49;49;9,93702E+14;1;8,58872E+14;United States;Canada;English;English;0;0;credit;mixed;students;students;;;;1;ml1;2,19142E+14;2;2;22641;45135;5;Professor;2415;431;5;Professor;FALSE;msvu;3,87991E+14;0;1;1;1;1;0;FALSE;1;0; ;0;;1;1;FALSE
ml1.4;Measures of Anchoring in Estimation Tasks;K. E. Jacowitz and D. Kahneman;1995;Personality and Social Psychology Bulletin;21;11;Social;6;447;4,16612E+14;984215705,4;103;main effect;7,59254E+14;2,2831E-163;941;941;9,93702E+14;1;1;United States;United States;English;English;0;1;credit;cash;students;online;;;;1;ml1;1,82245E+14;2;1;22641;45135;5;Professor;1182;1182;1;Professor;FALSE;mturk;9,11797E+14;1;1;0;0;1;1;FALSE;1;0; ;0;;1;1;FALSE
ml1.4;Measures of Anchoring in Estimation Tasks;K. E. Jacowitz and D. Kahneman;1995;Personality and Social Psychology Bulletin;21;11;Social;6;447;4,16612E+14;984215705,4;103;main effect;7,25755E+14;9,32476E-05;107;107;9,93702E+14;1E+15;9,95096E+14;United States;United States;English;English;0;0;credit;mixed;students;students;;;;1;ml1;1,74204E+13;2;1;22641;45135;5;Professor;401;401;0;Professor;FALSE;occid;2,66956E+13;1;1;1;1;1;1;FALSE;1;0; ;0;;1;1;FALSE
ml1.4;Measures of Anchoring in Estimation Tasks;K. E. Jacowitz and D. Kahneman;1995;Personality and Social Psychology Bulletin;21;11;Social;6;447;4,16612E+14;984215705,4;103;main effect;7,90442E+14;4,46326E-09;93;93;9,93702E+14;1;9,88344E+14;United States;United States;English;English;0;0;credit;credit;students;students;;;;1;ml1;1,89731E+14;2;2;22641;45135;5;Professor;785;105;1;Professor;FALSE;osu;2,85732E+13;1;1;1;1;1;1;FALSE;1;0; ;0;;1;1;FALSE
ml1.4;Measures of Anchoring in Estimation Tasks;K. E. Jacowitz and D. Kahneman;1995;Personality and Social Psychology Bulletin;21;11;Social;6;447;4,16612E+14;984215705,4;103;main effect;4,59254E+13;12031378,94;102;102;9,93702E+14;9,98651E+14;9,93298E+14;United States;Italy;English;Italian;0;1;credit;;students;online;;;;1;ml1;1,10235E+14;2;1;22641;45135;5;Professor;115;115;0;Professor;FALSE;padua;2,7323E+14;0;0;0;0;1;0;FALSE;1;0; ;0;;1;1;FALSE
ml1.4;Measures of Anchoring in Estimation Tasks;K. E. Jacowitz and D. Kahneman;1995;Personality and Social Psychology Bulletin;21;11;Social;6;447;4,16612E+14;984215705,4;103;main effect;7,01432E+14;5,4454E-165;1204;1204;9,93702E+14;1;1;United States;United States;English;English;0;1;credit;nothing;students;online;;;;1;ml1;1,68366E+14;2;1;22641;45135;5;Professor;52;52;1;Professor;FALSE;pi;8,06651E+14;1;1;0;0;1;1;FALSE;1;0; ;0;;1;1;FALSE
ml1.4;Measures of Anchoring in Estimation Tasks;K. E. Jacowitz and D. Kahneman;1995;Personality and Social Psychology Bulletin;21;11;Social;6;447;4,16612E+14;984215705,4;103;main effect;8,76666E+14;9,58425E-15;87;87;9,93702E+14;1;9,83257E+14;United States;United States;English;English;0;0;credit;credit;students;students;;;;1;ml1;2,10427E+14;2;1;22641;45135;5;Professor;375;375;1;Professor;FALSE;psu;2,95093E+13;1;1;1;1;1;1;FALSE;1;0; ;0;;1;1;FALSE
ml1.4;Measures of Anchoring in Estimation Tasks;K. E. Jacowitz and D. Kahneman;1995;Personality and Social Psychology Bulletin;21;11;Social;6;447;4,16612E+14;984215705,4;103;main effect;7,8815E+14;0,012852394;73;73;9,93702E+14;1E+15;9,61942E+14;United States;United States;English;English;0;0;credit;credit;students;students;;;;1;ml1;1,89181E+14;2;1;22641;45135;5;Professor;801;801;1;Professor;FALSE;psuabington;3,21077E+13;1;1;1;1;1;1;FALSE;1;0; ;0;;1;1;FALSE
ml1.4;Measures of Anchoring in Estimation Tasks;K. E. Jacowitz and D. Kahneman;1995;Personality and Social Psychology Bulletin;21;11;Social;6;447;4,16612E+14;984215705,4;103;main effect;8,54024E+14;1,45256E-13;93;93;9,93702E+14;1;9,88344E+14;United States;United States;English;English;0;0;credit;credit;students;students;;;;1;ml1;2,04993E+14;2;1;22641;45135;5;Professor;440;440;0;Professor;FALSE;qccuny;2,85732E+13;1;1;1;1;1;1;FALSE;1;0; ;0;;1;1;FALSE
ml1.4;Measures of Anchoring in Estimation Tasks;K. E. Jacowitz and D. Kahneman;1995;Personality and Social Psychology Bulletin;21;11;Social;6;447;4,16612E+14;984215705,4;103;main effect;8,06895E+14;8,04263E-05;77;77;9,93702E+14;1E+15;9,6979E+14;United States;United States;English;English;0;0;credit;credit;students;students;;;;1;ml1;1,9368E+14;2;1;22641;45135;5;Professor;636;636;1;Professor;FALSE;qccuny2;3,12962E+14;1;1;1;1;1;1;FALSE;1;0; ;0;;1;1;FALSE
ml1.4;Measures of Anchoring in Estimation Tasks;K. E. Jacowitz and D. Kahneman;1995;Personality and Social Psychology Bulletin;21;11;Social;6;447;4,16612E+14;984215705,4;103;main effect;8,2169E+14;1,018E-24;149;149;9,93702E+14;1;9,99682E+14;United States;United States;English;English;0;0;credit;credit;students;students;;;;1;ml1;1,97231E+14;2;1;22641;45135;5;Professor;1359;1359;1;Professor;FALSE;sandiegosu;2,27126E+14;1;1;1;1;1;1;FALSE;1;0; ;0;;1;1;FALSE
ml1.4;Measures of Anchoring in Estimation Tasks;K. E. Jacowitz and D. Kahneman;1995;Personality and Social Psychology Bulletin;21;11;Social;6;447;4,16612E+14;984215705,4;103;main effect;3,6961E+14;5,84152E+12;83;83;9,93702E+14;9,36828E+14;9,78754E+14;United States;Czech Republic;English;Czech;0;0;credit;mixed;students;students;;;;1;ml1;8,8718E+14;2;2;22641;45135;5;Professor;90;114;1;Professor;FALSE;seznam;3,01867E+14;0;0;1;1;1;0;FALSE;1;0; ;0;;1;1;FALSE
ml1.4;Measures of Anchoring in Estimation Tasks;K. E. Jacowitz and D. Kahneman;1995;Personality and Social Psychology Bulletin;21;11;Social;6;447;4,16612E+14;984215705,4;103;main effect;6,8284E+14;1285604,895;54;54;9,93702E+14;9,99974E+14;8,91294E+14;United States;Poland;English;Polish;0;0;credit;credit;students;students;;;;1;ml1;1,63903E+14;2;51;22641;45135;5;Professor;49772;9039;56;Professor;FALSE;swps;3,70633E+14;0;0;1;1;1;0;FALSE;1;0; ;0;;1;1;FALSE
ml1.4;Measures of Anchoring in Estimation Tasks;K. E. Jacowitz and D. Kahneman;1995;Personality and Social Psychology Bulletin;21;11;Social;6;447;4,16612E+14;984215705,4;103;main effect;3,1496E+14;1,68215E+14;138;138;9,93702E+14;9,67165E+14;9,99338E+14;United States;Poland;English;Polish;0;1;credit;nothing;students;online;;;;1;ml1;7,56004E+14;2;51;22641;45135;5;Professor;49772;9039;56;Professor;FALSE;swpson;2,3582E+14;0;0;0;0;1;0;FALSE;1;0; ;0;;1;1;FALSE
ml1.4;Measures of Anchoring in Estimation Tasks;K. E. Jacowitz and D. Kahneman;1995;Personality and Social Psychology Bulletin;21;11;Social;6;447;4,16612E+14;984215705,4;103;main effect;7,7061E+13;7,06636E-22;176;176;9,93702E+14;1;9,9995E+14;United States;United States;English;English;0;0;credit;credit;students;students;;;;1;ml1;1,84971E+14;2;51;22641;45135;5;Professor;49772;9039;56;Professor;FALSE;tamu;2,09321E+14;1;1;1;1;1;1;FALSE;1;0; ;0;;1;1;FALSE
ml1.4;Measures of Anchoring in Estimation Tasks;K. E. Jacowitz and D. Kahneman;1995;Personality and Social Psychology Bulletin;21;11;Social;6;447;4,16612E+14;984215705,4;103;main effect;8,47999E+13;6,24949E-09;79;79;9,93702E+14;1;9,73115E+14;United States;United States;English;English;0;0;credit;credit;students;students;;;;1;ml1;2,03546E+14;2;2;22641;45135;5;Professor;1315;211;0;Professor;FALSE;tamuc;3,09129E+14;1;1;1;1;1;1;FALSE;1;0; ;0;;1;1;FALSE
ml1.4;Measures of Anchoring in Estimation Tasks;K. E. Jacowitz and D. Kahneman;1995;Personality and Social Psychology Bulletin;21;11;Social;6;447;4,16612E+14;984215705,4;103;main effect;6,6223E+14;5,39443E-13;203;203;9,93702E+14;1;9,99992E+14;United States;United States;English;English;0;1;credit;;students;online;;;;1;ml1;1,58956E+14;2;51;22641;45135;5;Professor;49772;9039;56;Professor;FALSE;tamuon;1,95132E+14;1;1;0;0;1;1;FALSE;1;0; ;0;;1;1;FALSE
ml1.4;Measures of Anchoring in Estimation Tasks;K. E. Jacowitz and D. Kahneman;1995;Personality and Social Psychology Bulletin;21;11;Social;6;447;4,16612E+14;984215705,4;103;main effect;6,12486E+13;5889868,325;65;65;9,93702E+14;9,99887E+14;9,40191E+14;United States;Netherlands;English;Dutch;0;0;credit;credit;students;students;;;;1;ml1;1,47016E+14;2;4;22641;45135;5;Professor;33925;509;75;Professor;FALSE;tilburg;3,39402E+14;0;0;1;1;1;0;FALSE;1;0; ;0;;1;1;FALSE
ml1.4;Measures of Anchoring in Estimation Tasks;K. E. Jacowitz and D. Kahneman;1995;Personality and Social Psychology Bulletin;21;11;Social;6;447;4,16612E+14;984215705,4;103;main effect;8,00554E+14;8,76085E-14;119;119;9,93702E+14;1;9,97712E+14;United States;United States;English;English;0;0;credit;credit;students;students;;;;1;ml1;1,92158E+14;2;1;22641;45135;5;Professor;167;167;0;Professor;FALSE;ufl;2,53522E+14;1;1;1;1;1;1;FALSE;1;0; ;0;;1;1;FALSE
ml1.4;Measures of Anchoring in Estimation Tasks;K. E. Jacowitz and D. Kahneman;1995;Personality and Social Psychology Bulletin;21;11;Social;6;447;4,16612E+14;984215705,4;103;main effect;7,62558E+14;0,120923504;76;76;9,93702E+14;1E+15;9,67985E+14;United States;United States;English;English;0;0;credit;credit;students;students;;;;1;ml1;1,83038E+14;2;1;22641;45135;5;Professor;161;161;0;Professor;FALSE;uva;3,14933E+14;1;1;1;1;1;1;FALSE;1;0; ;0;;1;1;FALSE
ml1.4;Measures of Anchoring in Estimation Tasks;K. E. Jacowitz and D. Kahneman;1995;Personality and Social Psychology Bulletin;21;11;Social;6;447;4,16612E+14;984215705,4;103;main effect;8,89201E+14;4,73188E-21;100;100;9,93702E+14;1;9,92413E+14;United States;United States;English;English;0;0;credit;credit;students;students;;;;1;ml1;2,13436E+14;2;2;22641;45135;5;Professor;123;194;5;Professor;FALSE;vcu;2,75866E+14;1;1;1;1;1;1;FALSE;1;0; ;0;;1;1;FALSE
ml1.4;Measures of Anchoring in Estimation Tasks;K. E. Jacowitz and D. Kahneman;1995;Personality and Social Psychology Bulletin;21;11;Social;6;447;4,16612E+14;984215705,4;103;main effect;7,88497E+14;2,02515E-05;86;86;9,93702E+14;1E+15;9,82225E+14;United States;United States;English;English;0;0;credit;mixed;students;students;;;;1;ml1;1,89264E+14;2;1;22641;45135;5;Professor;213;213;0;Professor;FALSE;washlee;2,96744E+13;1;1;1;1;1;1;FALSE;1;0; ;0;;1;1;FALSE
ml1.4;Measures of Anchoring in Estimation Tasks;K. E. Jacowitz and D. Kahneman;1995;Personality and Social Psychology Bulletin;21;11;Social;6;447;4,16612E+14;984215705,4;103;main effect;8,29864E+14;9,73153E-11;85;85;9,93702E+14;1;9,81133E+14;United States;Canada;English;English;0;0;credit;credit;students;students;;;;1;ml1;1,99194E+14;2;1;22641;45135;5;Professor;66;66;1;Professor;FALSE;wilfredlaur;2,98422E+14;0;1;1;1;1;0;FALSE;1;0; ;0;;1;1;FALSE
ml1.4;Measures of Anchoring in Estimation Tasks;K. E. Jacowitz and D. Kahneman;1995;Personality and Social Psychology Bulletin;21;11;Social;6;447;4,16612E+14;984215705,4;103;main effect;8,10201E+14;2,33282E-08;91;91;9,93702E+14;1;9,8684E+13;United States;United States;English;English;0;0;credit;credit;students;students;;;;1;ml1;1,94474E+14;2;1;22641;45135;5;Professor;387;387;0;Professor;FALSE;wisc;2,88751E+14;1;1;1;1;1;1;FALSE;1;0; ;0;;1;1;FALSE
ml1.4;Measures of Anchoring in Estimation Tasks;K. E. Jacowitz and D. Kahneman;1995;Personality and Social Psychology Bulletin;21;11;Social;6;447;4,16612E+14;984215705,4;103;main effect;8,17545E+14;9,67686E-11;98;98;9,93702E+14;1;9,91417E+14;United States;United States;English;English;0;0;credit;credit;students;students;;;;1;ml1;1,96237E+13;2;1;22641;45135;5;Professor;165;165;1;Professor;FALSE;wku;2,7858E+14;1;1;1;1;1;1;FALSE;1;0; ;0;;1;1;FALSE
ml1.4;Measures of Anchoring in Estimation Tasks;K. E. Jacowitz and D. Kahneman;1995;Personality and Social Psychology Bulletin;21;11;Social;6;447;4,16612E+14;984215705,4;103;main effect;7,53029E+14;0,021939709;83;83;9,93702E+14;1E+15;9,78754E+14;United States;United States;English;English;0;0;credit;credit;students;students;;;;1;ml1;1,80751E+14;2;2;22641;45135;5;Professor;161;270;0;Professor;FALSE;wpi;3,01867E+14;1;1;1;1;1;1;FALSE;1;0; ;0;;1;1;FALSE
ml1.5;Measures of Anchoring in Estimation Tasks;K. E. Jacowitz and D. Kahneman;1995;Personality and Social Psychology Bulletin;21;11;Social;6;447;4,16612E+14;984215705,4;103;main effect;6,6664E+14;0;5284;5284;9,93702E+14;1;1;United States;United States;English;English;0;0;credit;credit;students;students;;;;1;ml1;1,60015E+14;2;51;22641;45135;5;Professor;49772;9039;56;Professor;TRUE;;3,85087E+14;1;1;1;1;1;1;FALSE;1;0; ;0;;1;1;FALSE
ml1.5;Measures of Anchoring in Estimation Tasks;K. E. Jacowitz and D. Kahneman;1995;Personality and Social Psychology Bulletin;21;11;Social;6;447;4,16612E+14;984215705,4;103;main effect;7,66106E+14;242,9411046;58;58;9,93702E+14;1E+15;9,12216E+14;United States;Brazil;English;Portuguese;0;0;credit;nothing;students;students;;;;1;ml1;1,83889E+14;2;1;22641;45135;5;Professor;107;107;1;Professor;FALSE;brasilia;3,5833E+14;0;0;1;1;1;0;FALSE;1;0; ;0;;1;1;FALSE
ml1.5;Measures of Anchoring in Estimation Tasks;K. E. Jacowitz and D. Kahneman;1995;Personality and Social Psychology Bulletin;21;11;Social;6;447;4,16612E+14;984215705,4;103;main effect;7,19818E+14;11,19174176;78;78;9,93702E+14;1E+15;9,71498E+14;United States;United States;English;English;0;0;credit;credit;students;students;;;;1;ml1;1,72779E+14;2;1;22641;45135;5;Professor;197;197;1;Professor;FALSE;conncoll;3,11028E+14;1;1;1;1;1;1;FALSE;1;0; ;0;;1;1;FALSE
ml1.5;Measures of Anchoring in Estimation Tasks;K. E. Jacowitz and D. Kahneman;1995;Personality and Social Psychology Bulletin;21;11;Social;6;447;4,16612E+14;984215705,4;103;main effect;7,84384E+14;4,14955E-06;86;86;9,93702E+14;1E+15;9,82225E+14;United States;United States;English;English;0;1;credit;;students;online;;;;1;ml1;1,88277E+14;2;1;22641;45135;5;Professor;252;252;1;Professor;FALSE;csun;2,96744E+13;1;1;0;0;1;1;FALSE;1;0; ;0;;1;1;FALSE
ml1.5;Measures of Anchoring in Estimation Tasks;K. E. Jacowitz and D. Kahneman;1995;Personality and Social Psychology Bulletin;21;11;Social;6;447;4,16612E+14;984215705,4;103;main effect;8,14566E+14;1,30011E-06;82;82;9,93702E+14;1;9,7746E+14;United States;Malaysia;English;Malay;0;0;credit;credit;students;students;;;;1;ml1;1,95521E+14;2;1;22641;45135;5;Professor;52;52;0;Professor;FALSE;help;3,03634E+13;0;0;1;1;1;0;FALSE;1;0; ;0;;1;1;FALSE
ml1.5;Measures of Anchoring in Estimation Tasks;K. E. Jacowitz and D. Kahneman;1995;Personality and Social Psychology Bulletin;21;11;Social;6;447;4,16612E+14;984215705,4;103;main effect;8,22046E+14;9,1377E-07;80;80;9,93702E+14;1;9,74645E+14;United States;United States;English;English;0;0;credit;credit;students;students;;;;1;ml1;1,97317E+14;2;1;22641;45135;5;Professor;300;300;0;Professor;FALSE;ithaca;3,07264E+14;1;1;1;1;1;1;FALSE;1;0; ;0;;1;1;FALSE
ml1.5;Measures of Anchoring in Estimation Tasks;K. E. Jacowitz and D. Kahneman;1995;Personality and Social Psychology Bulletin;21;11;Social;6;447;4,16612E+14;984215705,4;103;main effect;7,33375E+14;2,92987E-13;154;154;9,93702E+14;1;9,99773E+14;United States;United States;English;English;0;1;credit;;students;online;;;;1;ml1;1,76033E+14;2;1;22641;45135;5;Professor;147;147;0;Professor;FALSE;jmu;2,23487E+14;1;1;0;0;1;1;FALSE;1;0; ;0;;1;1;FALSE
ml1.5;Measures of Anchoring in Estimation Tasks;K. E. Jacowitz and D. Kahneman;1995;Personality and Social Psychology Bulletin;21;11;Social;6;447;4,16612E+14;984215705,4;103;main effect;7,11839E+14;116,2502397;74;74;9,93702E+14;1E+15;9,64067E+14;United States;Turkey;English;Turkish;0;1;credit;;students;online;;;;1;ml1;1,70864E+14;2;1;22641;45135;5;Professor;218;218;0;Professor;FALSE;koc;3,18989E+14;0;0;0;0;1;0;FALSE;1;0; ;0;;1;1;FALSE
ml1.5;Measures of Anchoring in Estimation Tasks;K. E. Jacowitz and D. Kahneman;1995;Personality and Social Psychology Bulletin;21;11;Social;6;447;4,16612E+14;984215705,4;103;main effect;6,5041E+14;0,051589062;122;122;9,93702E+14;1E+15;9,98114E+14;United States;United States;English;English;0;0;credit;credit;students;students;;;;1;ml1;1,56119E+14;2;2;22641;45135;5;Professor;502;601;5;Professor;FALSE;loyola;2,50452E+14;1;1;1;1;1;1;FALSE;1;0; ;0;;1;1;FALSE
ml1.5;Measures of Anchoring in Estimation Tasks;K. E. Jacowitz and D. Kahneman;1995;Personality and Social Psychology Bulletin;21;11;Social;6;447;4,16612E+14;984215705,4;103;main effect;6,9123E+14;5,11241E-19;223;223;9,93702E+14;1;9,99998E+14;United States;United Kingdom;English;English;0;0;credit;cash;students;community;;;;1;ml1;1,65917E+14;2;1;22641;45135;5;Professor;169;169;0;Professor;FALSE;lse;1,86304E+14;0;1;1;0;1;0;FALSE;1;0; ;0;;1;1;FALSE
ml1.5;Measures of Anchoring in Estimation Tasks;K. E. Jacowitz and D. Kahneman;1995;Personality and Social Psychology Bulletin;21;11;Social;6;447;4,16612E+14;984215705,4;103;main effect;6,7078E+14;293,5332841;84;84;9,93702E+14;1E+15;9,79977E+14;United States;United States;English;English;0;1;credit;;students;online;;;;1;ml1;1,61008E+14;2;51;22641;45135;5;Professor;49772;9039;56;Professor;FALSE;mcdanielonline;3,0013E+14;1;1;0;0;1;1;FALSE;1;0; ;0;;1;1;FALSE
ml1.5;Measures of Anchoring in Estimation Tasks;K. E. Jacowitz and D. Kahneman;1995;Personality and Social Psychology Bulletin;21;11;Social;6;447;4,16612E+14;984215705,4;103;main effect;6,85994E+14;1533,343417;74;74;9,93702E+14;1E+15;9,64067E+14;United States;Canada;English;English;0;0;credit;mixed;students;students;;;;1;ml1;1,6466E+14;2;2;22641;45135;5;Professor;2415;431;5;Professor;FALSE;msvu;3,18989E+14;0;1;1;1;1;0;FALSE;1;0; ;0;;1;1;FALSE
ml1.5;Measures of Anchoring in Estimation Tasks;K. E. Jacowitz and D. Kahneman;1995;Personality and Social Psychology Bulletin;21;11;Social;6;447;4,16612E+14;984215705,4;103;main effect;6,42484E+14;1,12162E-88;872;872;9,93702E+14;1;1;United States;United States;English;English;0;1;credit;cash;students;online;;;;1;ml1;1,54216E+14;2;1;22641;45135;5;Professor;1182;1182;1;Professor;FALSE;mturk;9,46963E+14;1;1;0;0;1;1;FALSE;1;0; ;0;;1;1;FALSE
ml1.5;Measures of Anchoring in Estimation Tasks;K. E. Jacowitz and D. Kahneman;1995;Personality and Social Psychology Bulletin;21;11;Social;6;447;4,16612E+14;984215705,4;103;main effect;5,97115E+14;722,6863692;109;109;9,93702E+14;1E+15;9,95676E+14;United States;United States;English;English;0;0;credit;mixed;students;students;;;;1;ml1;1,43326E+14;2;1;22641;45135;5;Professor;401;401;0;Professor;FALSE;occid;2,64565E+14;1;1;1;1;1;1;FALSE;1;0; ;0;;1;1;FALSE
ml1.5;Measures of Anchoring in Estimation Tasks;K. E. Jacowitz and D. Kahneman;1995;Personality and Social Psychology Bulletin;21;11;Social;6;447;4,16612E+14;984215705,4;103;main effect;7,7986E+14;2,02226E-06;94;94;9,93702E+14;1;9,89032E+14;United States;United States;English;English;0;0;credit;credit;students;students;;;;1;ml1;1,87191E+14;2;2;22641;45135;5;Professor;785;105;1;Professor;FALSE;osu;2,84258E+14;1;1;1;1;1;1;FALSE;1;0; ;0;;1;1;FALSE
ml1.5;Measures of Anchoring in Estimation Tasks;K. E. Jacowitz and D. Kahneman;1995;Personality and Social Psychology Bulletin;21;11;Social;6;447;4,16612E+14;984215705,4;103;main effect;5,73324E+14;5047401,125;77;77;9,93702E+14;9,99885E+14;9,6979E+14;United States;Italy;English;Italian;0;1;credit;;students;online;;;;1;ml1;1,37616E+14;2;1;22641;45135;5;Professor;115;115;0;Professor;FALSE;padua;3,12962E+14;0;0;0;0;1;0;FALSE;1;0; ;0;;1;1;FALSE
ml1.5;Measures of Anchoring in Estimation Tasks;K. E. Jacowitz and D. Kahneman;1995;Personality and Social Psychology Bulletin;21;11;Social;6;447;4,16612E+14;984215705,4;103;main effect;5,60686E+14;3,78179E-79;1113;1113;9,93702E+14;1;1;United States;United States;English;English;0;1;credit;nothing;students;online;;;;1;ml1;1,34582E+14;2;1;22641;45135;5;Professor;52;52;1;Professor;FALSE;pi;8,38371E+14;1;1;0;0;1;1;FALSE;1;0; ;0;;1;1;FALSE
ml1.5;Measures of Anchoring in Estimation Tasks;K. E. Jacowitz and D. Kahneman;1995;Personality and Social Psychology Bulletin;21;11;Social;6;447;4,16612E+14;984215705,4;103;main effect;7,56242E+13;0,005857649;85;85;9,93702E+14;1E+15;9,81133E+14;United States;United States;English;English;0;0;credit;credit;students;students;;;;1;ml1;1,81522E+14;2;1;22641;45135;5;Professor;375;375;1;Professor;FALSE;psu;2,98422E+14;1;1;1;1;1;1;FALSE;1;0; ;0;;1;1;FALSE
ml1.5;Measures of Anchoring in Estimation Tasks;K. E. Jacowitz and D. Kahneman;1995;Personality and Social Psychology Bulletin;21;11;Social;6;447;4,16612E+14;984215705,4;103;main effect;8,27244E+13;5,89369E-06;75;75;9,93702E+14;1;9,66079E+14;United States;United States;English;English;0;0;credit;credit;students;students;;;;1;ml1;1,98565E+14;2;1;22641;45135;5;Professor;801;801;1;Professor;FALSE;psuabington;3,16942E+13;1;1;1;1;1;1;FALSE;1;0; ;0;;1;1;FALSE
ml1.5;Measures of Anchoring in Estimation Tasks;K. E. Jacowitz and D. Kahneman;1995;Personality and Social Psychology Bulletin;21;11;Social;6;447;4,16612E+14;984215705,4;103;main effect;7,07677E+14;5,222685236;84;84;9,93702E+14;1E+15;9,79977E+14;United States;United States;English;English;0;0;credit;credit;students;students;;;;1;ml1;1,69865E+14;2;1;22641;45135;5;Professor;440;440;0;Professor;FALSE;qccuny;3,0013E+14;1;1;1;1;1;1;FALSE;1;0; ;0;;1;1;FALSE
ml1.5;Measures of Anchoring in Estimation Tasks;K. E. Jacowitz and D. Kahneman;1995;Personality and Social Psychology Bulletin;21;11;Social;6;447;4,16612E+14;984215705,4;103;main effect;7,33994E+14;10,70345012;68;68;9,93702E+14;1E+15;9,49436E+14;United States;United States;English;English;0;0;credit;credit;students;students;;;;1;ml1;1,76182E+14;2;1;22641;45135;5;Professor;636;636;1;Professor;FALSE;qccuny2;3,32168E+14;1;1;1;1;1;1;FALSE;1;0; ;0;;1;1;FALSE
ml1.5;Measures of Anchoring in Estimation Tasks;K. E. Jacowitz and D. Kahneman;1995;Personality and Social Psychology Bulletin;21;11;Social;6;447;4,16612E+14;984215705,4;103;main effect;7,1802E+14;4,62949E-11;150;150;9,93702E+14;1;9,99703E+14;United States;United States;English;English;0;0;credit;credit;students;students;;;;1;ml1;1,72347E+14;2;1;22641;45135;5;Professor;1359;1359;1;Professor;FALSE;sandiegosu;2,26384E+14;1;1;1;1;1;1;FALSE;1;0; ;0;;1;1;FALSE
ml1.5;Measures of Anchoring in Estimation Tasks;K. E. Jacowitz and D. Kahneman;1995;Personality and Social Psychology Bulletin;21;11;Social;6;447;4,16612E+14;984215705,4;103;main effect;6,22902E+14;3010591,003;65;65;9,93702E+14;9,99934E+14;9,40191E+14;United States;Czech Republic;English;Czech;0;0;credit;mixed;students;students;;;;1;ml1;1,49516E+14;2;2;22641;45135;5;Professor;90;114;1;Professor;FALSE;seznam;3,39402E+14;0;0;1;1;1;0;FALSE;1;0; ;0;;1;1;FALSE
ml1.5;Measures of Anchoring in Estimation Tasks;K. E. Jacowitz and D. Kahneman;1995;Personality and Social Psychology Bulletin;21;11;Social;6;447;4,16612E+14;984215705,4;103;main effect;8,41601E+14;0,00107541;62;62;9,93702E+14;1E+15;9,29399E+13;United States;Poland;English;Polish;0;0;credit;credit;students;students;;;;1;ml1;2,02011E+14;2;51;22641;45135;5;Professor;49772;9039;56;Professor;FALSE;swps;3,47128E+13;0;0;1;1;1;0;FALSE;1;0; ;0;;1;1;FALSE
ml1.5;Measures of Anchoring in Estimation Tasks;K. E. Jacowitz and D. Kahneman;1995;Personality and Social Psychology Bulletin;21;11;Social;6;447;4,16612E+14;984215705,4;103;main effect;6,75092E+14;0,000437032;126;126;9,93702E+14;1E+15;9,98545E+14;United States;Poland;English;Polish;0;1;credit;nothing;students;online;;;;1;ml1;1,62043E+14;2;51;22641;45135;5;Professor;49772;9039;56;Professor;FALSE;swpson;2,46537E+14;0;0;0;0;1;0;FALSE;1;0; ;0;;1;1;FALSE
ml1.5;Measures of Anchoring in Estimation Tasks;K. E. Jacowitz and D. Kahneman;1995;Personality and Social Psychology Bulletin;21;11;Social;6;447;4,16612E+14;984215705,4;103;main effect;7,32306E+14;2,52045E-14;161;161;9,93702E+14;1;9,99859E+14;United States;United States;English;English;0;0;credit;credit;students;students;;;;1;ml1;1,75776E+14;2;51;22641;45135;5;Professor;49772;9039;56;Professor;FALSE;tamu;2,18674E+14;1;1;1;1;1;1;FALSE;1;0; ;0;;1;1;FALSE
ml1.5;Measures of Anchoring in Estimation Tasks;K. E. Jacowitz and D. Kahneman;1995;Personality and Social Psychology Bulletin;21;11;Social;6;447;4,16612E+14;984215705,4;103;main effect;7,81791E+14;0,052662169;72;72;9,93702E+14;1E+15;9,597E+13;United States;United States;English;English;0;0;credit;credit;students;students;;;;1;ml1;1,87654E+14;2;2;22641;45135;5;Professor;1315;211;0;Professor;FALSE;tamuc;3,23206E+14;1;1;1;1;1;1;FALSE;1;0; ;0;;1;1;FALSE
ml1.5;Measures of Anchoring in Estimation Tasks;K. E. Jacowitz and D. Kahneman;1995;Personality and Social Psychology Bulletin;21;11;Social;6;447;4,16612E+14;984215705,4;103;main effect;6,30091E+13;2,64615E-09;198;198;9,93702E+14;1;9,99989E+14;United States;United States;English;English;0;1;credit;;students;online;;;;1;ml1;1,51242E+14;2;51;22641;45135;5;Professor;49772;9039;56;Professor;FALSE;tamuon;1,97543E+14;1;1;0;0;1;1;FALSE;1;0; ;0;;1;1;FALSE
ml1.5;Measures of Anchoring in Estimation Tasks;K. E. Jacowitz and D. Kahneman;1995;Personality and Social Psychology Bulletin;21;11;Social;6;447;4,16612E+14;984215705,4;103;main effect;6,04581E+14;1757709457;43;43;9,93702E+14;9,93993E+14;8,08877E+14;United States;Netherlands;English;Dutch;0;0;credit;credit;students;students;;;;1;ml1;1,45118E+14;2;4;22641;45135;5;Professor;33925;509;75;Professor;FALSE;tilburg;4,12444E+14;0;0;1;1;1;0;FALSE;1;0; ;0;;1;1;FALSE
ml1.5;Measures of Anchoring in Estimation Tasks;K. E. Jacowitz and D. Kahneman;1995;Personality and Social Psychology Bulletin;21;11;Social;6;447;4,16612E+14;984215705,4;103;main effect;7,93643E+14;8,54346E-13;118;118;9,93702E+14;1;9,9756E+14;United States;United States;English;English;0;0;credit;credit;students;students;;;;1;ml1;1,90499E+14;2;1;22641;45135;5;Professor;167;167;0;Professor;FALSE;ufl;2,54572E+13;1;1;1;1;1;1;FALSE;1;0; ;0;;1;1;FALSE
ml1.5;Measures of Anchoring in Estimation Tasks;K. E. Jacowitz and D. Kahneman;1995;Personality and Social Psychology Bulletin;21;11;Social;6;447;4,16612E+14;984215705,4;103;main effect;7,29777E+14;11,09637087;75;75;9,93702E+14;1E+15;9,66079E+14;United States;United States;English;English;0;0;credit;credit;students;students;;;;1;ml1;1,75169E+14;2;1;22641;45135;5;Professor;161;161;0;Professor;FALSE;uva;3,16942E+13;1;1;1;1;1;1;FALSE;1;0; ;0;;1;1;FALSE
ml1.5;Measures of Anchoring in Estimation Tasks;K. E. Jacowitz and D. Kahneman;1995;Personality and Social Psychology Bulletin;21;11;Social;6;447;4,16612E+14;984215705,4;103;main effect;7,13466E+14;0,008114851;100;100;9,93702E+14;1E+14;9,92413E+14;United States;United States;English;English;0;0;credit;credit;students;students;;;;1;ml1;1,71254E+14;2;2;22641;45135;5;Professor;123;194;5;Professor;FALSE;vcu;2,75866E+14;1;1;1;1;1;1;FALSE;1;0; ;0;;1;1;FALSE
ml1.5;Measures of Anchoring in Estimation Tasks;K. E. Jacowitz and D. Kahneman;1995;Personality and Social Psychology Bulletin;21;11;Social;6;447;4,16612E+14;984215705,4;103;main effect;5,65E+14;19163201,76;73;73;9,93702E+14;9,99695E+14;9,61942E+14;United States;United States;English;English;0;0;credit;mixed;students;students;;;;1;ml1;1,35618E+14;2;1;22641;45135;5;Professor;213;213;0;Professor;FALSE;washlee;3,21077E+13;1;1;1;1;1;1;FALSE;1;0; ;0;;1;1;FALSE
ml1.5;Measures of Anchoring in Estimation Tasks;K. E. Jacowitz and D. Kahneman;1995;Personality and Social Psychology Bulletin;21;11;Social;6;447;4,16612E+14;984215705,4;103;main effect;6,23314E+14;715,4848401;98;98;9,93702E+14;1E+15;9,91417E+14;United States;Canada;English;English;0;0;credit;credit;students;students;;;;1;ml1;1,49615E+14;2;1;22641;45135;5;Professor;66;66;1;Professor;FALSE;wilfredlaur;2,7858E+14;0;1;1;1;1;0;FALSE;1;0; ;0;;1;1;FALSE
ml1.5;Measures of Anchoring in Estimation Tasks;K. E. Jacowitz and D. Kahneman;1995;Personality and Social Psychology Bulletin;21;11;Social;6;447;4,16612E+14;984215705,4;103;main effect;7,04283E+14;1,926448804;88;88;9,93702E+14;1E+15;9,84231E+14;United States;United States;English;English;0;0;credit;credit;students;students;;;;1;ml1;1,6905E+14;2;1;22641;45135;5;Professor;387;387;0;Professor;FALSE;wisc;2,9347E+14;1;1;1;1;1;1;FALSE;1;0; ;0;;1;1;FALSE
ml1.5;Measures of Anchoring in Estimation Tasks;K. E. Jacowitz and D. Kahneman;1995;Personality and Social Psychology Bulletin;21;11;Social;6;447;4,16612E+14;984215705,4;103;main effect;7,93002E+14;9,06303E-06;86;86;9,93702E+14;1E+15;9,82225E+14;United States;United States;English;English;0;0;credit;credit;students;students;;;;1;ml1;1,90345E+14;2;1;22641;45135;5;Professor;165;165;1;Professor;FALSE;wku;2,96744E+13;1;1;1;1;1;1;FALSE;1;0; ;0;;1;1;FALSE
ml1.5;Measures of Anchoring in Estimation Tasks;K. E. Jacowitz and D. Kahneman;1995;Personality and Social Psychology Bulletin;21;11;Social;6;447;4,16612E+14;984215705,4;103;main effect;6,5013E+14;15703,7396;77;77;9,93702E+14;9,99999E+14;9,6979E+14;United States;United States;English;English;0;0;credit;credit;students;students;;;;1;ml1;1,56052E+14;2;2;22641;45135;5;Professor;161;270;0;Professor;FALSE;wpi;3,12962E+14;1;1;1;1;1;1;FALSE;1;0; ;0;;1;1;FALSE
ml1.6;Measures of Anchoring in Estimation Tasks;K. E. Jacowitz and D. Kahneman;1995;Personality and Social Psychology Bulletin;21;11;Social;6;447;4,16612E+14;984215705,4;103;main effect;5,05216E+14;0;5362;5362;9,93702E+14;1;1;United States;United States;English;English;0;0;credit;credit;students;students;;;;1;ml1;1,21268E+14;2;51;22641;45135;5;Professor;49772;9039;56;Professor;TRUE;;3,8227E+14;1;1;1;1;1;1;FALSE;1;0; ;0;;1;1;FALSE
ml1.6;Measures of Anchoring in Estimation Tasks;K. E. Jacowitz and D. Kahneman;1995;Personality and Social Psychology Bulletin;21;11;Social;6;447;4,16612E+14;984215705,4;103;main effect;5,19284E+14;251040158,6;73;73;9,93702E+14;9,98025E+14;9,61942E+14;United States;Brazil;English;Portuguese;0;0;credit;nothing;students;students;;;;1;ml1;1,24644E+14;2;1;22641;45135;5;Professor;107;107;1;Professor;FALSE;brasilia;3,21077E+13;0;0;1;1;1;0;FALSE;1;0; ;0;;1;1;FALSE
ml1.6;Measures of Anchoring in Estimation Tasks;K. E. Jacowitz and D. Kahneman;1995;Personality and Social Psychology Bulletin;21;11;Social;6;447;4,16612E+14;984215705,4;103;main effect;6,96426E+14;3,738570283;82;82;9,93702E+14;1E+15;9,7746E+14;United States;United States;English;English;0;0;credit;credit;students;students;;;;1;ml1;1,67164E+14;2;1;22641;45135;5;Professor;197;197;1;Professor;FALSE;conncoll;3,03634E+13;1;1;1;1;1;1;FALSE;1;0; ;0;;1;1;FALSE
ml1.6;Measures of Anchoring in Estimation Tasks;K. E. Jacowitz and D. Kahneman;1995;Personality and Social Psychology Bulletin;21;11;Social;6;447;4,16612E+14;984215705,4;103;main effect;5,89596E+14;187348,7424;87;87;9,93702E+14;9,9999E+14;9,83257E+14;United States;United States;English;English;0;1;credit;;students;online;;;;1;ml1;1,41522E+13;2;1;22641;45135;5;Professor;252;252;1;Professor;FALSE;csun;2,95093E+13;1;1;0;0;1;1;FALSE;1;0; ;0;;1;1;FALSE
ml1.6;Measures of Anchoring in Estimation Tasks;K. E. Jacowitz and D. Kahneman;1995;Personality and Social Psychology Bulletin;21;11;Social;6;447;4,16612E+14;984215705,4;103;main effect;6,89434E+14;1535,401781;73;73;9,93702E+14;1E+15;9,61942E+14;United States;Malaysia;English;Malay;0;0;credit;credit;students;students;;;;1;ml1;1,65486E+14;2;1;22641;45135;5;Professor;52;52;0;Professor;FALSE;help;3,21077E+13;0;0;1;1;1;0;FALSE;1;0; ;0;;1;1;FALSE
ml1.6;Measures of Anchoring in Estimation Tasks;K. E. Jacowitz and D. Kahneman;1995;Personality and Social Psychology Bulletin;21;11;Social;6;447;4,16612E+14;984215705,4;103;main effect;5,07309E+14;632837404,7;71;71;9,93702E+14;9,96302E+13;9,57335E+14;United States;United States;English;English;0;0;credit;credit;students;students;;;;1;ml1;1,2177E+14;2;1;22641;45135;5;Professor;300;300;0;Professor;FALSE;ithaca;3,25379E+14;1;1;1;1;1;1;FALSE;1;0; ;0;;1;1;FALSE
ml1.6;Measures of Anchoring in Estimation Tasks;K. E. Jacowitz and D. Kahneman;1995;Personality and Social Psychology Bulletin;21;11;Social;6;447;4,16612E+14;984215705,4;103;main effect;4,38774E+14;24308,12012;148;148;9,93702E+14;9,99902E+14;9,9966E+14;United States;United States;English;English;0;1;credit;;students;online;;;;1;ml1;1,0532E+13;2;1;22641;45135;5;Professor;147;147;0;Professor;FALSE;jmu;2,27858E+14;1;1;0;0;1;1;FALSE;1;0; ;0;;1;1;FALSE
ml1.6;Measures of Anchoring in Estimation Tasks;K. E. Jacowitz and D. Kahneman;1995;Personality and Social Psychology Bulletin;21;11;Social;6;447;4,16612E+14;984215705,4;103;main effect;4,96022E+14;2283254793;66;66;9,93702E+14;9,9149E+14;9,43434E+14;United States;Turkey;English;Turkish;0;1;credit;;students;online;;;;1;ml1;1,19061E+14;2;1;22641;45135;5;Professor;218;218;0;Professor;FALSE;koc;3,36939E+14;0;0;0;0;1;0;FALSE;1;0; ;0;;1;1;FALSE
ml1.6;Measures of Anchoring in Estimation Tasks;K. E. Jacowitz and D. Kahneman;1995;Personality and Social Psychology Bulletin;21;11;Social;6;447;4,16612E+14;984215705,4;103;main effect;5,50331E+13;2963,828012;125;125;9,93702E+14;1E+15;9,98447E+14;United States;United States;English;English;0;0;credit;credit;students;students;;;;1;ml1;1,32097E+14;2;2;22641;45135;5;Professor;502;601;5;Professor;FALSE;loyola;2,47497E+14;1;1;1;1;1;1;FALSE;1;0; ;0;;1;1;FALSE
ml1.6;Measures of Anchoring in Estimation Tasks;K. E. Jacowitz and D. Kahneman;1995;Personality and Social Psychology Bulletin;21;11;Social;6;447;4,16612E+14;984215705,4;103;main effect;5,61748E+14;8,8588E-07;233;233;9,93702E+14;1E+15;9,99999E+13;United States;United Kingdom;English;English;0;0;credit;cash;students;community;;;;1;ml1;1,34837E+14;2;1;22641;45135;5;Professor;169;169;0;Professor;FALSE;lse;1,8232E+14;0;1;1;0;1;0;FALSE;1;0; ;0;;1;1;FALSE
ml1.6;Measures of Anchoring in Estimation Tasks;K. E. Jacowitz and D. Kahneman;1995;Personality and Social Psychology Bulletin;21;11;Social;6;447;4,16612E+14;984215705,4;103;main effect;5,46949E+13;88032,93415;83;83;9,93702E+14;9,99815E+14;9,78754E+14;United States;United States;English;English;0;1;credit;;students;online;;;;1;ml1;1,31285E+14;2;51;22641;45135;5;Professor;49772;9039;56;Professor;FALSE;mcdanielonline;3,01867E+14;1;1;0;0;1;1;FALSE;1;0; ;0;;1;1;FALSE
ml1.6;Measures of Anchoring in Estimation Tasks;K. E. Jacowitz and D. Kahneman;1995;Personality and Social Psychology Bulletin;21;11;Social;6;447;4,16612E+14;984215705,4;103;main effect;6,21341E+14;524507313,1;45;45;9,93702E+14;9,97409E+14;8,2703E+14;United States;Canada;English;English;0;0;credit;mixed;students;students;;;;1;ml1;1,49141E+14;2;2;22641;45135;5;Professor;2415;431;5;Professor;FALSE;msvu;4,03806E+14;0;1;1;1;1;0;FALSE;1;0; ;0;;1;1;FALSE
ml1.6;Measures of Anchoring in Estimation Tasks;K. E. Jacowitz and D. Kahneman;1995;Personality and Social Psychology Bulletin;21;11;Social;6;447;4,16612E+14;984215705,4;103;main effect;4,7325E+14;7,36698E-39;926;926;9,93702E+14;1;1;United States;United States;English;English;0;1;credit;cash;students;online;;;;1;ml1;1,13595E+14;2;1;22641;45135;5;Professor;1182;1182;1;Professor;FALSE;mturk;9,19116E+14;1;1;0;0;1;1;FALSE;1;0; ;0;;1;1;FALSE
ml1.6;Measures of Anchoring in Estimation Tasks;K. E. Jacowitz and D. Kahneman;1995;Personality and Social Psychology Bulletin;21;11;Social;6;447;4,16612E+14;984215705,4;103;main effect;4,44639E+14;80622107,53;113;113;9,93702E+14;9,9894E+14;9,96643E+14;United States;United States;English;English;0;0;credit;mixed;students;students;;;;1;ml1;1,06727E+14;2;1;22641;45135;5;Professor;401;401;0;Professor;FALSE;occid;2,59969E+14;1;1;1;1;1;1;FALSE;1;0; ;0;;1;1;FALSE
ml1.6;Measures of Anchoring in Estimation Tasks;K. E. Jacowitz and D. Kahneman;1995;Personality and Social Psychology Bulletin;21;11;Social;6;447;4,16612E+14;984215705,4;103;main effect;6,16078E+14;6285,241234;92;92;9,93702E+14;9,99999E+14;9,87614E+13;United States;United States;English;English;0;0;credit;credit;students;students;;;;1;ml1;1,47878E+14;2;2;22641;45135;5;Professor;785;105;1;Professor;FALSE;osu;2,8723E+14;1;1;1;1;1;1;FALSE;1;0; ;0;;1;1;FALSE
ml1.6;Measures of Anchoring in Estimation Tasks;K. E. Jacowitz and D. Kahneman;1995;Personality and Social Psychology Bulletin;21;11;Social;6;447;4,16612E+14;984215705,4;103;main effect;4,98928E+14;14708111,57;99;99;9,93702E+14;9,997E+14;9,9193E+14;United States;Italy;English;Italian;0;1;credit;;students;online;;;;1;ml1;1,19758E+14;2;1;22641;45135;5;Professor;115;115;0;Professor;FALSE;padua;2,77213E+14;0;0;0;0;1;0;FALSE;1;0; ;0;;1;1;FALSE
ml1.6;Measures of Anchoring in Estimation Tasks;K. E. Jacowitz and D. Kahneman;1995;Personality and Social Psychology Bulletin;21;11;Social;6;447;4,16612E+14;984215705,4;103;main effect;4,59769E+14;1,3396E-49;1196;1196;9,93702E+14;1;1;United States;United States;English;English;0;1;credit;nothing;students;online;;;;1;ml1;1,10359E+14;2;1;22641;45135;5;Professor;52;52;1;Professor;FALSE;pi;8,08735E+14;1;1;0;0;1;1;FALSE;1;0; ;0;;1;1;FALSE
ml1.6;Measures of Anchoring in Estimation Tasks;K. E. Jacowitz and D. Kahneman;1995;Personality and Social Psychology Bulletin;21;11;Social;6;447;4,16612E+14;984215705,4;103;main effect;6,68565E+14;1229,655563;80;80;9,93702E+14;1E+13;9,74645E+14;United States;United States;English;English;0;0;credit;credit;students;students;;;;1;ml1;1,60477E+14;2;1;22641;45135;5;Professor;375;375;1;Professor;FALSE;psu;3,07264E+14;1;1;1;1;1;1;FALSE;1;0; ;0;;1;1;FALSE
ml1.6;Measures of Anchoring in Estimation Tasks;K. E. Jacowitz and D. Kahneman;1995;Personality and Social Psychology Bulletin;21;11;Social;6;447;4,16612E+14;984215705,4;103;main effect;4,89464E+14;2276602513;68;68;9,93702E+14;9,91429E+14;9,49436E+14;United States;United States;English;English;0;0;credit;credit;students;students;;;;1;ml1;1,17487E+13;2;1;22641;45135;5;Professor;801;801;1;Professor;FALSE;psuabington;3,32168E+14;1;1;1;1;1;1;FALSE;1;0; ;0;;1;1;FALSE
ml1.6;Measures of Anchoring in Estimation Tasks;K. E. Jacowitz and D. Kahneman;1995;Personality and Social Psychology Bulletin;21;11;Social;6;447;4,16612E+14;984215705,4;103;main effect;4,53253E+14;725631520;90;90;9,93702E+14;9,95621E+14;9,8602E+14;United States;United States;English;English;0;0;credit;credit;students;students;;;;1;ml1;1,08795E+13;2;1;22641;45135;5;Professor;440;440;0;Professor;FALSE;qccuny;2,90297E+14;1;1;1;1;1;1;FALSE;1;0; ;0;;1;1;FALSE
ml1.6;Measures of Anchoring in Estimation Tasks;K. E. Jacowitz and D. Kahneman;1995;Personality and Social Psychology Bulletin;21;11;Social;6;447;4,16612E+14;984215705,4;103;main effect;6,74691E+14;3202,039298;75;75;9,93702E+14;1E+15;9,66079E+14;United States;United States;English;English;0;0;credit;credit;students;students;;;;1;ml1;1,61947E+14;2;1;22641;45135;5;Professor;636;636;1;Professor;FALSE;qccuny2;3,16942E+13;1;1;1;1;1;1;FALSE;1;0; ;0;;1;1;FALSE
ml1.6;Measures of Anchoring in Estimation Tasks;K. E. Jacowitz and D. Kahneman;1995;Personality and Social Psychology Bulletin;21;11;Social;6;447;4,16612E+14;984215705,4;103;main effect;4,21521E+14;17497624,89;142;142;9,93702E+14;9,99606E+14;9,99492E+14;United States;United States;English;English;0;0;credit;credit;students;students;;;;1;ml1;1,01178E+14;2;1;22641;45135;5;Professor;1359;1359;1;Professor;FALSE;sandiegosu;2,32537E+14;1;1;1;1;1;1;FALSE;1;0; ;0;;1;1;FALSE
ml1.6;Measures of Anchoring in Estimation Tasks;K. E. Jacowitz and D. Kahneman;1995;Personality and Social Psychology Bulletin;21;11;Social;6;447;4,16612E+14;984215705,4;103;main effect;4,34557E+14;2,38387E+14;67;67;9,93702E+14;9,6314E+14;9,46513E+14;United States;Czech Republic;English;Czech;0;0;credit;mixed;students;students;;;;1;ml1;1,04307E+14;2;2;22641;45135;5;Professor;90;114;1;Professor;FALSE;seznam;3,34527E+14;0;0;1;1;1;0;FALSE;1;0; ;0;;1;1;FALSE
ml1.6;Measures of Anchoring in Estimation Tasks;K. E. Jacowitz and D. Kahneman;1995;Personality and Social Psychology Bulletin;21;11;Social;6;447;4,16612E+14;984215705,4;103;main effect;5,75856E+14;1211671884;50;50;9,93702E+14;9,95011E+14;8,65973E+14;United States;Poland;English;Polish;0;0;credit;credit;students;students;;;;1;ml1;1,38224E+14;2;51;22641;45135;5;Professor;49772;9039;56;Professor;FALSE;swps;3,84319E+14;0;0;1;1;1;0;FALSE;1;0; ;0;;1;1;FALSE
ml1.6;Measures of Anchoring in Estimation Tasks;K. E. Jacowitz and D. Kahneman;1995;Personality and Social Psychology Bulletin;21;11;Social;6;447;4,16612E+14;984215705,4;103;main effect;3,83091E+14;3616330627;110;110;9,93702E+14;9,87214E+14;9,9594E+13;United States;Poland;English;Polish;0;1;credit;nothing;students;online;;;;1;ml1;9,19538E+14;2;51;22641;45135;5;Professor;49772;9039;56;Professor;FALSE;swpson;2,63393E+14;0;0;0;0;1;0;FALSE;1;0; ;0;;1;1;FALSE
ml1.6;Measures of Anchoring in Estimation Tasks;K. E. Jacowitz and D. Kahneman;1995;Personality and Social Psychology Bulletin;21;11;Social;6;447;4,16612E+14;984215705,4;103;main effect;5,42773E+14;7,17823487;163;163;9,93702E+14;1E+15;9,99877E+14;United States;United States;English;English;0;0;credit;credit;students;students;;;;1;ml1;1,30282E+14;2;51;22641;45135;5;Professor;49772;9039;56;Professor;FALSE;tamu;2,17354E+14;1;1;1;1;1;1;FALSE;1;0; ;0;;1;1;FALSE
ml1.6;Measures of Anchoring in Estimation Tasks;K. E. Jacowitz and D. Kahneman;1995;Personality and Social Psychology Bulletin;21;11;Social;6;447;4,16612E+14;984215705,4;103;main effect;5,36181E+14;29612797,63;80;80;9,93702E+14;9,99554E+14;9,74645E+14;United States;United States;English;English;0;0;credit;credit;students;students;;;;1;ml1;1,287E+14;2;2;22641;45135;5;Professor;1315;211;0;Professor;FALSE;tamuc;3,07264E+14;1;1;1;1;1;1;FALSE;1;0; ;0;;1;1;FALSE
ml1.6;Measures of Anchoring in Estimation Tasks;K. E. Jacowitz and D. Kahneman;1995;Personality and Social Psychology Bulletin;21;11;Social;6;447;4,16612E+14;984215705,4;103;main effect;4,99925E+14;37,40275354;186;186;9,93702E+14;1E+15;9,99975E+14;United States;United States;English;English;0;1;credit;;students;online;;;;1;ml1;1,19998E+14;2;51;22641;45135;5;Professor;49772;9039;56;Professor;FALSE;tamuon;2,03735E+14;1;1;0;0;1;1;FALSE;1;0; ;0;;1;1;FALSE
ml1.6;Measures of Anchoring in Estimation Tasks;K. E. Jacowitz and D. Kahneman;1995;Personality and Social Psychology Bulletin;21;11;Social;6;447;4,16612E+14;984215705,4;103;main effect;4,47397E+14;4,8432E+14;67;67;9,93702E+14;9,72359E+14;9,46513E+14;United States;Netherlands;English;Dutch;0;0;credit;credit;students;students;;;;1;ml1;1,07389E+13;2;4;22641;45135;5;Professor;33925;509;75;Professor;FALSE;tilburg;3,34527E+14;0;0;1;1;1;0;FALSE;1;0; ;0;;1;1;FALSE
ml1.6;Measures of Anchoring in Estimation Tasks;K. E. Jacowitz and D. Kahneman;1995;Personality and Social Psychology Bulletin;21;11;Social;6;447;4,16612E+14;984215705,4;103;main effect;5,74954E+14;1818,538553;115;115;9,93702E+14;1E+15;9,97044E+14;United States;United States;English;English;0;0;credit;credit;students;students;;;;1;ml1;1,38007E+14;2;1;22641;45135;5;Professor;167;167;0;Professor;FALSE;ufl;2,57746E+14;1;1;1;1;1;1;FALSE;1;0; ;0;;1;1;FALSE
ml1.6;Measures of Anchoring in Estimation Tasks;K. E. Jacowitz and D. Kahneman;1995;Personality and Social Psychology Bulletin;21;11;Social;6;447;4,16612E+14;984215705,4;103;main effect;3,71011E+14;8,94497E+14;77;77;9,93702E+14;9,20833E+14;9,6979E+14;United States;United States;English;English;0;0;credit;credit;students;students;;;;1;ml1;8,90544E+14;2;1;22641;45135;5;Professor;161;161;0;Professor;FALSE;uva;3,12962E+14;1;1;1;1;1;1;FALSE;1;0; ;0;;1;1;FALSE
ml1.6;Measures of Anchoring in Estimation Tasks;K. E. Jacowitz and D. Kahneman;1995;Personality and Social Psychology Bulletin;21;11;Social;6;447;4,16612E+14;984215705,4;103;main effect;5,35381E+14;4556473,259;91;91;9,93702E+14;9,9988E+13;9,8684E+13;United States;United States;English;English;0;0;credit;credit;students;students;;;;1;ml1;1,28508E+14;2;2;22641;45135;5;Professor;123;194;5;Professor;FALSE;vcu;2,88751E+14;1;1;1;1;1;1;FALSE;1;0; ;0;;1;1;FALSE
ml1.6;Measures of Anchoring in Estimation Tasks;K. E. Jacowitz and D. Kahneman;1995;Personality and Social Psychology Bulletin;21;11;Social;6;447;4,16612E+14;984215705,4;103;main effect;4,17182E+14;1,06839E+14;81;81;9,93702E+14;9,76435E+13;9,76092E+14;United States;United States;English;English;0;0;credit;mixed;students;students;;;;1;ml1;1,00137E+14;2;1;22641;45135;5;Professor;213;213;0;Professor;FALSE;washlee;3,05433E+14;1;1;1;1;1;1;FALSE;1;0; ;0;;1;1;FALSE
ml1.6;Measures of Anchoring in Estimation Tasks;K. E. Jacowitz and D. Kahneman;1995;Personality and Social Psychology Bulletin;21;11;Social;6;447;4,16612E+14;984215705,4;103;main effect;6,99883E+14;4393,829864;67;67;9,93702E+14;1E+14;9,46513E+14;United States;Canada;English;English;0;0;credit;credit;students;students;;;;1;ml1;1,67994E+14;2;1;22641;45135;5;Professor;66;66;1;Professor;FALSE;wilfredlaur;3,34527E+14;0;1;1;1;1;0;FALSE;1;0; ;0;;1;1;FALSE
ml1.6;Measures of Anchoring in Estimation Tasks;K. E. Jacowitz and D. Kahneman;1995;Personality and Social Psychology Bulletin;21;11;Social;6;447;4,16612E+14;984215705,4;103;main effect;5,02506E+14;60769515,92;88;88;9,93702E+14;9,99212E+14;9,84231E+14;United States;United States;English;English;0;0;credit;credit;students;students;;;;1;ml1;1,20617E+14;2;1;22641;45135;5;Professor;387;387;0;Professor;FALSE;wisc;2,9347E+14;1;1;1;1;1;1;FALSE;1;0; ;0;;1;1;FALSE
ml1.6;Measures of Anchoring in Estimation Tasks;K. E. Jacowitz and D. Kahneman;1995;Personality and Social Psychology Bulletin;21;11;Social;6;447;4,16612E+14;984215705,4;103;main effect;5,10775E+14;69011855,74;84;84;9,93702E+14;9,99156E+14;9,79977E+14;United States;United States;English;English;0;0;credit;credit;students;students;;;;1;ml1;1,22602E+14;2;1;22641;45135;5;Professor;165;165;1;Professor;FALSE;wku;3,0013E+14;1;1;1;1;1;1;FALSE;1;0; ;0;;1;1;FALSE
ml1.6;Measures of Anchoring in Estimation Tasks;K. E. Jacowitz and D. Kahneman;1995;Personality and Social Psychology Bulletin;21;11;Social;6;447;4,16612E+14;984215705,4;103;main effect;5,11976E+14;141639548,1;79;79;9,93702E+14;9,98632E+14;9,73115E+14;United States;United States;English;English;0;0;credit;credit;students;students;;;;1;ml1;1,2289E+14;2;2;22641;45135;5;Professor;161;270;0;Professor;FALSE;wpi;3,09129E+14;1;1;1;1;1;1;FALSE;1;0; ;0;;1;1;FALSE
ml1.7;The retrospective gambler's fallacy: Unlikely events, constructing the past, and multiple universes;Benoît Monin and Daniel M. Oppenheimer;2009;Judgment and Decision Making;4;5;Cognitive;9;27;2,3543E+14;1,08506E+14;80;main effect;2,97431E+14;1,169E-107;5942;5942;5,62318E+14;1;1;United States;United States;English;English;0;0;credit;credit;students;students;;;;1;ml1;1,26335E+14;2;51;1613;1881;1;Professor;49772;9039;56;Professor;TRUE;;3,63123E+14;1;1;1;1;1;1;FALSE;0;0; ;0;;; ;FALSE
ml1.7;The retrospective gambler's fallacy: Unlikely events, constructing the past, and multiple universes;Benoît Monin and Daniel M. Oppenheimer;2009;Judgment and Decision Making;4;5;Cognitive;9;27;2,3543E+14;1,08506E+14;80;main effect;1,76708E+14;6,00046E+14;114;114;5,62318E+14;4,71582E+14;7,18249E+14;United States;Brazil;English;Portuguese;0;0;credit;nothing;students;students;;;;0;ml1;7,50575E+14;2;1;1613;1881;1;Professor;107;107;1;Professor;FALSE;brasilia;2,58853E+14;0;0;1;1;1;0;FALSE;0;0; ;0;;; ;FALSE
ml1.7;The retrospective gambler's fallacy: Unlikely events, constructing the past, and multiple universes;Benoît Monin and Daniel M. Oppenheimer;2009;Judgment and Decision Making;4;5;Cognitive;9;27;2,3543E+14;1,08506E+14;80;main effect;2,99964E+14;5,86722E+14;83;83;5,62318E+14;7,947E+14;5,78199E+14;United States;United States;English;English;0;0;credit;credit;students;students;;;;1;ml1;1,27411E+14;2;1;1613;1881;1;Professor;197;197;1;Professor;FALSE;conncoll;3,01867E+14;1;1;1;1;1;1;FALSE;0;0; ;0;;; ;FALSE
ml1.7;The retrospective gambler's fallacy: Unlikely events, constructing the past, and multiple universes;Benoît Monin and Daniel M. Oppenheimer;2009;Judgment and Decision Making;4;5;Cognitive;9;27;2,3543E+14;1,08506E+14;80;main effect;2,49092E+14;1,66472E+14;92;92;5,62318E+14;6,74331E+14;6,23348E+13;United States;United States;English;English;0;1;credit;;students;online;;;;1;ml1;1,05803E+14;2;1;1613;1881;1;Professor;252;252;1;Professor;FALSE;csun;2,8723E+14;1;1;0;0;1;1;FALSE;0;0; ;0;;; ;FALSE
ml1.7;The retrospective gambler's fallacy: Unlikely events, constructing the past, and multiple universes;Benoît Monin and Daniel M. Oppenheimer;2009;Judgment and Decision Making;4;5;Cognitive;9;27;2,3543E+14;1,08506E+14;80;main effect;2,54362E+14;1,23893E+14;96;96;5,62318E+14;7,12113E+13;6,42218E+14;United States;Malaysia;English;Malay;0;0;credit;credit;students;students;;;;1;ml1;10804136819;2;1;1613;1881;1;Professor;52;52;0;Professor;FALSE;help;2,81376E+14;0;0;1;1;1;0;FALSE;0;0; ;0;;; ;FALSE
ml1.7;The retrospective gambler's fallacy: Unlikely events, constructing the past, and multiple universes;Benoît Monin and Daniel M. Oppenheimer;2009;Judgment and Decision Making;4;5;Cognitive;9;27;2,3543E+14;1,08506E+14;80;main effect;3,61295E+14;6,80851E+14;85;85;5,62318E+14;9,31127E+14;5,88555E+14;United States;United States;English;English;0;0;credit;credit;students;students;;;;1;ml1;1,53462E+14;2;1;1613;1881;1;Professor;300;300;0;Professor;FALSE;ithaca;2,98422E+14;1;1;1;1;1;1;FALSE;0;0; ;0;;; ;FALSE
ml1.7;The retrospective gambler's fallacy: Unlikely events, constructing the past, and multiple universes;Benoît Monin and Daniel M. Oppenheimer;2009;Judgment and Decision Making;4;5;Cognitive;9;27;2,3543E+14;1,08506E+14;80;main effect;3,39893E+14;847736136,8;164;164;5,62318E+14;9,94518E+14;8,62746E+14;United States;United States;English;English;0;1;credit;;students;online;;;;1;ml1;1,44371E+14;2;1;1613;1881;1;Professor;147;147;0;Professor;FALSE;jmu;2,16703E+14;1;1;0;0;1;1;FALSE;0;0; ;0;;; ;FALSE
ml1.7;The retrospective gambler's fallacy: Unlikely events, constructing the past, and multiple universes;Benoît Monin and Daniel M. Oppenheimer;2009;Judgment and Decision Making;4;5;Cognitive;9;27;2,3543E+14;1,08506E+14;80;main effect;2,5827E+14;8,11898E+14;104;104;5,62318E+14;7,60231E+14;6,77779E+14;United States;Turkey;English;Turkish;0;1;credit;;students;online;;;;1;ml1;1,09701E+14;2;1;1613;1881;1;Professor;218;218;0;Professor;FALSE;koc;2,70668E+14;0;0;0;0;1;0;FALSE;0;0; ;0;;; ;FALSE
ml1.7;The retrospective gambler's fallacy: Unlikely events, constructing the past, and multiple universes;Benoît Monin and Daniel M. Oppenheimer;2009;Judgment and Decision Making;4;5;Cognitive;9;27;2,3543E+14;1,08506E+14;80;main effect;2,55737E+14;2,12797E+13;142;142;5,62318E+14;8,71454E+14;8,09935E+14;United States;United States;English;English;0;0;credit;credit;students;students;;;;1;ml1;1,08625E+14;2;2;1613;1881;1;Professor;502;601;5;Professor;FALSE;loyola;2,32537E+14;1;1;1;1;1;1;FALSE;0;0; ;0;;; ;FALSE
ml1.7;The retrospective gambler's fallacy: Unlikely events, constructing the past, and multiple universes;Benoît Monin and Daniel M. Oppenheimer;2009;Judgment and Decision Making;4;5;Cognitive;9;27;2,3543E+14;1,08506E+14;80;main effect;3,08575E+13;49939885,18;255;255;5,62318E+14;9,99073E+14;9,68247E+14;United States;United Kingdom;English;English;0;0;credit;cash;students;community;;;;1;ml1;1,31069E+14;2;1;1613;1881;1;Professor;169;169;0;Professor;FALSE;lse;1,74353E+13;0;1;1;0;1;0;FALSE;0;0; ;0;;; ;FALSE
ml1.7;The retrospective gambler's fallacy: Unlikely events, constructing the past, and multiple universes;Benoît Monin and Daniel M. Oppenheimer;2009;Judgment and Decision Making;4;5;Cognitive;9;27;2,3543E+14;1,08506E+14;80;main effect;2,4685E+14;1,70615E+13;93;93;5,62318E+14;6,70946E+14;6,28135E+14;United States;United States;English;English;0;1;credit;;students;online;;;;1;ml1;1,04851E+13;2;51;1613;1881;1;Professor;49772;9039;56;Professor;FALSE;mcdanielonline;2,85732E+13;1;1;0;0;1;1;FALSE;0;0; ;0;;; ;FALSE
ml1.7;The retrospective gambler's fallacy: Unlikely events, constructing the past, and multiple universes;Benoît Monin and Daniel M. Oppenheimer;2009;Judgment and Decision Making;4;5;Cognitive;9;27;2,3543E+14;1,08506E+14;80;main effect;1,71861E+14;1,45979E+14;73;73;5,62318E+14;3,09011E+14;5,2366E+14;United States;Canada;English;English;0;0;credit;mixed;students;students;;;;0;ml1;7,29989E+13;2;2;1613;1881;1;Professor;2415;431;5;Professor;FALSE;msvu;3,21077E+13;0;1;1;1;1;0;FALSE;0;0; ;0;;; ;FALSE
ml1.7;The retrospective gambler's fallacy: Unlikely events, constructing the past, and multiple universes;Benoît Monin and Daniel M. Oppenheimer;2009;Judgment and Decision Making;4;5;Cognitive;9;27;2,3543E+14;1,08506E+14;80;main effect;2,96667E+14;2,21054E-08;981;981;5,62318E+14;1E+15;1E+15;United States;United States;English;English;0;1;credit;cash;students;online;;;;1;ml1;1,26011E+13;2;1;1613;1881;1;Professor;1182;1182;1;Professor;FALSE;mturk;8,93139E+14;1;1;0;0;1;1;FALSE;0;0; ;0;;; ;FALSE
ml1.7;The retrospective gambler's fallacy: Unlikely events, constructing the past, and multiple universes;Benoît Monin and Daniel M. Oppenheimer;2009;Judgment and Decision Making;4;5;Cognitive;9;27;2,3543E+14;1,08506E+14;80;main effect;5,06228E+14;569845,7763;102;102;5,62318E+14;9,99848E+14;6,69158E+14;United States;United States;English;English;0;0;credit;mixed;students;students;;;;1;ml1;2,15023E+14;2;1;1613;1881;1;Professor;401;401;0;Professor;FALSE;occid;2,7323E+14;1;1;1;1;1;1;FALSE;0;0; ;0;;; ;FALSE
ml1.7;The retrospective gambler's fallacy: Unlikely events, constructing the past, and multiple universes;Benoît Monin and Daniel M. Oppenheimer;2009;Judgment and Decision Making;4;5;Cognitive;9;27;2,3543E+14;1,08506E+14;80;main effect;5,60754E+14;5,69919E+14;105;105;5,62318E+14;8,77083E+14;6,82022E+13;United States;United States;English;English;0;0;credit;credit;students;students;;;;0;ml1;2,38183E+14;2;2;1613;1881;1;Professor;785;105;1;Professor;FALSE;osu;2,69413E+14;1;1;1;1;1;1;FALSE;0;0; ;0;;; ;FALSE
ml1.7;The retrospective gambler's fallacy: Unlikely events, constructing the past, and multiple universes;Benoît Monin and Daniel M. Oppenheimer;2009;Judgment and Decision Making;4;5;Cognitive;9;27;2,3543E+14;1,08506E+14;80;main effect;3,56574E+14;4164021249;126;126;5,62318E+14;9,85776E+14;7,61259E+14;United States;Italy;English;Italian;0;1;credit;;students;online;;;;1;ml1;1,51456E+14;2;1;1613;1881;1;Professor;115;115;0;Professor;FALSE;padua;2,46537E+14;0;0;0;0;1;0;FALSE;0;0; ;0;;; ;FALSE
ml1.7;The retrospective gambler's fallacy: Unlikely events, constructing the past, and multiple universes;Benoît Monin and Daniel M. Oppenheimer;2009;Judgment and Decision Making;4;5;Cognitive;9;27;2,3543E+14;1,08506E+14;80;main effect;3,37008E+14;2,3144E-19;1204;1204;5,62318E+14;1;1E+15;United States;United States;English;English;0;1;credit;nothing;students;online;;;;1;ml1;1,43146E+13;2;1;1613;1881;1;Professor;52;52;1;Professor;FALSE;pi;8,06651E+14;1;1;0;0;1;1;FALSE;0;0; ;0;;; ;FALSE
ml1.7;The retrospective gambler's fallacy: Unlikely events, constructing the past, and multiple universes;Benoît Monin and Daniel M. Oppenheimer;2009;Judgment and Decision Making;4;5;Cognitive;9;27;2,3543E+14;1,08506E+14;80;main effect;2,82564E+14;6,06484E+14;93;93;5,62318E+14;7,9067E+14;6,28135E+14;United States;United States;English;English;0;0;credit;credit;students;students;;;;1;ml1;1,2002E+14;2;1;1613;1881;1;Professor;375;375;1;Professor;FALSE;psu;2,85732E+13;1;1;1;1;1;1;FALSE;0;0; ;0;;; ;FALSE
ml1.7;The retrospective gambler's fallacy: Unlikely events, constructing the past, and multiple universes;Benoît Monin and Daniel M. Oppenheimer;2009;Judgment and Decision Making;4;5;Cognitive;9;27;2,3543E+14;1,08506E+14;80;main effect;2,89383E+14;9,22657E+14;80;80;5,62318E+14;7,48064E+14;5,62318E+14;United States;United States;English;English;0;0;credit;credit;students;students;;;;1;ml1;1,22917E+14;2;1;1613;1881;1;Professor;801;801;1;Professor;FALSE;psuabington;3,07264E+14;1;1;1;1;1;1;FALSE;0;0; ;0;;; ;FALSE
ml1.7;The retrospective gambler's fallacy: Unlikely events, constructing the past, and multiple universes;Benoît Monin and Daniel M. Oppenheimer;2009;Judgment and Decision Making;4;5;Cognitive;9;27;2,3543E+14;1,08506E+14;80;main effect;2,0716E+14;4,6324E+14;93;93;5,62318E+14;5,17347E+14;6,28135E+14;United States;United States;English;English;0;0;credit;credit;students;students;;;;1;ml1;8,79922E+14;2;1;1613;1881;1;Professor;440;440;0;Professor;FALSE;qccuny;2,85732E+13;1;1;1;1;1;1;FALSE;0;0; ;0;;; ;FALSE
ml1.7;The retrospective gambler's fallacy: Unlikely events, constructing the past, and multiple universes;Benoît Monin and Daniel M. Oppenheimer;2009;Judgment and Decision Making;4;5;Cognitive;9;27;2,3543E+14;1,08506E+14;80;main effect;1,69612E+14;1,32554E+14;80;80;5,62318E+14;3,26836E+14;5,62318E+14;United States;United States;English;English;0;0;credit;credit;students;students;;;;0;ml1;7,20437E+14;2;1;1613;1881;1;Professor;636;636;1;Professor;FALSE;qccuny2;3,07264E+14;1;1;1;1;1;1;FALSE;0;0; ;0;;; ;FALSE
ml1.7;The retrospective gambler's fallacy: Unlikely events, constructing the past, and multiple universes;Benoît Monin and Daniel M. Oppenheimer;2009;Judgment and Decision Making;4;5;Cognitive;9;27;2,3543E+14;1,08506E+14;80;main effect;2,95105E+14;1,59228E+14;159;159;5,62318E+14;9,67818E+14;8,52037E+14;United States;United States;English;English;0;0;credit;credit;students;students;;;;1;ml1;1,25347E+14;2;1;1613;1881;1;Professor;1359;1359;1;Professor;FALSE;sandiegosu;2,20017E+14;1;1;1;1;1;1;FALSE;0;0; ;0;;; ;FALSE
ml1.7;The retrospective gambler's fallacy: Unlikely events, constructing the past, and multiple universes;Benoît Monin and Daniel M. Oppenheimer;2009;Judgment and Decision Making;4;5;Cognitive;9;27;2,3543E+14;1,08506E+14;80;main effect;4,02619E+14;4,54581E+14;72;72;5,62318E+14;9,45943E+14;5,17956E+14;United States;Czech Republic;English;Czech;0;0;credit;mixed;students;students;;;;1;ml1;1,71014E+14;2;2;1613;1881;1;Professor;90;114;1;Professor;FALSE;seznam;3,23206E+14;0;0;1;1;1;0;FALSE;0;0; ;0;;; ;FALSE
ml1.7;The retrospective gambler's fallacy: Unlikely events, constructing the past, and multiple universes;Benoît Monin and Daniel M. Oppenheimer;2009;Judgment and Decision Making;4;5;Cognitive;9;27;2,3543E+14;1,08506E+14;80;main effect;5,84012E+14;6,11529E+14;78;78;5,62318E+14;7,99705E+14;5,51501E+14;United States;Poland;English;Polish;0;0;credit;credit;students;students;;;;0;ml1;2,48062E+14;2;51;1613;1881;1;Professor;49772;9039;56;Professor;FALSE;swps;3,11028E+14;0;0;1;1;1;0;FALSE;0;0; ;0;;; ;FALSE
ml1.7;The retrospective gambler's fallacy: Unlikely events, constructing the past, and multiple universes;Benoît Monin and Daniel M. Oppenheimer;2009;Judgment and Decision Making;4;5;Cognitive;9;27;2,3543E+14;1,08506E+14;80;main effect;2,86018E+14;3,23285E+12;154;154;5,62318E+14;9,52155E+14;8,40598E+14;United States;Poland;English;Polish;0;1;credit;nothing;students;online;;;;1;ml1;1,21487E+14;2;51;1613;1881;1;Professor;49772;9039;56;Professor;FALSE;swpson;2,23487E+14;0;0;0;0;1;0;FALSE;0;0; ;0;;; ;FALSE
ml1.7;The retrospective gambler's fallacy: Unlikely events, constructing the past, and multiple universes;Benoît Monin and Daniel M. Oppenheimer;2009;Judgment and Decision Making;4;5;Cognitive;9;27;2,3543E+14;1,08506E+14;80;main effect;3,50199E+13;165177537;178;178;5,62318E+14;9,98072E+13;8,89155E+14;United States;United States;English;English;0;0;credit;credit;students;students;;;;1;ml1;1,48749E+14;2;51;1613;1881;1;Professor;49772;9039;56;Professor;FALSE;tamu;2,08162E+14;1;1;1;1;1;1;FALSE;0;0; ;0;;; ;FALSE
ml1.7;The retrospective gambler's fallacy: Unlikely events, constructing the past, and multiple universes;Benoît Monin and Daniel M. Oppenheimer;2009;Judgment and Decision Making;4;5;Cognitive;9;27;2,3543E+14;1,08506E+14;80;main effect;3,51763E+14;1,28084E+14;81;81;5,62318E+14;9,0372E+14;5,67657E+14;United States;United States;English;English;0;0;credit;credit;students;students;;;;1;ml1;1,49413E+14;2;2;1613;1881;1;Professor;1315;211;0;Professor;FALSE;tamuc;3,05433E+14;1;1;1;1;1;1;FALSE;0;0; ;0;;; ;FALSE
ml1.7;The retrospective gambler's fallacy: Unlikely events, constructing the past, and multiple universes;Benoît Monin and Daniel M. Oppenheimer;2009;Judgment and Decision Making;4;5;Cognitive;9;27;2,3543E+14;1,08506E+14;80;main effect;2,85048E+14;2299435139;214;214;5,62318E+14;9,8949E+14;9,37314E+14;United States;United States;English;English;0;1;credit;;students;online;;;;1;ml1;1,21076E+14;2;51;1613;1881;1;Professor;49772;9039;56;Professor;FALSE;tamuon;1,90115E+13;1;1;0;0;1;1;FALSE;0;0; ;0;;; ;FALSE
ml1.7;The retrospective gambler's fallacy: Unlikely events, constructing the past, and multiple universes;Benoît Monin and Daniel M. Oppenheimer;2009;Judgment and Decision Making;4;5;Cognitive;9;27;2,3543E+14;1,08506E+14;80;main effect;3,25397E+14;4,67019E+14;74;74;5,62318E+14;8,16539E+14;5,29319E+14;United States;Netherlands;English;Dutch;0;0;credit;credit;students;students;;;;1;ml1;1,38214E+14;2;4;1613;1881;1;Professor;33925;509;75;Professor;FALSE;tilburg;3,18989E+14;0;0;1;1;1;0;FALSE;0;0; ;0;;; ;FALSE
ml1.7;The retrospective gambler's fallacy: Unlikely events, constructing the past, and multiple universes;Benoît Monin and Daniel M. Oppenheimer;2009;Judgment and Decision Making;4;5;Cognitive;9;27;2,3543E+14;1,08506E+14;80;main effect;1,88647E+14;4,16553E+14;117;117;5,62318E+14;5,34363E+14;7,29555E+13;United States;United States;English;English;0;0;credit;credit;students;students;;;;1;ml1;8,01287E+14;2;1;1613;1881;1;Professor;167;167;0;Professor;FALSE;ufl;2,55575E+14;1;1;1;1;1;1;FALSE;0;0; ;0;;; ;FALSE
ml1.7;The retrospective gambler's fallacy: Unlikely events, constructing the past, and multiple universes;Benoît Monin and Daniel M. Oppenheimer;2009;Judgment and Decision Making;4;5;Cognitive;9;27;2,3543E+14;1,08506E+14;80;main effect;4,93204E+14;518265879,6;77;77;5,62318E+14;9,96675E+14;5,46024E+14;United States;United States;English;English;0;0;credit;credit;students;students;;;;1;ml1;2,09491E+14;2;1;1613;1881;1;Professor;161;161;0;Professor;FALSE;uva;3,12962E+14;1;1;1;1;1;1;FALSE;0;0; ;0;;; ;FALSE
ml1.7;The retrospective gambler's fallacy: Unlikely events, constructing the past, and multiple universes;Benoît Monin and Daniel M. Oppenheimer;2009;Judgment and Decision Making;4;5;Cognitive;9;27;2,3543E+14;1,08506E+14;80;main effect;3,40246E+14;3,58894E+14;106;106;5,62318E+14;9,50698E+14;6,86222E+14;United States;United States;English;English;0;0;credit;credit;students;students;;;;1;ml1;1,44521E+14;2;2;1613;1881;1;Professor;123;194;5;Professor;FALSE;vcu;2,68176E+14;1;1;1;1;1;1;FALSE;0;0; ;0;;; ;FALSE
ml1.7;The retrospective gambler's fallacy: Unlikely events, constructing the past, and multiple universes;Benoît Monin and Daniel M. Oppenheimer;2009;Judgment and Decision Making;4;5;Cognitive;9;27;2,3543E+14;1,08506E+14;80;main effect;3,59826E+14;7,42222E+14;86;86;5,62318E+14;6,23448E+14;5,93664E+14;United States;United States;English;English;0;0;credit;mixed;students;students;;;;0;ml1;1,52838E+14;2;1;1613;1881;1;Professor;213;213;0;Professor;FALSE;washlee;2,96744E+13;1;1;1;1;1;1;FALSE;0;0; ;0;;; ;FALSE
ml1.7;The retrospective gambler's fallacy: Unlikely events, constructing the past, and multiple universes;Benoît Monin and Daniel M. Oppenheimer;2009;Judgment and Decision Making;4;5;Cognitive;9;27;2,3543E+14;1,08506E+14;80;main effect;4,38804E+14;253734313,9;106;106;5,62318E+14;9,97727E+13;6,86222E+14;United States;Canada;English;English;0;0;credit;credit;students;students;;;;1;ml1;1,86384E+14;2;1;1613;1881;1;Professor;66;66;1;Professor;FALSE;wilfredlaur;2,68176E+14;0;1;1;1;1;0;FALSE;0;0; ;0;;; ;FALSE
ml1.7;The retrospective gambler's fallacy: Unlikely events, constructing the past, and multiple universes;Benoît Monin and Daniel M. Oppenheimer;2009;Judgment and Decision Making;4;5;Cognitive;9;27;2,3543E+14;1,08506E+14;80;main effect;3,71669E+14;2,25764E+14;94;94;5,62318E+14;9,62579E+13;6,32875E+14;United States;United States;English;English;0;0;credit;credit;students;students;;;;1;ml1;1,57868E+14;2;1;1613;1881;1;Professor;387;387;0;Professor;FALSE;wisc;2,84258E+14;1;1;1;1;1;1;FALSE;0;0; ;0;;; ;FALSE
ml1.7;The retrospective gambler's fallacy: Unlikely events, constructing the past, and multiple universes;Benoît Monin and Daniel M. Oppenheimer;2009;Judgment and Decision Making;4;5;Cognitive;9;27;2,3543E+14;1,08506E+14;80;main effect;2,13495E+14;3,57556E+14;97;97;5,62318E+14;5,60295E+14;6,46821E+14;United States;United States;English;English;0;0;credit;credit;students;students;;;;1;ml1;9,0683E+14;2;1;1613;1881;1;Professor;165;165;1;Professor;FALSE;wku;2,79968E+14;1;1;1;1;1;1;FALSE;0;0; ;0;;; ;FALSE
ml1.7;The retrospective gambler's fallacy: Unlikely events, constructing the past, and multiple universes;Benoît Monin and Daniel M. Oppenheimer;2009;Judgment and Decision Making;4;5;Cognitive;9;27;2,3543E+14;1,08506E+14;80;main effect;4,44228E+14;2306491970;84;84;5,62318E+14;9,90859E+14;5,834E+14;United States;United States;English;English;0;0;credit;credit;students;students;;;;1;ml1;1,88688E+14;2;2;1613;1881;1;Professor;161;270;0;Professor;FALSE;wpi;3,0013E+14;1;1;1;1;1;1;FALSE;0;0; ;0;;; ;FALSE
ml1.8;Response Scales: Effects of Category Range on Reported Behavior and Comparative Judgments;Norbert Schwarz and Hans-J. Hippler and Brigitte Deutsch and Fritz Strack;1985;Public Opinion Quarterly;49;3;Cognitive;1;341;2,41523E+14;5,52208E+14;132;main effect;2,40923E+14;1,91513E-63;5899;5899;8,01763E+14;1;1;Germany;United States;German;English;0;0;nothing;credit;anyone;students;;;;1;ml1;9,97515E+14;4;51;5406;14228;75;Professor;49772;9039;56;Professor;TRUE;;3,64443E+14;0;0;1;0;0;1;FALSE;1;1;1;0;;; ;FALSE
ml1.8;Response Scales: Effects of Category Range on Reported Behavior and Comparative Judgments;Norbert Schwarz and Hans-J. Hippler and Brigitte Deutsch and Fritz Strack;1985;Public Opinion Quarterly;49;3;Cognitive;1;341;2,41523E+14;5,52208E+14;132;main effect;4,13168E+14;6474850153;113;113;8,01763E+14;9,96172E+14;7,37062E+14;Germany;Brazil;German;Portuguese;0;0;nothing;nothing;anyone;students;;;;1;ml1;1,71068E+14;4;1;5406;14228;75;Professor;107;107;1;Professor;FALSE;brasilia;2,59969E+14;0;0;1;0;0;0;FALSE;1;1;1;0;;; ;FALSE
ml1.8;Response Scales: Effects of Category Range on Reported Behavior and Comparative Judgments;Norbert Schwarz and Hans-J. Hippler and Brigitte Deutsch and Fritz Strack;1985;Public Opinion Quarterly;49;3;Cognitive;1;341;2,41523E+14;5,52208E+14;132;main effect;2,15666E+14;4,06006E+14;86;86;8,01763E+14;5,18444E+14;6,16444E+14;Germany;United States;German;English;0;0;nothing;credit;anyone;students;;;;0;ml1;8,9294E+14;4;1;5406;14228;75;Professor;197;197;1;Professor;FALSE;conncoll;2,96744E+13;0;0;1;0;0;1;FALSE;1;1;1;0;;; ;FALSE
ml1.8;Response Scales: Effects of Category Range on Reported Behavior and Comparative Judgments;Norbert Schwarz and Hans-J. Hippler and Brigitte Deutsch and Fritz Strack;1985;Public Opinion Quarterly;49;3;Cognitive;1;341;2,41523E+14;5,52208E+14;132;main effect;2,58931E+14;3,16071E+14;88;88;8,01763E+14;6,8972E+14;6,26624E+14;Germany;United States;German;English;0;1;nothing;;anyone;online;;;;0;ml1;1,07208E+14;4;1;5406;14228;75;Professor;252;252;1;Professor;FALSE;csun;2,9347E+14;0;0;0;0;0;1;FALSE;1;1;1;0;;; ;FALSE
ml1.8;Response Scales: Effects of Category Range on Reported Behavior and Comparative Judgments;Norbert Schwarz and Hans-J. Hippler and Brigitte Deutsch and Fritz Strack;1985;Public Opinion Quarterly;49;3;Cognitive;1;341;2,41523E+14;5,52208E+14;132;main effect;2,24793E+14;5,76254E+14;94;94;8,01763E+14;5,91654E+14;6,55942E+14;Germany;Malaysia;German;Malay;0;0;nothing;credit;anyone;students;;;;0;ml1;9,30732E+14;4;1;5406;14228;75;Professor;52;52;0;Professor;FALSE;help;2,84258E+14;0;0;1;0;0;0;FALSE;1;1;1;0;;; ;FALSE
ml1.8;Response Scales: Effects of Category Range on Reported Behavior and Comparative Judgments;Norbert Schwarz and Hans-J. Hippler and Brigitte Deutsch and Fritz Strack;1985;Public Opinion Quarterly;49;3;Cognitive;1;341;2,41523E+14;5,52208E+14;132;main effect;1,99341E+14;8,83146E+14;76;76;8,01763E+14;4,11442E+14;5,62466E+13;Germany;United States;German;English;0;0;nothing;credit;anyone;students;;;;0;ml1;8,2535E+13;4;1;5406;14228;75;Professor;300;300;0;Professor;FALSE;ithaca;3,14933E+14;0;0;1;0;0;1;FALSE;1;1;1;0;;; ;FALSE
ml1.8;Response Scales: Effects of Category Range on Reported Behavior and Comparative Judgments;Norbert Schwarz and Hans-J. Hippler and Brigitte Deutsch and Fritz Strack;1985;Public Opinion Quarterly;49;3;Cognitive;1;341;2,41523E+14;5,52208E+14;132;main effect;2,02136E+14;5,7372E+13;163;163;8,01763E+14;7,38796E+14;8,78041E+14;Germany;United States;German;English;0;1;nothing;;anyone;online;;;;0;ml1;8,36922E+14;4;1;5406;14228;75;Professor;147;147;0;Professor;FALSE;jmu;2,17354E+14;0;0;0;0;0;1;FALSE;1;1;1;0;;; ;FALSE
ml1.8;Response Scales: Effects of Category Range on Reported Behavior and Comparative Judgments;Norbert Schwarz and Hans-J. Hippler and Brigitte Deutsch and Fritz Strack;1985;Public Opinion Quarterly;49;3;Cognitive;1;341;2,41523E+14;5,52208E+14;132;main effect;8,05906E+14;9,99918E+14;97;97;8,01763E+14;1,23142E+13;6,6992E+14;Germany;Turkey;German;Turkish;0;1;nothing;;anyone;online;;;;0;ml1;3,33677E+14;4;1;5406;14228;75;Professor;218;218;0;Professor;FALSE;koc;2,79968E+14;0;0;0;0;0;0;FALSE;1;1;1;0;;; ;FALSE
ml1.8;Response Scales: Effects of Category Range on Reported Behavior and Comparative Judgments;Norbert Schwarz and Hans-J. Hippler and Brigitte Deutsch and Fritz Strack;1985;Public Opinion Quarterly;49;3;Cognitive;1;341;2,41523E+14;5,52208E+14;132;main effect;2,73281E+14;6,67569E+14;126;126;8,01763E+14;8,77165E+14;7,82974E+14;Germany;United States;German;English;0;0;nothing;credit;anyone;students;;;;0;ml1;1,13149E+14;4;2;5406;14228;75;Professor;502;601;5;Professor;FALSE;loyola;2,46537E+14;0;0;1;0;0;1;FALSE;1;1;1;0;;; ;FALSE
ml1.8;Response Scales: Effects of Category Range on Reported Behavior and Comparative Judgments;Norbert Schwarz and Hans-J. Hippler and Brigitte Deutsch and Fritz Strack;1985;Public Opinion Quarterly;49;3;Cognitive;1;341;2,41523E+14;5,52208E+14;132;main effect;2,63117E+14;8,15806E+14;260;260;8,01763E+14;9,91042E+14;9,77084E+14;Germany;United Kingdom;German;English;0;0;nothing;cash;anyone;community;;;;0;ml1;1,08941E+14;4;1;5406;14228;75;Professor;169;169;0;Professor;FALSE;lse;1,72701E+13;0;0;1;0;0;0;FALSE;1;1;1;0;;; ;FALSE
ml1.8;Response Scales: Effects of Category Range on Reported Behavior and Comparative Judgments;Norbert Schwarz and Hans-J. Hippler and Brigitte Deutsch and Fritz Strack;1985;Public Opinion Quarterly;49;3;Cognitive;1;341;2,41523E+14;5,52208E+14;132;main effect;3,13306E+14;8,0673E+14;87;87;8,01763E+14;8,47691E+14;6,2156E+14;Germany;United States;German;English;0;1;nothing;;anyone;online;;;;0;ml1;1,29721E+14;4;51;5406;14228;75;Professor;49772;9039;56;Professor;FALSE;mcdanielonline;2,95093E+13;0;0;0;0;0;1;FALSE;1;1;1;0;;; ;FALSE
ml1.8;Response Scales: Effects of Category Range on Reported Behavior and Comparative Judgments;Norbert Schwarz and Hans-J. Hippler and Brigitte Deutsch and Fritz Strack;1985;Public Opinion Quarterly;49;3;Cognitive;1;341;2,41523E+14;5,52208E+14;132;main effect;2,38854E+14;9,92093E+13;78;78;8,01763E+14;5,63977E+13;5,73673E+14;Germany;Canada;German;English;0;0;nothing;mixed;anyone;students;;;;0;ml1;9,8895E+14;4;2;5406;14228;75;Professor;2415;431;5;Professor;FALSE;msvu;3,11028E+14;0;0;1;0;0;0;FALSE;1;1;1;0;;; ;FALSE
ml1.8;Response Scales: Effects of Category Range on Reported Behavior and Comparative Judgments;Norbert Schwarz and Hans-J. Hippler and Brigitte Deutsch and Fritz Strack;1985;Public Opinion Quarterly;49;3;Cognitive;1;341;2,41523E+14;5,52208E+14;132;main effect;2,48393E+14;19492324,48;983;983;8,01763E+14;1E+14;1E+15;Germany;United States;German;English;0;1;nothing;cash;anyone;online;;;;1;ml1;1,02844E+14;4;1;5406;14228;75;Professor;1182;1182;1;Professor;FALSE;mturk;8,92238E+14;0;0;0;0;0;1;FALSE;1;1;1;0;;; ;FALSE
ml1.8;Response Scales: Effects of Category Range on Reported Behavior and Comparative Judgments;Norbert Schwarz and Hans-J. Hippler and Brigitte Deutsch and Fritz Strack;1985;Public Opinion Quarterly;49;3;Cognitive;1;341;2,41523E+14;5,52208E+14;132;main effect;2,05614E+14;9,99199E+14;101;101;8,01763E+14;5,45319E+14;6,87862E+14;Germany;United States;German;English;0;0;nothing;mixed;anyone;students;;;;0;ml1;8,51324E+14;4;1;5406;14228;75;Professor;401;401;0;Professor;FALSE;occid;2,74538E+14;0;0;1;0;0;1;FALSE;1;1;1;0;;; ;FALSE
ml1.8;Response Scales: Effects of Category Range on Reported Behavior and Comparative Judgments;Norbert Schwarz and Hans-J. Hippler and Brigitte Deutsch and Fritz Strack;1985;Public Opinion Quarterly;49;3;Cognitive;1;341;2,41523E+14;5,52208E+14;132;main effect;2,13201E+13;9,97733E+14;99;99;8,01763E+14;5,67827E+14;6,7899E+14;Germany;United States;German;English;0;0;nothing;credit;anyone;students;;;;0;ml1;8,82735E+13;4;2;5406;14228;75;Professor;785;105;1;Professor;FALSE;osu;2,77213E+14;0;0;1;0;0;1;FALSE;1;1;1;0;;; ;FALSE
ml1.8;Response Scales: Effects of Category Range on Reported Behavior and Comparative Judgments;Norbert Schwarz and Hans-J. Hippler and Brigitte Deutsch and Fritz Strack;1985;Public Opinion Quarterly;49;3;Cognitive;1;341;2,41523E+14;5,52208E+14;132;main effect;3,58895E+14;9,69323E+14;134;134;8,01763E+14;9,90704E+14;8,07708E+14;Germany;Italy;German;Italian;0;1;nothing;;anyone;online;;;;0;ml1;1,48597E+14;4;1;5406;14228;75;Professor;115;115;0;Professor;FALSE;padua;2,39238E+13;0;0;0;0;0;0;FALSE;1;1;1;0;;; ;FALSE
ml1.8;Response Scales: Effects of Category Range on Reported Behavior and Comparative Judgments;Norbert Schwarz and Hans-J. Hippler and Brigitte Deutsch and Fritz Strack;1985;Public Opinion Quarterly;49;3;Cognitive;1;341;2,41523E+14;5,52208E+14;132;main effect;2,36734E+14;3479867,543;1261;1261;8,01763E+14;1E+15;1E+14;Germany;United States;German;English;0;1;nothing;nothing;anyone;online;;;;1;ml1;9,8017E+14;4;1;5406;14228;75;Professor;52;52;1;Professor;FALSE;pi;7,88206E+14;0;0;0;0;0;1;FALSE;1;1;1;0;;; ;FALSE
ml1.8;Response Scales: Effects of Category Range on Reported Behavior and Comparative Judgments;Norbert Schwarz and Hans-J. Hippler and Brigitte Deutsch and Fritz Strack;1985;Public Opinion Quarterly;49;3;Cognitive;1;341;2,41523E+14;5,52208E+14;132;main effect;2,07364E+14;9,99918E+14;90;90;8,01763E+14;5,04835E+14;6,366E+14;Germany;United States;German;English;0;0;nothing;credit;anyone;students;;;;0;ml1;8,5857E+14;4;1;5406;14228;75;Professor;375;375;1;Professor;FALSE;psu;2,90297E+14;0;0;1;0;0;1;FALSE;1;1;1;0;;; ;FALSE
ml1.8;Response Scales: Effects of Category Range on Reported Behavior and Comparative Judgments;Norbert Schwarz and Hans-J. Hippler and Brigitte Deutsch and Fritz Strack;1985;Public Opinion Quarterly;49;3;Cognitive;1;341;2,41523E+14;5,52208E+14;132;main effect;1,47554E+14;1,89693E+13;79;79;8,01763E+14;2,55932E+14;5,79199E+14;Germany;United States;German;English;0;0;nothing;credit;anyone;students;;;;0;ml1;6,10931E+14;4;1;5406;14228;75;Professor;801;801;1;Professor;FALSE;psuabington;3,09129E+14;0;0;1;0;0;1;FALSE;1;1;1;0;;; ;FALSE
ml1.8;Response Scales: Effects of Category Range on Reported Behavior and Comparative Judgments;Norbert Schwarz and Hans-J. Hippler and Brigitte Deutsch and Fritz Strack;1985;Public Opinion Quarterly;49;3;Cognitive;1;341;2,41523E+14;5,52208E+14;132;main effect;2,995E+14;9,83252E+14;100;100;8,01763E+14;8,63586E+14;6,8345E+14;Germany;United States;German;English;0;0;nothing;credit;anyone;students;;;;0;ml1;1,24005E+14;4;1;5406;14228;75;Professor;440;440;0;Professor;FALSE;qccuny;2,75866E+14;0;0;1;0;0;1;FALSE;1;1;1;0;;; ;FALSE
ml1.8;Response Scales: Effects of Category Range on Reported Behavior and Comparative Judgments;Norbert Schwarz and Hans-J. Hippler and Brigitte Deutsch and Fritz Strack;1985;Public Opinion Quarterly;49;3;Cognitive;1;341;2,41523E+14;5,52208E+14;132;main effect;2,74191E+14;9,99221E+14;83;83;8,01763E+14;7,15725E+14;6,0079E+14;Germany;United States;German;English;0;0;nothing;credit;anyone;students;;;;0;ml1;1,13526E+14;4;1;5406;14228;75;Professor;636;636;1;Professor;FALSE;qccuny2;3,01867E+14;0;0;1;0;0;1;FALSE;1;1;1;0;;; ;FALSE
ml1.8;Response Scales: Effects of Category Range on Reported Behavior and Comparative Judgments;Norbert Schwarz and Hans-J. Hippler and Brigitte Deutsch and Fritz Strack;1985;Public Opinion Quarterly;49;3;Cognitive;1;341;2,41523E+14;5,52208E+14;132;main effect;3,26234E+14;7,9607E+14;154;154;8,01763E+14;9,86556E+14;8,59159E+14;Germany;United States;German;English;0;0;nothing;credit;anyone;students;;;;0;ml1;1,35074E+14;4;1;5406;14228;75;Professor;1359;1359;1;Professor;FALSE;sandiegosu;2,23487E+14;0;0;1;0;0;1;FALSE;1;1;1;0;;; ;FALSE
ml1.8;Response Scales: Effects of Category Range on Reported Behavior and Comparative Judgments;Norbert Schwarz and Hans-J. Hippler and Brigitte Deutsch and Fritz Strack;1985;Public Opinion Quarterly;49;3;Cognitive;1;341;2,41523E+14;5,52208E+14;132;main effect;2,68424E+14;1,31635E+14;78;78;8,01763E+14;6,68726E+13;5,73673E+14;Germany;Czech Republic;German;Czech;0;0;nothing;mixed;anyone;students;;;;0;ml1;1,11138E+12;4;2;5406;14228;75;Professor;90;114;1;Professor;FALSE;seznam;3,11028E+14;0;0;1;0;0;0;FALSE;1;1;1;0;;; ;FALSE
ml1.8;Response Scales: Effects of Category Range on Reported Behavior and Comparative Judgments;Norbert Schwarz and Hans-J. Hippler and Brigitte Deutsch and Fritz Strack;1985;Public Opinion Quarterly;49;3;Cognitive;1;341;2,41523E+14;5,52208E+14;132;main effect;4,44687E+14;9,2572E+14;71;71;8,01763E+14;9,77598E+14;5,33558E+14;Germany;Poland;German;Polish;0;0;nothing;credit;anyone;students;;;;0;ml1;1,84118E+14;4;51;5406;14228;75;Professor;49772;9039;56;Professor;FALSE;swps;3,25379E+14;0;0;1;0;0;0;FALSE;1;1;1;0;;; ;FALSE
ml1.8;Response Scales: Effects of Category Range on Reported Behavior and Comparative Judgments;Norbert Schwarz and Hans-J. Hippler and Brigitte Deutsch and Fritz Strack;1985;Public Opinion Quarterly;49;3;Cognitive;1;341;2,41523E+14;5,52208E+14;132;main effect;1,5724E+14;1E+15;127;127;8,01763E+14;4,2534E+14;7,86207E+14;Germany;Poland;German;Polish;0;1;nothing;nothing;anyone;online;;;;0;ml1;6,51035E+14;4;51;5406;14228;75;Professor;49772;9039;56;Professor;FALSE;swpson;2,45588E+14;0;0;0;0;0;0;FALSE;1;1;1;0;;; ;FALSE
ml1.8;Response Scales: Effects of Category Range on Reported Behavior and Comparative Judgments;Norbert Schwarz and Hans-J. Hippler and Brigitte Deutsch and Fritz Strack;1985;Public Opinion Quarterly;49;3;Cognitive;1;341;2,41523E+14;5,52208E+14;132;main effect;1,74128E+14;9,99997E+14;156;156;8,01763E+14;5,87908E+14;8,63566E+13;Germany;United States;German;English;0;0;nothing;credit;anyone;students;;;;0;ml1;7,20958E+14;4;51;5406;14228;75;Professor;49772;9039;56;Professor;FALSE;tamu;2,2208E+14;0;0;1;0;0;1;FALSE;1;1;1;0;;; ;FALSE
ml1.8;Response Scales: Effects of Category Range on Reported Behavior and Comparative Judgments;Norbert Schwarz and Hans-J. Hippler and Brigitte Deutsch and Fritz Strack;1985;Public Opinion Quarterly;49;3;Cognitive;1;341;2,41523E+14;5,52208E+14;132;main effect;4,0096E+14;9,87696E+14;78;78;8,01763E+14;9,5904E+14;5,73673E+14;Germany;United States;German;English;0;0;nothing;credit;anyone;students;;;;0;ml1;1,66013E+14;4;2;5406;14228;75;Professor;1315;211;0;Professor;FALSE;tamuc;3,11028E+14;0;0;1;0;0;1;FALSE;1;1;1;0;;; ;FALSE
ml1.8;Response Scales: Effects of Category Range on Reported Behavior and Comparative Judgments;Norbert Schwarz and Hans-J. Hippler and Brigitte Deutsch and Fritz Strack;1985;Public Opinion Quarterly;49;3;Cognitive;1;341;2,41523E+14;5,52208E+14;132;main effect;1,80408E+14;9,99967E+14;212;212;8,01763E+14;7,52561E+14;9,46268E+14;Germany;United States;German;English;0;1;nothing;;anyone;online;;;;0;ml1;7,46961E+14;4;51;5406;14228;75;Professor;49772;9039;56;Professor;FALSE;tamuon;1,91001E+14;0;0;0;0;0;1;FALSE;1;1;1;0;;; ;FALSE
ml1.8;Response Scales: Effects of Category Range on Reported Behavior and Comparative Judgments;Norbert Schwarz and Hans-J. Hippler and Brigitte Deutsch and Fritz Strack;1985;Public Opinion Quarterly;49;3;Cognitive;1;341;2,41523E+14;5,52208E+14;132;main effect;4,0574E+14;9,92108E+14;80;80;8,01763E+14;9,67006E+14;5,84674E+14;Germany;Netherlands;German;Dutch;0;0;nothing;credit;anyone;students;;;;0;ml1;1,67992E+14;4;4;5406;14228;75;Professor;33925;509;75;Professor;FALSE;tilburg;3,07264E+14;0;0;1;0;0;0;FALSE;1;1;1;0;;; ;FALSE
ml1.8;Response Scales: Effects of Category Range on Reported Behavior and Comparative Judgments;Norbert Schwarz and Hans-J. Hippler and Brigitte Deutsch and Fritz Strack;1985;Public Opinion Quarterly;49;3;Cognitive;1;341;2,41523E+14;5,52208E+14;132;main effect;3,20751E+14;9,97477E+14;118;118;8,01763E+14;9,47284E+14;7,55594E+14;Germany;United States;German;English;0;0;nothing;credit;anyone;students;;;;0;ml1;1,32804E+14;4;1;5406;14228;75;Professor;167;167;0;Professor;FALSE;ufl;2,54572E+13;0;0;1;0;0;1;FALSE;1;1;1;0;;; ;FALSE
ml1.8;Response Scales: Effects of Category Range on Reported Behavior and Comparative Judgments;Norbert Schwarz and Hans-J. Hippler and Brigitte Deutsch and Fritz Strack;1985;Public Opinion Quarterly;49;3;Cognitive;1;341;2,41523E+14;5,52208E+14;132;main effect;1,45068E+14;1;67;67;8,01763E+14;2,17247E+14;5,09524E+14;Germany;United States;German;English;0;0;nothing;credit;anyone;students;;;;0;ml1;6,00639E+14;4;1;5406;14228;75;Professor;161;161;0;Professor;FALSE;uva;3,34527E+14;0;0;1;0;0;1;FALSE;1;1;1;0;;; ;FALSE
ml1.8;Response Scales: Effects of Category Range on Reported Behavior and Comparative Judgments;Norbert Schwarz and Hans-J. Hippler and Brigitte Deutsch and Fritz Strack;1985;Public Opinion Quarterly;49;3;Cognitive;1;341;2,41523E+14;5,52208E+14;132;main effect;2,81769E+14;9,99996E+14;99;99;8,01763E+14;8,13338E+14;6,7899E+14;Germany;United States;German;English;0;0;nothing;credit;anyone;students;;;;0;ml1;1,16664E+14;4;2;5406;14228;75;Professor;123;194;5;Professor;FALSE;vcu;2,77213E+14;0;0;1;0;0;1;FALSE;1;1;1;0;;; ;FALSE
ml1.8;Response Scales: Effects of Category Range on Reported Behavior and Comparative Judgments;Norbert Schwarz and Hans-J. Hippler and Brigitte Deutsch and Fritz Strack;1985;Public Opinion Quarterly;49;3;Cognitive;1;341;2,41523E+14;5,52208E+14;132;main effect;1,26313E+14;1;89;89;8,01763E+14;2,19358E+14;6,31637E+14;Germany;United States;German;English;0;0;nothing;mixed;anyone;students;;;;0;ml1;5,22987E+14;4;1;5406;14228;75;Professor;213;213;0;Professor;FALSE;washlee;2,91873E+14;0;0;1;0;0;1;FALSE;1;1;1;0;;; ;FALSE
ml1.8;Response Scales: Effects of Category Range on Reported Behavior and Comparative Judgments;Norbert Schwarz and Hans-J. Hippler and Brigitte Deutsch and Fritz Strack;1985;Public Opinion Quarterly;49;3;Cognitive;1;341;2,41523E+14;5,52208E+14;132;main effect;3,06563E+14;4,69002E+14;103;103;8,01763E+14;8,88997E+14;6,96539E+14;Germany;Canada;German;English;0;0;nothing;credit;anyone;students;;;;0;ml1;1,26929E+14;4;1;5406;14228;75;Professor;66;66;1;Professor;FALSE;wilfredlaur;2,7194E+14;0;0;1;0;0;0;FALSE;1;1;1;0;;; ;FALSE
ml1.8;Response Scales: Effects of Category Range on Reported Behavior and Comparative Judgments;Norbert Schwarz and Hans-J. Hippler and Brigitte Deutsch and Fritz Strack;1985;Public Opinion Quarterly;49;3;Cognitive;1;341;2,41523E+14;5,52208E+14;132;main effect;2,06222E+14;1E+15;91;91;8,01763E+14;5,04815E+14;6,41511E+14;Germany;United States;German;English;0;0;nothing;credit;anyone;students;;;;0;ml1;8,5384E+14;4;1;5406;14228;75;Professor;387;387;0;Professor;FALSE;wisc;2,88751E+14;0;0;1;0;0;1;FALSE;1;1;1;0;;; ;FALSE
ml1.8;Response Scales: Effects of Category Range on Reported Behavior and Comparative Judgments;Norbert Schwarz and Hans-J. Hippler and Brigitte Deutsch and Fritz Strack;1985;Public Opinion Quarterly;49;3;Cognitive;1;341;2,41523E+14;5,52208E+14;132;main effect;3,53043E+14;9,9981E+14;97;97;8,01763E+14;9,48789E+14;6,6992E+14;Germany;United States;German;English;0;0;nothing;credit;anyone;students;;;;0;ml1;1,46174E+14;4;1;5406;14228;75;Professor;165;165;1;Professor;FALSE;wku;2,79968E+14;0;0;1;0;0;1;FALSE;1;1;1;0;;; ;FALSE
ml1.8;Response Scales: Effects of Category Range on Reported Behavior and Comparative Judgments;Norbert Schwarz and Hans-J. Hippler and Brigitte Deutsch and Fritz Strack;1985;Public Opinion Quarterly;49;3;Cognitive;1;341;2,41523E+14;5,52208E+14;132;main effect;1,61015E+14;1;81;81;8,01763E+14;3,02482E+14;5,90097E+14;Germany;United States;German;English;0;0;nothing;credit;anyone;students;;;;0;ml1;6,66667E+14;4;2;5406;14228;75;Professor;161;270;0;Professor;FALSE;wpi;3,05433E+14;0;0;1;0;0;1;FALSE;1;1;1;0;;; ;FALSE
ml1.9;The current status of American public opinion;Herbert H. Hyman and Paul B. Sheatsley;1950;In J. C. Payne (Ed.), The teaching of contemporary affairs: 21st yearbook of the National Council of Social Studies;;;Social;24;105;;;;main effect;1,46828E+14;2,83868E-17;6276;6276;;1;;United States;United States;English;English;0;0;;credit;community;students;;;;1;ml1;;2;51;2065;244;1;Professor;49772;9039;56;Professor;TRUE;;3,5338E+14;1;1;1;0;1;1;TRUE;0;0; ;0;;; ;TRUE
ml1.9;The current status of American public opinion;Herbert H. Hyman and Paul B. Sheatsley;1950;In J. C. Payne (Ed.), The teaching of contemporary affairs: 21st yearbook of the National Council of Social Studies;;;Social;24;105;;;;main effect;1,6457E+14;1E+15;120;120;;4,37632E+14;;United States;Brazil;English;Portuguese;0;0;;nothing;community;students;;;;0;ml1;;2;1;2065;244;1;Professor;107;107;1;Professor;FALSE;brasilia;2,52485E+13;0;0;1;0;1;0;TRUE;0;0; ;0;;; ;TRUE
ml1.9;The current status of American public opinion;Herbert H. Hyman and Paul B. Sheatsley;1950;In J. C. Payne (Ed.), The teaching of contemporary affairs: 21st yearbook of the National Council of Social Studies;;;Social;24;105;;;;main effect;5,67962E+14;1;93;93;;8,40785E+14;;United States;United States;English;English;0;0;;credit;community;students;;;;0;ml1;;2;1;2065;244;1;Professor;197;197;1;Professor;FALSE;conncoll;2,85732E+13;1;1;1;0;1;1;TRUE;0;0; ;0;;; ;TRUE
ml1.9;The current status of American public opinion;Herbert H. Hyman and Paul B. Sheatsley;1950;In J. C. Payne (Ed.), The teaching of contemporary affairs: 21st yearbook of the National Council of Social Studies;;;Social;24;105;;;;main effect;6,29153E+14;1;96;96;;9,3457E+14;;United States;United States;English;English;0;1;;;community;online;;;;0;ml1;;2;1;2065;244;1;Professor;252;252;1;Professor;FALSE;csun;2,81376E+14;1;1;0;0;1;1;TRUE;0;0; ;0;;; ;TRUE
ml1.9;The current status of American public opinion;Herbert H. Hyman and Paul B. Sheatsley;1950;In J. C. Payne (Ed.), The teaching of contemporary affairs: 21st yearbook of the National Council of Social Studies;;;Social;24;105;;;;main effect;7,27607E+14;1;102;102;;1,12457E+14;;United States;Malaysia;English;Malay;0;0;;credit;community;students;;;;0;ml1;;2;1;2065;244;1;Professor;52;52;0;Professor;FALSE;help;2,7323E+14;0;0;1;0;1;0;TRUE;0;0; ;0;;; ;TRUE
ml1.9;The current status of American public opinion;Herbert H. Hyman and Paul B. Sheatsley;1950;In J. C. Payne (Ed.), The teaching of contemporary affairs: 21st yearbook of the National Council of Social Studies;;;Social;24;105;;;;main effect;3,371E+14;1;88;88;;6,10694E+14;;United States;United States;English;English;0;0;;credit;community;students;;;;0;ml1;;2;1;2065;244;1;Professor;300;300;0;Professor;FALSE;ithaca;2,9347E+14;1;1;1;0;1;1;TRUE;0;0; ;0;;; ;TRUE
ml1.9;The current status of American public opinion;Herbert H. Hyman and Paul B. Sheatsley;1950;In J. C. Payne (Ed.), The teaching of contemporary affairs: 21st yearbook of the National Council of Social Studies;;;Social;24;105;;;;main effect;2,0728E+14;1E+15;172;172;;7,82712E+14;;United States;United States;English;English;0;1;;;community;online;;;;0;ml1;;2;1;2065;244;1;Professor;147;147;0;Professor;FALSE;jmu;2,11698E+13;1;1;0;0;1;1;TRUE;0;0; ;0;;; ;TRUE
ml1.9;The current status of American public opinion;Herbert H. Hyman and Paul B. Sheatsley;1950;In J. C. Payne (Ed.), The teaching of contemporary affairs: 21st yearbook of the National Council of Social Studies;;;Social;24;105;;;;main effect;3,65963E+12;1;112;112;;6,68828E+14;;United States;Turkey;English;Turkish;0;1;;;community;online;;;;0;ml1;;2;1;2065;244;1;Professor;218;218;0;Professor;FALSE;koc;2,61095E+14;0;0;0;0;1;0;TRUE;0;0; ;0;;; ;TRUE
ml1.9;The current status of American public opinion;Herbert H. Hyman and Paul B. Sheatsley;1950;In J. C. Payne (Ed.), The teaching of contemporary affairs: 21st yearbook of the National Council of Social Studies;;;Social;24;105;;;;main effect;1,55009E+14;1;144;144;;4,60679E+14;;United States;United States;English;English;0;0;;credit;community;students;;;;0;ml1;;2;2;2065;244;1;Professor;502;601;5;Professor;FALSE;loyola;2,30945E+14;1;1;1;0;1;1;TRUE;0;0; ;0;;; ;TRUE
ml1.9;The current status of American public opinion;Herbert H. Hyman and Paul B. Sheatsley;1950;In J. C. Payne (Ed.), The teaching of contemporary affairs: 21st yearbook of the National Council of Social Studies;;;Social;24;105;;;;main effect;9,9455E+14;1;276;276;;3,78906E+14;;United States;United Kingdom;English;English;0;0;;cash;community;community;;;;0;ml1;;2;1;2065;244;1;Professor;169;169;0;Professor;FALSE;lse;1,67706E+12;0;1;1;0;1;0;TRUE;0;0; ;0;;; ;TRUE
ml1.9;The current status of American public opinion;Herbert H. Hyman and Paul B. Sheatsley;1950;In J. C. Payne (Ed.), The teaching of contemporary affairs: 21st yearbook of the National Council of Social Studies;;;Social;24;105;;;;main effect;3,19119E+13;1E+15;98;98;;8,99306E+14;;United States;United States;English;English;0;1;;;community;online;;;;0;ml1;;2;51;2065;244;1;Professor;49772;9039;56;Professor;FALSE;mcdanielonline;2,7858E+14;1;1;0;0;1;1;TRUE;0;0; ;0;;; ;TRUE
ml1.9;The current status of American public opinion;Herbert H. Hyman and Paul B. Sheatsley;1950;In J. C. Payne (Ed.), The teaching of contemporary affairs: 21st yearbook of the National Council of Social Studies;;;Social;24;105;;;;main effect;9,38591E+14;1;84;84;;1,36104E+14;;United States;Canada;English;English;0;0;;mixed;community;students;;;;0;ml1;;2;2;2065;244;1;Professor;2415;431;5;Professor;FALSE;msvu;3,0013E+14;0;1;1;0;1;0;TRUE;0;0; ;0;;; ;TRUE
ml1.9;The current status of American public opinion;Herbert H. Hyman and Paul B. Sheatsley;1950;In J. C. Payne (Ed.), The teaching of contemporary affairs: 21st yearbook of the National Council of Social Studies;;;Social;24;105;;;;main effect;2,25972E+14;4,77207E+14;997;997;;1E+15;;United States;United States;English;English;0;1;;cash;community;online;;;;0;ml1;;2;1;2065;244;1;Professor;1182;1182;1;Professor;FALSE;mturk;8,86005E+14;1;1;0;0;1;1;TRUE;0;0; ;0;;; ;TRUE
ml1.9;The current status of American public opinion;Herbert H. Hyman and Paul B. Sheatsley;1950;In J. C. Payne (Ed.), The teaching of contemporary affairs: 21st yearbook of the National Council of Social Studies;;;Social;24;105;;;;main effect;7,04179E+13;1;121;121;;1,19851E+14;;United States;United States;English;English;0;0;;mixed;community;students;;;;0;ml1;;2;1;2065;244;1;Professor;401;401;0;Professor;FALSE;occid;2,51462E+14;1;1;1;0;1;1;TRUE;0;0; ;0;;; ;TRUE
ml1.9;The current status of American public opinion;Herbert H. Hyman and Paul B. Sheatsley;1950;In J. C. Payne (Ed.), The teaching of contemporary affairs: 21st yearbook of the National Council of Social Studies;;;Social;24;105;;;;main effect;3,17419E+14;1E+15;106;106;;9,17854E+13;;United States;United States;English;English;0;0;;credit;community;students;;;;0;ml1;;2;2;2065;244;1;Professor;785;105;1;Professor;FALSE;osu;2,68176E+14;1;1;1;0;1;1;TRUE;0;0; ;0;;; ;TRUE
ml1.9;The current status of American public opinion;Herbert H. Hyman and Paul B. Sheatsley;1950;In J. C. Payne (Ed.), The teaching of contemporary affairs: 21st yearbook of the National Council of Social Studies;;;Social;24;105;;;;main effect;0;1;138;138;;4,98843E+14;;United States;Italy;English;Italian;0;1;;;community;online;;;;0;ml1;;2;1;2065;244;1;Professor;115;115;0;Professor;FALSE;padua;2,3582E+14;0;0;0;0;1;0;TRUE;0;0; ;0;;; ;TRUE
ml1.9;The current status of American public opinion;Herbert H. Hyman and Paul B. Sheatsley;1950;In J. C. Payne (Ed.), The teaching of contemporary affairs: 21st yearbook of the National Council of Social Studies;;;Social;24;105;;;;main effect;1,0888E+13;1E+15;1310;1310;;9,76891E+14;;United States;United States;English;English;0;1;;nothing;community;online;;;;0;ml1;;2;1;2065;244;1;Professor;52;52;1;Professor;FALSE;pi;7,73325E+13;1;1;0;0;1;1;TRUE;0;0; ;0;;; ;TRUE
ml1.9;The current status of American public opinion;Herbert H. Hyman and Paul B. Sheatsley;1950;In J. C. Payne (Ed.), The teaching of contemporary affairs: 21st yearbook of the National Council of Social Studies;;;Social;24;105;;;;main effect;3,08647E+14;1E+14;95;95;;8,67482E+14;;United States;United States;English;English;0;0;;credit;community;students;;;;0;ml1;;2;1;2065;244;1;Professor;375;375;1;Professor;FALSE;psu;2,82806E+14;1;1;1;0;1;1;TRUE;0;0; ;0;;; ;TRUE
ml1.9;The current status of American public opinion;Herbert H. Hyman and Paul B. Sheatsley;1950;In J. C. Payne (Ed.), The teaching of contemporary affairs: 21st yearbook of the National Council of Social Studies;;;Social;24;105;;;;main effect;6,07493E+14;1;84;84;;8,51385E+14;;United States;United States;English;English;0;0;;credit;community;students;;;;0;ml1;;2;1;2065;244;1;Professor;801;801;1;Professor;FALSE;psuabington;3,0013E+14;1;1;1;0;1;1;TRUE;0;0; ;0;;; ;TRUE
ml1.9;The current status of American public opinion;Herbert H. Hyman and Paul B. Sheatsley;1950;In J. C. Payne (Ed.), The teaching of contemporary affairs: 21st yearbook of the National Council of Social Studies;;;Social;24;105;;;;main effect;1,41074E+14;1;102;102;;2,94526E+14;;United States;United States;English;English;0;0;;credit;community;students;;;;0;ml1;;2;1;2065;244;1;Professor;440;440;0;Professor;FALSE;qccuny;2,7323E+14;1;1;1;0;1;1;TRUE;0;0; ;0;;; ;TRUE
ml1.9;The current status of American public opinion;Herbert H. Hyman and Paul B. Sheatsley;1950;In J. C. Payne (Ed.), The teaching of contemporary affairs: 21st yearbook of the National Council of Social Studies;;;Social;24;105;;;;main effect;5,06061E+14;1;82;82;;7,35688E+14;;United States;United States;English;English;0;0;;credit;community;students;;;;0;ml1;;2;1;2065;244;1;Professor;636;636;1;Professor;FALSE;qccuny2;3,03634E+13;1;1;1;0;1;1;TRUE;0;0; ;0;;; ;TRUE
ml1.9;The current status of American public opinion;Herbert H. Hyman and Paul B. Sheatsley;1950;In J. C. Payne (Ed.), The teaching of contemporary affairs: 21st yearbook of the National Council of Social Studies;;;Social;24;105;;;;main effect;2,18804E+14;1;160;160;;7,97989E+13;;United States;United States;English;English;0;0;;credit;community;students;;;;0;ml1;;2;1;2065;244;1;Professor;1359;1359;1;Professor;FALSE;sandiegosu;2,19343E+14;1;1;1;0;1;1;TRUE;0;0; ;0;;; ;TRUE
ml1.9;The current status of American public opinion;Herbert H. Hyman and Paul B. Sheatsley;1950;In J. C. Payne (Ed.), The teaching of contemporary affairs: 21st yearbook of the National Council of Social Studies;;;Social;24;105;;;;main effect;1,80027E+14;1;83;83;;3,73191E+14;;United States;Czech Republic;English;Czech;0;0;;mixed;community;students;;;;0;ml1;;2;2;2065;244;1;Professor;90;114;1;Professor;FALSE;seznam;3,01867E+14;0;0;1;0;1;0;TRUE;0;0; ;0;;; ;TRUE
ml1.9;The current status of American public opinion;Herbert H. Hyman and Paul B. Sheatsley;1950;In J. C. Payne (Ed.), The teaching of contemporary affairs: 21st yearbook of the National Council of Social Studies;;;Social;24;105;;;;main effect;1,5711E+14;1;79;79;;2,84126E+14;;United States;Poland;English;Polish;0;0;;credit;community;students;;;;0;ml1;;2;51;2065;244;1;Professor;49772;9039;56;Professor;FALSE;swps;3,09129E+14;0;0;1;0;1;0;TRUE;0;0; ;0;;; ;TRUE
ml1.9;The current status of American public opinion;Herbert H. Hyman and Paul B. Sheatsley;1950;In J. C. Payne (Ed.), The teaching of contemporary affairs: 21st yearbook of the National Council of Social Studies;;;Social;24;105;;;;main effect;1,3403E+14;1;167;167;;4,09623E+13;;United States;Poland;English;Polish;0;1;;nothing;community;online;;;;0;ml1;;2;51;2065;244;1;Professor;49772;9039;56;Professor;FALSE;swpson;2,14785E+14;0;0;0;0;1;0;TRUE;0;0; ;0;;; ;TRUE
ml1.9;The current status of American public opinion;Herbert H. Hyman and Paul B. Sheatsley;1950;In J. C. Payne (Ed.), The teaching of contemporary affairs: 21st yearbook of the National Council of Social Studies;;;Social;24;105;;;;main effect;2,79654E+14;1E+15;184;184;;9,72247E+14;;United States;United States;English;English;0;0;;credit;community;students;;;;0;ml1;;2;51;2065;244;1;Professor;49772;9039;56;Professor;FALSE;tamu;2,04772E+14;1;1;1;0;1;1;TRUE;0;0; ;0;;; ;TRUE
ml1.9;The current status of American public opinion;Herbert H. Hyman and Paul B. Sheatsley;1950;In J. C. Payne (Ed.), The teaching of contemporary affairs: 21st yearbook of the National Council of Social Studies;;;Social;24;105;;;;main effect;5,31369E+14;1;85;85;;7,70495E+14;;United States;United States;English;English;0;0;;credit;community;students;;;;0;ml1;;2;2;2065;244;1;Professor;1315;211;0;Professor;FALSE;tamuc;2,98422E+14;1;1;1;0;1;1;TRUE;0;0; ;0;;; ;TRUE
ml1.9;The current status of American public opinion;Herbert H. Hyman and Paul B. Sheatsley;1950;In J. C. Payne (Ed.), The teaching of contemporary affairs: 21st yearbook of the National Council of Social Studies;;;Social;24;105;;;;main effect;1,49588E+14;1;223;223;;6,10255E+14;;United States;United States;English;English;0;1;;;community;online;;;;0;ml1;;2;51;2065;244;1;Professor;49772;9039;56;Professor;FALSE;tamuon;1,86304E+14;1;1;0;0;1;1;TRUE;0;0; ;0;;; ;TRUE
ml1.9;The current status of American public opinion;Herbert H. Hyman and Paul B. Sheatsley;1950;In J. C. Payne (Ed.), The teaching of contemporary affairs: 21st yearbook of the National Council of Social Studies;;;Social;24;105;;;;main effect;1,99683E+14;1;79;79;;4,26307E+14;;United States;Netherlands;English;Dutch;0;0;;credit;community;students;;;;0;ml1;;2;4;2065;244;1;Professor;33925;509;75;Professor;FALSE;tilburg;3,09129E+14;0;0;1;0;1;0;TRUE;0;0; ;0;;; ;TRUE
ml1.9;The current status of American public opinion;Herbert H. Hyman and Paul B. Sheatsley;1950;In J. C. Payne (Ed.), The teaching of contemporary affairs: 21st yearbook of the National Council of Social Studies;;;Social;24;105;;;;main effect;1,22638E+14;1;125;125;;2,76639E+14;;United States;United States;English;English;0;0;;credit;community;students;;;;0;ml1;;2;1;2065;244;1;Professor;167;167;0;Professor;FALSE;ufl;2,47497E+14;1;1;1;0;1;1;TRUE;0;0; ;0;;; ;TRUE
ml1.9;The current status of American public opinion;Herbert H. Hyman and Paul B. Sheatsley;1950;In J. C. Payne (Ed.), The teaching of contemporary affairs: 21st yearbook of the National Council of Social Studies;;;Social;24;105;;;;main effect;1,34629E+14;1;80;80;;2,22751E+14;;United States;United States;English;English;0;0;;credit;community;students;;;;0;ml1;;2;1;2065;244;1;Professor;161;161;0;Professor;FALSE;uva;3,07264E+14;1;1;1;0;1;1;TRUE;0;0; ;0;;; ;TRUE
ml1.9;The current status of American public opinion;Herbert H. Hyman and Paul B. Sheatsley;1950;In J. C. Payne (Ed.), The teaching of contemporary affairs: 21st yearbook of the National Council of Social Studies;;;Social;24;105;;;;main effect;2,69086E+13;1;108;108;;8,10184E+14;;United States;United States;English;English;0;0;;credit;community;students;;;;0;ml1;;2;2;2065;244;1;Professor;123;194;5;Professor;FALSE;vcu;2,65752E+13;1;1;1;0;1;1;TRUE;0;0; ;0;;; ;TRUE
ml1.9;The current status of American public opinion;Herbert H. Hyman and Paul B. Sheatsley;1950;In J. C. Payne (Ed.), The teaching of contemporary affairs: 21st yearbook of the National Council of Social Studies;;;Social;24;105;;;;main effect;1,82574E+14;1;90;90;;5,3183E+14;;United States;United States;English;English;0;0;;mixed;community;students;;;;0;ml1;;2;1;2065;244;1;Professor;213;213;0;Professor;FALSE;washlee;2,90297E+14;1;1;1;0;1;1;TRUE;0;0; ;0;;; ;TRUE
ml1.9;The current status of American public opinion;Herbert H. Hyman and Paul B. Sheatsley;1950;In J. C. Payne (Ed.), The teaching of contemporary affairs: 21st yearbook of the National Council of Social Studies;;;Social;24;105;;;;main effect;1,49071E+14;1;108;108;;3,39262E+14;;United States;Canada;English;English;0;0;;credit;community;students;;;;0;ml1;;2;1;2065;244;1;Professor;66;66;1;Professor;FALSE;wilfredlaur;2,65752E+13;0;1;1;0;1;0;TRUE;0;0; ;0;;; ;TRUE
ml1.9;The current status of American public opinion;Herbert H. Hyman and Paul B. Sheatsley;1950;In J. C. Payne (Ed.), The teaching of contemporary affairs: 21st yearbook of the National Council of Social Studies;;;Social;24;105;;;;main effect;3,6799E+14;1;96;96;;6,45211E+14;;United States;United States;English;English;0;0;;credit;community;students;;;;0;ml1;;2;1;2065;244;1;Professor;387;387;0;Professor;FALSE;wisc;2,81376E+14;1;1;1;0;1;1;TRUE;0;0; ;0;;; ;TRUE
ml1.9;The current status of American public opinion;Herbert H. Hyman and Paul B. Sheatsley;1950;In J. C. Payne (Ed.), The teaching of contemporary affairs: 21st yearbook of the National Council of Social Studies;;;Social;24;105;;;;main effect;2,45938E+14;1;103;103;;7,12814E+13;;United States;United States;English;English;0;0;;credit;community;students;;;;0;ml1;;2;1;2065;244;1;Professor;165;165;1;Professor;FALSE;wku;2,7194E+14;1;1;1;0;1;1;TRUE;0;0; ;0;;; ;TRUE
ml1.9;The current status of American public opinion;Herbert H. Hyman and Paul B. Sheatsley;1950;In J. C. Payne (Ed.), The teaching of contemporary affairs: 21st yearbook of the National Council of Social Studies;;;Social;24;105;;;;main effect;6,55921E+14;1;86;86;;9,21595E+14;;United States;United States;English;English;0;0;;credit;community;students;;;;0;ml1;;2;2;2065;244;1;Professor;161;270;0;Professor;FALSE;wpi;2,96744E+13;1;1;1;0;1;1;TRUE;0;0; ;0;;; ;TRUE
ml3.1;Power and Perspectives Not Taken;Adam D. Galinsky and Joe C. Magee and M. Ena Inesi and Deborah H Gruenfeld;2006;Psychological Science;17;12;Social;7;410;3,63783E+14;1,78742E+14;42;main effect;1,6337E+14;3,73538E+14;3433;2969;6,71985E+14;1,44485E+13;1;United States;United States;English;English;0;0;cash;credit;students;students;;;;0;ml3;4,49088E+13;4;64;294375;6830;5;Professor;43815625;9039;515625;Professor;TRUE;;4,77922E+13;1;1;1;1;1;1;FALSE;1;1;1;0;;; ;FALSE
ml3.1;Power and Perspectives Not Taken;Adam D. Galinsky and Joe C. Magee and M. Ena Inesi and Deborah H Gruenfeld;2006;Psychological Science;17;12;Social;7;410;3,63783E+14;1,78742E+14;42;main effect;4999938;9,76458E+14;84;84;6,71985E+14;5,00452E+14;9,31794E+14;United States;United States;English;English;0;0;cash;credit;students;students;;;;0;ml3;1,37443E+14;4;5;294375;6830;5;Professor;366;113;4;Professor;FALSE;ashland;3,0013E+14;1;1;1;1;1;1;FALSE;1;1;1;0;;; ;FALSE
ml3.1;Power and Perspectives Not Taken;Adam D. Galinsky and Joe C. Magee and M. Ena Inesi and Deborah H Gruenfeld;2006;Psychological Science;17;12;Social;7;410;3,63783E+14;1,78742E+14;42;main effect;20082362;3,16561E+14;112;112;6,71985E+14;5,69014E+14;9,79134E+14;United States;United States;English;English;0;0;cash;credit;students;students;;;;1;ml3;5,52043E+13;4;3;294375;6830;5;Professor;5,63333E+14;169;3,33333E+14;Professor;FALSE;bradley;2,61095E+14;1;1;1;1;1;1;FALSE;1;1;1;0;;; ;FALSE
ml3.1;Power and Perspectives Not Taken;Adam D. Galinsky and Joe C. Magee and M. Ena Inesi and Deborah H Gruenfeld;2006;Psychological Science;17;12;Social;7;410;3,63783E+14;1,78742E+14;42;main effect;-133786376;4,51567E+14;32;32;6,71985E+14;1,13245E+14;5,47991E+14;United States;United States;English;English;0;0;cash;credit;students;students;;;;0;ml3;-3,67764E+14;4;3;294375;6830;5;Professor;1,66667E+14;5;6,66667E+14;Professor;FALSE;carleton;4,72583E+14;1;1;1;1;1;1;FALSE;1;1;1;0;;; ;FALSE
ml3.1;Power and Perspectives Not Taken;Adam D. Galinsky and Joe C. Magee and M. Ena Inesi and Deborah H Gruenfeld;2006;Psychological Science;17;12;Social;7;410;3,63783E+14;1,78742E+14;42;main effect;-114247023;2,89128E+14;88;88;6,71985E+14;1,85958E+14;9,42096E+14;United States;United States;English;English;0;0;cash;credit;students;students;;;;0;ml3;-3,14053E+13;4;1;294375;6830;5;Professor;300;300;0;Professor;FALSE;ithaca;2,9347E+14;1;1;1;1;1;1;FALSE;1;1;1;0;;; ;FALSE
ml3.1;Power and Perspectives Not Taken;Adam D. Galinsky and Joe C. Magee and M. Ena Inesi and Deborah H Gruenfeld;2006;Psychological Science;17;12;Social;7;410;3,63783E+14;1,78742E+14;42;main effect;-94574193;3,62669E+14;89;89;6,71985E+14;1,42989E+14;9,44435E+14;United States;United States;English;English;0;0;cash;credit;students;students;;;;0;ml3;-2,59974E+14;4;5;294375;6830;5;Professor;662;320;4;Professor;FALSE;miami;2,91873E+14;1;1;1;1;1;1;FALSE;1;1;1;0;;; ;FALSE
ml3.1;Power and Perspectives Not Taken;Adam D. Galinsky and Joe C. Magee and M. Ena Inesi and Deborah H Gruenfeld;2006;Psychological Science;17;12;Social;7;410;3,63783E+14;1,78742E+14;42;main effect;59892291;3,63484E+14;240;240;6,71985E+14;1,52178E+14;9,99956E+14;United States;United States;English;English;0;0;cash;credit;students;students;;;;0;ml3;1,64637E+14;4;3;294375;6830;5;Professor;3,04933E+14;9024;6,66667E+14;Professor;FALSE;michigansu;1,79685E+14;1;1;1;1;1;1;FALSE;1;1;1;0;;; ;FALSE
ml3.1;Power and Perspectives Not Taken;Adam D. Galinsky and Joe C. Magee and M. Ena Inesi and Deborah H Gruenfeld;2006;Psychological Science;17;12;Social;7;410;3,63783E+14;1,78742E+14;42;main effect;59892291;5,14663E+14;118;118;6,71985E+14;9,87671E+14;9,83979E+14;United States;United States;English;English;0;0;cash;nothing;students;students;;;;0;ml3;1,64637E+14;4;2;294375;6830;5;Professor;2835;418;0;Professor;FALSE;montanasu;2,54572E+13;1;1;1;1;1;1;FALSE;1;1;1;0;;; ;FALSE
ml3.1;Power and Perspectives Not Taken;Adam D. Galinsky and Joe C. Magee and M. Ena Inesi and Deborah H Gruenfeld;2006;Psychological Science;17;12;Social;7;410;3,63783E+14;1,78742E+14;42;main effect;-29986509;4,3465E+14;591;591;6,71985E+14;1,12524E+14;1E+15;United States;United States;English;English;0;1;cash;cash;students;students;;;;0;ml3;-8,24297E+14;4;64;294375;6830;5;Professor;43815625;9039;515625;Professor;FALSE;mturk;1,14954E+13;1;1;0;1;1;1;FALSE;1;1;1;0;;; ;FALSE
ml3.1;Power and Perspectives Not Taken;Adam D. Galinsky and Joe C. Magee and M. Ena Inesi and Deborah H Gruenfeld;2006;Psychological Science;17;12;Social;7;410;3,63783E+14;1,78742E+14;42;main effect;119145221;1,79495E+14;126;126;6,71985E+14;2,65472E+14;9,88792E+14;United States;United States;English;English;0;0;cash;credit;students;students;;;;0;ml3;3,27517E+14;4;5;294375;6830;5;Professor;185;634;4;Professor;FALSE;nova;2,46537E+14;1;1;1;1;1;1;FALSE;1;1;1;0;;; ;FALSE
ml3.1;Power and Perspectives Not Taken;Adam D. Galinsky and Joe C. Magee and M. Ena Inesi and Deborah H Gruenfeld;2006;Psychological Science;17;12;Social;7;410;3,63783E+14;1,78742E+14;42;main effect;14349931;1,02751E+14;125;125;6,71985E+14;3,60112E+14;9,88276E+13;United States;United States;English;English;0;0;cash;credit;students;students;;;;0;ml3;3,94464E+14;4;64;294375;6830;5;Professor;43815625;9039;515625;Professor;FALSE;osunewark;2,47497E+14;1;1;1;1;1;1;FALSE;1;1;1;0;;; ;FALSE
ml3.1;Power and Perspectives Not Taken;Adam D. Galinsky and Joe C. Magee and M. Ena Inesi and Deborah H Gruenfeld;2006;Psychological Science;17;12;Social;7;410;3,63783E+14;1,78742E+14;42;main effect;79745222;4,44944E+14;96;96;6,71985E+14;1,20789E+14;9,58507E+14;United States;United States;English;English;0;0;cash;nothing;students;students;;;;0;ml3;2,19211E+14;4;3;294375;6830;5;Professor;1,19667E+14;359;3,33333E+14;Professor;FALSE;plu;2,81376E+14;1;1;1;1;1;1;FALSE;1;1;1;0;;; ;FALSE
ml3.1;Power and Perspectives Not Taken;Adam D. Galinsky and Joe C. Magee and M. Ena Inesi and Deborah H Gruenfeld;2006;Psychological Science;17;12;Social;7;410;3,63783E+14;1,78742E+14;42;main effect;14998313;8,80286E+14;100;100;6,71985E+14;5,23649E+14;9,64971E+14;United States;United States;English;English;0;0;cash;credit;students;students;;;;0;ml3;4,12287E+14;4;1;294375;6830;5;Professor;801;801;1;Professor;FALSE;psuabington;2,75866E+14;1;1;1;1;1;1;FALSE;1;1;1;0;;; ;FALSE
ml3.1;Power and Perspectives Not Taken;Adam D. Galinsky and Joe C. Magee and M. Ena Inesi and Deborah H Gruenfeld;2006;Psychological Science;17;12;Social;7;410;3,63783E+14;1,78742E+14;42;main effect;-4999938;9,57256E+14;133;133;6,71985E+14;5,02547E+14;9,91836E+14;United States;United States;English;English;0;0;cash;credit;students;students;;;;0;ml3;-1,37443E+14;4;3;294375;6830;5;Professor;3,76667E+14;867;3,33333E+14;Professor;FALSE;sandiegosu;2,40115E+14;1;1;1;1;1;1;FALSE;1;1;1;0;;; ;FALSE
ml3.1;Power and Perspectives Not Taken;Adam D. Galinsky and Joe C. Magee and M. Ena Inesi and Deborah H Gruenfeld;2006;Psychological Science;17;12;Social;7;410;3,63783E+14;1,78742E+14;42;main effect;34978582;6,71609E+14;170;170;6,71985E+14;7,37591E+14;9,98558E+14;United States;United States;English;English;0;0;cash;credit;students;students;;;;0;ml3;9,61524E+14;4;3;294375;6830;5;Professor;815;1359;1;Professor;FALSE;tamu;2,12917E+14;1;1;1;1;1;1;FALSE;1;1;1;0;;; ;FALSE
ml3.1;Power and Perspectives Not Taken;Adam D. Galinsky and Joe C. Magee and M. Ena Inesi and Deborah H Gruenfeld;2006;Psychological Science;17;12;Social;7;410;3,63783E+14;1,78742E+14;42;main effect;-54917001;6,63846E+14;64;64;6,71985E+14;7,14052E+14;8,50374E+14;United States;Canada;English;English;0;0;cash;credit;students;students;;;;0;ml3;-1,50961E+14;4;4;294375;6830;5;Professor;3205;1197;1;Professor;FALSE;toronto;3,41919E+14;0;1;1;1;1;0;FALSE;1;1;1;0;;; ;FALSE
ml3.1;Power and Perspectives Not Taken;Adam D. Galinsky and Joe C. Magee and M. Ena Inesi and Deborah H Gruenfeld;2006;Psychological Science;17;12;Social;7;410;3,63783E+14;1,78742E+14;42;main effect;89637699;3,42788E+14;109;109;6,71985E+14;1,53055E+14;9,76217E+14;United States;United States;English;English;0;0;cash;credit;students;students;;;;0;ml3;2,46404E+14;4;64;294375;6830;5;Professor;43815625;9039;515625;Professor;FALSE;ucdavis;2,64565E+14;1;1;1;1;1;1;FALSE;1;1;1;0;;; ;FALSE
ml3.1;Power and Perspectives Not Taken;Adam D. Galinsky and Joe C. Magee and M. Ena Inesi and Deborah H Gruenfeld;2006;Psychological Science;17;12;Social;7;410;3,63783E+14;1,78742E+14;42;main effect;99995;8,80267E+14;232;232;6,71985E+14;5,25675E+14;9,99933E+14;United States;United States;English;English;0;0;cash;credit;students;students;;;;0;ml3;2,74876E+14;4;64;294375;6830;5;Professor;43815625;9039;515625;Professor;FALSE;ucriverside;1,82707E+14;1;1;1;1;1;1;FALSE;1;1;1;0;;; ;FALSE
ml3.1;Power and Perspectives Not Taken;Adam D. Galinsky and Joe C. Magee and M. Ena Inesi and Deborah H Gruenfeld;2006;Psychological Science;17;12;Social;7;410;3,63783E+14;1,78742E+14;42;main effect;10442593;2,37758E+14;129;129;6,71985E+14;2,18541E+14;9,90211E+14;United States;United States;English;English;0;0;cash;nothing;students;students;;;;0;ml3;2,87056E+13;4;2;294375;6830;5;Professor;26;52;1;Professor;FALSE;ufl;2,43722E+14;1;1;1;1;1;1;FALSE;1;1;1;0;;; ;FALSE
ml3.1;Power and Perspectives Not Taken;Adam D. Galinsky and Joe C. Magee and M. Ena Inesi and Deborah H Gruenfeld;2006;Psychological Science;17;12;Social;7;410;3,63783E+14;1,78742E+14;42;main effect;-191395051;8,09072E+14;82;82;6,71985E+14;4,09652E+14;9,26032E+14;United States;United States;English;English;0;0;cash;credit;students;students;;;;0;ml3;-5,26124E+14;4;3;294375;6830;5;Professor;1,69667E+14;509;6,66667E+14;Professor;FALSE;usm;3,03634E+13;1;1;1;1;1;1;FALSE;1;1;1;0;;; ;FALSE
ml3.1;Power and Perspectives Not Taken;Adam D. Galinsky and Joe C. Magee and M. Ena Inesi and Deborah H Gruenfeld;2006;Psychological Science;17;12;Social;7;410;3,63783E+14;1,78742E+14;42;main effect;14998313;8,58696E+14;177;177;6,71985E+14;5,44268E+14;9,98971E+14;United States;United States;English;English;0;0;cash;credit;students;students;;;;0;ml3;4,12287E+14;4;5;294375;6830;5;Professor;1810;9039;8;Professor;FALSE;uva;2,08739E+14;1;1;1;1;1;1;FALSE;1;1;1;0;;; ;FALSE
ml3.1;Power and Perspectives Not Taken;Adam D. Galinsky and Joe C. Magee and M. Ena Inesi and Deborah H Gruenfeld;2006;Psychological Science;17;12;Social;7;410;3,63783E+14;1,78742E+14;42;main effect;99503719;3,41813E+13;91;91;6,71985E+14;1,55771E+14;9,48853E+14;United States;United States;English;English;0;0;cash;credit;students;students;;;;0;ml3;2,73525E+14;4;4;294375;6830;5;Professor;505;194;0;Professor;FALSE;vcu;2,88751E+14;1;1;1;1;1;1;FALSE;1;1;1;0;;; ;FALSE
ml3.10;Weight as an Embodiment of Importance;Nils B. Jostmann and Daniël Lakens and Thomas W. Schubert;2009;Psychological Science;20;9;Social;6;144;2,84834E+14;4,27778E+14;51;main effect;1,27656E+14;5,41923E+14;3433;2285;5,34551E+14;9,35863E+14;1;Netherlands;United States;Dutch;English;0;0;mixed;credit;students;students;;;;0;ml3;4,48177E+14;3;64;7,84667E+14;1192;1;Associate Professor;43815625;9039;515625;Professor;TRUE;;4,77922E+13;0;0;1;1;0;1;FALSE;1;1;1;0;;; ;FALSE
ml3.10;Weight as an Embodiment of Importance;Nils B. Jostmann and Daniël Lakens and Thomas W. Schubert;2009;Psychological Science;20;9;Social;6;144;2,84834E+14;4,27778E+14;51;main effect;6;63;72;72;5,34551E+14;7,90983E+13;6,87271E+14;Netherlands;United States;Dutch;English;0;0;mixed;credit;students;students;;;;0;ml3;2,10649E+13;3;5;7,84667E+14;1192;1;Associate Professor;366;113;4;Professor;FALSE;ashland;3,23206E+14;0;0;1;1;0;1;FALSE;1;1;1;0;;; ;FALSE
ml3.10;Weight as an Embodiment of Importance;Nils B. Jostmann and Daniël Lakens and Thomas W. Schubert;2009;Psychological Science;20;9;Social;6;144;2,84834E+14;4,27778E+14;51;main effect;1;31;109;109;5,34551E+14;1,79245E+13;8,57311E+14;Netherlands;United States;Dutch;English;0;0;mixed;credit;students;students;;;;0;ml3;3,51081E+14;3;3;7,84667E+14;1192;1;Associate Professor;5,63333E+14;169;3,33333E+14;Professor;FALSE;bradley;2,64565E+14;0;0;1;1;0;1;FALSE;1;1;1;0;;; ;FALSE
ml3.10;Weight as an Embodiment of Importance;Nils B. Jostmann and Daniël Lakens and Thomas W. Schubert;2009;Psychological Science;20;9;Social;6;144;2,84834E+14;4,27778E+14;51;main effect;5;76;39;39;5,34551E+14;6,0215E+14;4,27373E+14;Netherlands;United States;Dutch;English;0;0;mixed;credit;students;students;;;;0;ml3;1,75541E+14;3;3;7,84667E+14;1192;1;Associate Professor;1,66667E+14;5;6,66667E+14;Professor;FALSE;carleton;4,31565E+14;0;0;1;1;0;1;FALSE;1;1;1;0;;; ;FALSE
ml3.10;Weight as an Embodiment of Importance;Nils B. Jostmann and Daniël Lakens and Thomas W. Schubert;2009;Psychological Science;20;9;Social;6;144;2,84834E+14;4,27778E+14;51;main effect;3;83;64;64;5,34551E+14;5,61509E+13;6,34388E+13;Netherlands;United States;Dutch;English;0;0;mixed;credit;students;students;;;;0;ml3;1,05324E+13;3;1;7,84667E+14;1192;1;Associate Professor;300;300;0;Professor;FALSE;ithaca;3,41919E+14;0;0;1;1;0;1;FALSE;1;1;1;0;;; ;FALSE
ml3.10;Weight as an Embodiment of Importance;Nils B. Jostmann and Daniël Lakens and Thomas W. Schubert;2009;Psychological Science;20;9;Social;6;144;2,84834E+14;4,27778E+14;51;main effect;6;6;82;82;5,34551E+14;8,33955E+14;7,44627E+14;Netherlands;United States;Dutch;English;0;0;mixed;credit;students;students;;;;0;ml3;2,10649E+13;3;5;7,84667E+14;1192;1;Associate Professor;662;320;4;Professor;FALSE;miami;3,03634E+13;0;0;1;1;0;1;FALSE;1;1;1;0;;; ;FALSE
ml3.10;Weight as an Embodiment of Importance;Nils B. Jostmann and Daniël Lakens and Thomas W. Schubert;2009;Psychological Science;20;9;Social;6;144;2,84834E+14;4,27778E+14;51;main effect;1;89;274;274;5,34551E+14;5,30611E+14;9,97951E+14;Netherlands;United States;Dutch;English;0;0;mixed;credit;students;students;;;;0;ml3;3,51081E+14;3;3;7,84667E+14;1192;1;Associate Professor;3,04933E+14;9024;6,66667E+14;Professor;FALSE;michigansu;1,68312E+14;0;0;1;1;0;1;FALSE;1;1;1;0;;; ;FALSE
ml3.10;Weight as an Embodiment of Importance;Nils B. Jostmann and Daniël Lakens and Thomas W. Schubert;2009;Psychological Science;20;9;Social;6;144;2,84834E+14;4,27778E+14;51;main effect;5;58;109;109;5,34551E+14;8,10138E+14;8,57311E+14;Netherlands;United States;Dutch;English;0;0;mixed;nothing;students;students;;;;0;ml3;1,75541E+14;3;2;7,84667E+14;1192;1;Associate Professor;2835;418;0;Professor;FALSE;montanasu;2,64565E+14;0;0;1;1;0;1;FALSE;1;1;1;0;;; ;FALSE
ml3.10;Weight as an Embodiment of Importance;Nils B. Jostmann and Daniël Lakens and Thomas W. Schubert;2009;Psychological Science;20;9;Social;6;144;2,84834E+14;4,27778E+14;51;main effect;;;;;5,34551E+14;;;Netherlands;United States;Dutch;English;0;1;mixed;cash;students;students;;;;;ml3;;3;64;7,84667E+14;1192;1;Associate Professor;43815625;9039;515625;Professor;FALSE;mturk;;0;0;0;1;0;1;FALSE;1;1;1;0;;; ;FALSE
ml3.10;Weight as an Embodiment of Importance;Nils B. Jostmann and Daniël Lakens and Thomas W. Schubert;2009;Psychological Science;20;9;Social;6;144;2,84834E+14;4,27778E+14;51;main effect;21;6;85;85;5,34551E+14;4,9211E+14;7,60041E+14;Netherlands;United States;Dutch;English;0;0;mixed;credit;students;students;;;;0;ml3;7,37271E+14;3;5;7,84667E+14;1192;1;Associate Professor;185;634;4;Professor;FALSE;nova;2,98422E+14;0;0;1;1;0;1;FALSE;1;1;1;0;;; ;FALSE
ml3.10;Weight as an Embodiment of Importance;Nils B. Jostmann and Daniël Lakens and Thomas W. Schubert;2009;Psychological Science;20;9;Social;6;144;2,84834E+14;4,27778E+14;51;main effect;12;17;127;127;5,34551E+14;2,70405E+13;9,05499E+14;Netherlands;United States;Dutch;English;0;0;mixed;credit;students;students;;;;0;ml3;4,21298E+14;3;64;7,84667E+14;1192;1;Associate Professor;43815625;9039;515625;Professor;FALSE;osunewark;2,45588E+14;0;0;1;1;0;1;FALSE;1;1;1;0;;; ;FALSE
ml3.10;Weight as an Embodiment of Importance;Nils B. Jostmann and Daniël Lakens and Thomas W. Schubert;2009;Psychological Science;20;9;Social;6;144;2,84834E+14;4,27778E+14;51;main effect;1;9;103;103;5,34551E+14;5,10009E+14;8,36957E+14;Netherlands;United States;Dutch;English;0;0;mixed;nothing;students;students;;;;0;ml3;3,51081E+14;3;3;7,84667E+14;1192;1;Associate Professor;1,19667E+14;359;3,33333E+14;Professor;FALSE;plu;2,7194E+14;0;0;1;1;0;1;FALSE;1;1;1;0;;; ;FALSE
ml3.10;Weight as an Embodiment of Importance;Nils B. Jostmann and Daniël Lakens and Thomas W. Schubert;2009;Psychological Science;20;9;Social;6;144;2,84834E+14;4,27778E+14;51;main effect;9;32;118;118;5,34551E+14;1,62952E+14;8,83627E+14;Netherlands;United States;Dutch;English;0;0;mixed;credit;students;students;;;;0;ml3;3,15973E+14;3;1;7,84667E+14;1192;1;Associate Professor;801;801;1;Professor;FALSE;psuabington;2,54572E+13;0;0;1;1;0;1;FALSE;1;1;1;0;;; ;FALSE
ml3.10;Weight as an Embodiment of Importance;Nils B. Jostmann and Daniël Lakens and Thomas W. Schubert;2009;Psychological Science;20;9;Social;6;144;2,84834E+14;4,27778E+14;51;main effect;6;51;131;131;5,34551E+14;1,04597E+14;9,13963E+14;Netherlands;United States;Dutch;English;0;0;mixed;credit;students;students;;;;0;ml3;2,10649E+13;3;3;7,84667E+14;1192;1;Associate Professor;3,76667E+14;867;3,33333E+14;Professor;FALSE;sandiegosu;2,41898E+14;0;0;1;1;0;1;FALSE;1;1;1;0;;; ;FALSE
ml3.10;Weight as an Embodiment of Importance;Nils B. Jostmann and Daniël Lakens and Thomas W. Schubert;2009;Psychological Science;20;9;Social;6;144;2,84834E+14;4,27778E+14;51;main effect;7;38;153;153;5,34551E+14;1,38199E+14;9,49323E+14;Netherlands;United States;Dutch;English;0;0;mixed;credit;students;students;;;;0;ml3;2,45757E+14;3;3;7,84667E+14;1192;1;Associate Professor;815;1359;1;Professor;FALSE;tamu;2,24201E+13;0;0;1;1;0;1;FALSE;1;1;1;0;;; ;FALSE
ml3.10;Weight as an Embodiment of Importance;Nils B. Jostmann and Daniël Lakens and Thomas W. Schubert;2009;Psychological Science;20;9;Social;6;144;2,84834E+14;4,27778E+14;51;main effect;17;15;73;73;5,34551E+14;3,03366E+14;6,93435E+14;Netherlands;Canada;Dutch;English;0;0;mixed;credit;students;students;;;;0;ml3;5,96838E+14;3;4;7,84667E+14;1192;1;Associate Professor;3205;1197;1;Professor;FALSE;toronto;3,21077E+13;0;0;1;1;0;0;FALSE;1;1;1;0;;; ;FALSE
ml3.10;Weight as an Embodiment of Importance;Nils B. Jostmann and Daniël Lakens and Thomas W. Schubert;2009;Psychological Science;20;9;Social;6;144;2,84834E+14;4,27778E+14;51;main effect;1;93;105;105;5,34551E+14;5,10267E+14;8,44009E+14;Netherlands;United States;Dutch;English;0;0;mixed;credit;students;students;;;;0;ml3;3,51081E+14;3;64;7,84667E+14;1192;1;Associate Professor;43815625;9039;515625;Professor;FALSE;ucdavis;2,69413E+14;0;0;1;1;0;1;FALSE;1;1;1;0;;; ;FALSE
ml3.10;Weight as an Embodiment of Importance;Nils B. Jostmann and Daniël Lakens and Thomas W. Schubert;2009;Psychological Science;20;9;Social;6;144;2,84834E+14;4,27778E+14;51;main effect;2;82;212;212;5,34551E+14;5,95951E+14;9,88816E+14;Netherlands;United States;Dutch;English;0;0;mixed;credit;students;students;;;;0;ml3;7,02163E+14;3;64;7,84667E+14;1192;1;Associate Professor;43815625;9039;515625;Professor;FALSE;ucriverside;1,91001E+14;0;0;1;1;0;1;FALSE;1;1;1;0;;; ;FALSE
ml3.10;Weight as an Embodiment of Importance;Nils B. Jostmann and Daniël Lakens and Thomas W. Schubert;2009;Psychological Science;20;9;Social;6;144;2,84834E+14;4,27778E+14;51;main effect;5;6;121;121;5,34551E+14;8,45884E+14;8,91379E+13;Netherlands;United States;Dutch;English;0;0;mixed;nothing;students;students;;;;0;ml3;1,75541E+14;3;2;7,84667E+14;1192;1;Associate Professor;26;52;1;Professor;FALSE;ufl;2,51462E+14;0;0;1;1;0;1;FALSE;1;1;1;0;;; ;FALSE
ml3.10;Weight as an Embodiment of Importance;Nils B. Jostmann and Daniël Lakens and Thomas W. Schubert;2009;Psychological Science;20;9;Social;6;144;2,84834E+14;4,27778E+14;51;main effect;3;83;79;79;5,34551E+14;5,7758E+14;7,28404E+14;Netherlands;United States;Dutch;English;0;0;mixed;credit;students;students;;;;0;ml3;1,05324E+13;3;3;7,84667E+14;1192;1;Associate Professor;1,69667E+14;509;6,66667E+14;Professor;FALSE;usm;3,09129E+14;0;0;1;1;0;1;FALSE;1;1;1;0;;; ;FALSE
ml3.10;Weight as an Embodiment of Importance;Nils B. Jostmann and Daniël Lakens and Thomas W. Schubert;2009;Psychological Science;20;9;Social;6;144;2,84834E+14;4,27778E+14;51;main effect;5;57;171;171;5,34551E+14;9,95669E+14;9,67624E+14;Netherlands;United States;Dutch;English;0;0;mixed;credit;students;students;;;;0;ml3;1,75541E+14;3;5;7,84667E+14;1192;1;Associate Professor;1810;9039;8;Professor;FALSE;uva;2,12305E+14;0;0;1;1;0;1;FALSE;1;1;1;0;;; ;FALSE
ml3.10;Weight as an Embodiment of Importance;Nils B. Jostmann and Daniël Lakens and Thomas W. Schubert;2009;Psychological Science;20;9;Social;6;144;2,84834E+14;4,27778E+14;51;main effect;6;58;89;89;5,34551E+14;8,6409E+14;7,79377E+14;Netherlands;United States;Dutch;English;0;0;mixed;credit;students;students;;;;0;ml3;2,10649E+13;3;4;7,84667E+14;1192;1;Associate Professor;505;194;0;Professor;FALSE;vcu;2,91873E+14;0;0;1;1;0;1;FALSE;1;1;1;0;;; ;FALSE
ml3.2;Moral credentials and the expression of prejudice.;Benoît Monin and Dale T. Miller;2001;Journal of Personality and Social Psychology;81;1;Social;11;408;1,35541E+14;2,6485E+14;202;interaction;3,57485E+14;9,84045E+14;3433;3134;4,87285E+14;5,00407E+14;1E+15;United States;United States;English;English;0;0;nothing;credit;students;students;;;;0;ml3;2,63746E+14;2;64;39985;6652;1;Professor;43815625;9039;515625;Professor;TRUE;;4,77922E+13;1;1;1;1;1;1;FALSE;1;1;1;1;0;; ;FALSE
ml3.2;Moral credentials and the expression of prejudice.;Benoît Monin and Dale T. Miller;2001;Journal of Personality and Social Psychology;81;1;Social;11;408;1,35541E+14;2,6485E+14;202;interaction;259848111;1,6688E+13;84;84;4,87285E+14;6,72213E+14;2,34367E+14;United States;United States;English;English;0;0;nothing;credit;students;students;;;;1;ml3;1,91712E+14;2;5;39985;6652;1;Professor;366;113;4;Professor;FALSE;ashland;3,0013E+14;1;1;1;1;1;1;FALSE;1;1;1;1;0;; ;FALSE
ml3.2;Moral credentials and the expression of prejudice.;Benoît Monin and Dale T. Miller;2001;Journal of Personality and Social Psychology;81;1;Social;11;408;1,35541E+14;2,6485E+14;202;interaction;-40245419;6,63159E+14;120;120;4,87285E+14;7,20212E+14;3,15987E+14;United States;United States;English;English;0;0;nothing;credit;students;students;;;;0;ml3;-2,96924E+14;2;3;39985;6652;1;Professor;5,63333E+14;169;3,33333E+14;Professor;FALSE;bradley;2,52485E+13;1;1;1;1;1;1;FALSE;1;1;1;1;0;; ;FALSE
ml3.2;Moral credentials and the expression of prejudice.;Benoît Monin and Dale T. Miller;2001;Journal of Personality and Social Psychology;81;1;Social;11;408;1,35541E+14;2,6485E+14;202;interaction;-71159694;6,48091E+14;44;44;4,87285E+14;7,42983E+14;1,42357E+14;United States;United States;English;English;0;0;nothing;credit;students;students;;;;0;ml3;-5,25004E+14;2;3;39985;6652;1;Professor;1,66667E+14;5;6,66667E+14;Professor;FALSE;carleton;4,08041E+14;1;1;1;1;1;1;FALSE;1;1;1;1;0;; ;FALSE
ml3.2;Moral credentials and the expression of prejudice.;Benoît Monin and Dale T. Miller;2001;Journal of Personality and Social Psychology;81;1;Social;11;408;1,35541E+14;2,6485E+14;202;interaction;182461713;8,17127E+14;92;92;4,87285E+14;4,16487E+14;2,52695E+14;United States;United States;English;English;0;0;nothing;credit;students;students;;;;0;ml3;1,34617E+14;2;1;39985;6652;1;Professor;300;300;0;Professor;FALSE;ithaca;2,8723E+14;1;1;1;1;1;1;FALSE;1;1;1;1;0;; ;FALSE
ml3.2;Moral credentials and the expression of prejudice.;Benoît Monin and Dale T. Miller;2001;Journal of Personality and Social Psychology;81;1;Social;11;408;1,35541E+14;2,6485E+14;202;interaction;-181650177;8,13994E+14;93;93;4,87285E+14;4,17155E+14;2,5498E+14;United States;United States;English;English;0;0;nothing;credit;students;students;;;;0;ml3;-1,34018E+14;2;5;39985;6652;1;Professor;662;320;4;Professor;FALSE;miami;2,85732E+13;1;1;1;1;1;1;FALSE;1;1;1;1;0;; ;FALSE
ml3.2;Moral credentials and the expression of prejudice.;Benoît Monin and Dale T. Miller;2001;Journal of Personality and Social Psychology;81;1;Social;11;408;1,35541E+14;2,6485E+14;202;interaction;71742506;2,03573E+14;316;316;4,87285E+14;2,4667E+14;6,75892E+14;United States;United States;English;English;0;0;nothing;credit;students;students;;;;0;ml3;5,29304E+14;2;3;39985;6652;1;Professor;3,04933E+14;9024;6,66667E+14;Professor;FALSE;michigansu;1,56827E+14;1;1;1;1;1;1;FALSE;1;1;1;1;0;; ;FALSE
ml3.2;Moral credentials and the expression of prejudice.;Benoît Monin and Dale T. Miller;2001;Journal of Personality and Social Psychology;81;1;Social;11;408;1,35541E+14;2,6485E+14;202;interaction;-108938302;2,28939E+14;124;124;4,87285E+14;2,2646E+12;3,24882E+14;United States;United States;English;English;0;0;nothing;nothing;students;students;;;;0;ml3;-8,03729E+14;2;2;39985;6652;1;Professor;2835;418;0;Professor;FALSE;montanasu;2,48469E+12;1;1;1;1;1;1;FALSE;1;1;1;1;0;; ;FALSE
ml3.2;Moral credentials and the expression of prejudice.;Benoît Monin and Dale T. Miller;2001;Journal of Personality and Social Psychology;81;1;Social;11;408;1,35541E+14;2,6485E+14;202;interaction;-28247684;4,76112E+14;639;639;4,87285E+14;1,09945E+13;9,30814E+14;United States;United States;English;English;0;1;nothing;cash;students;students;;;;0;ml3;-2,08407E+14;2;64;39985;6652;1;Professor;43815625;9039;515625;Professor;FALSE;mturk;1,10556E+14;1;1;0;1;1;1;FALSE;1;1;1;1;0;; ;FALSE
ml3.2;Moral credentials and the expression of prejudice.;Benoît Monin and Dale T. Miller;2001;Journal of Personality and Social Psychology;81;1;Social;11;408;1,35541E+14;2,6485E+14;202;interaction;-42816101;6,29232E+14;130;130;4,87285E+14;7,71555E+14;3,38143E+14;United States;United States;English;English;0;0;nothing;credit;students;students;;;;0;ml3;-3,1589E+14;2;5;39985;6652;1;Professor;185;634;4;Professor;FALSE;nova;2,42805E+14;1;1;1;1;1;1;FALSE;1;1;1;1;0;; ;FALSE
ml3.2;Moral credentials and the expression of prejudice.;Benoît Monin and Dale T. Miller;2001;Journal of Personality and Social Psychology;81;1;Social;11;408;1,35541E+14;2,6485E+14;202;interaction;-32604569;6,87597E+14;155;155;4,87285E+14;6,87179E+14;3,92171E+14;United States;United States;English;English;0;0;nothing;credit;students;students;;;;0;ml3;-2,40551E+14;2;64;39985;6652;1;Professor;43815625;9039;515625;Professor;FALSE;osunewark;2,2278E+14;1;1;1;1;1;1;FALSE;1;1;1;1;0;; ;FALSE
ml3.2;Moral credentials and the expression of prejudice.;Benoît Monin and Dale T. Miller;2001;Journal of Personality and Social Psychology;81;1;Social;11;408;1,35541E+14;2,6485E+14;202;interaction;217997074;2,67242E+14;103;103;4,87285E+14;6,04479E+14;2,77746E+14;United States;United States;English;English;0;0;nothing;nothing;students;students;;;;1;ml3;1,60835E+14;2;3;39985;6652;1;Professor;1,19667E+14;359;3,33333E+14;Professor;FALSE;plu;2,7194E+14;1;1;1;1;1;1;FALSE;1;1;1;1;0;; ;FALSE
ml3.2;Moral credentials and the expression of prejudice.;Benoît Monin and Dale T. Miller;2001;Journal of Personality and Social Psychology;81;1;Social;11;408;1,35541E+14;2,6485E+14;202;interaction;131966769;1,52814E+14;119;119;4,87285E+14;2,99985E+14;3,13756E+14;United States;United States;English;English;0;0;nothing;credit;students;students;;;;0;ml3;9,73629E+14;2;1;39985;6652;1;Professor;801;801;1;Professor;FALSE;psuabington;2,53522E+14;1;1;1;1;1;1;FALSE;1;1;1;1;0;; ;FALSE
ml3.2;Moral credentials and the expression of prejudice.;Benoît Monin and Dale T. Miller;2001;Journal of Personality and Social Psychology;81;1;Social;11;408;1,35541E+14;2,6485E+14;202;interaction;-7108533;4,08049E+14;138;138;4,87285E+14;1,31735E+14;3,55656E+14;United States;United States;English;English;0;0;nothing;credit;students;students;;;;0;ml3;-5,24456E+14;2;3;39985;6652;1;Professor;3,76667E+14;867;3,33333E+14;Professor;FALSE;sandiegosu;2,3582E+14;1;1;1;1;1;1;FALSE;1;1;1;1;0;; ;FALSE
ml3.2;Moral credentials and the expression of prejudice.;Benoît Monin and Dale T. Miller;2001;Journal of Personality and Social Psychology;81;1;Social;11;408;1,35541E+14;2,6485E+14;202;interaction;19923238;7,92092E+14;178;178;4,87285E+14;5,79439E+14;4,39863E+14;United States;United States;English;English;0;0;nothing;credit;students;students;;;;0;ml3;1,4699E+14;2;3;39985;6652;1;Professor;815;1359;1;Professor;FALSE;tamu;2,08162E+14;1;1;1;1;1;1;FALSE;1;1;1;1;0;; ;FALSE
ml3.2;Moral credentials and the expression of prejudice.;Benoît Monin and Dale T. Miller;2001;Journal of Personality and Social Psychology;81;1;Social;11;408;1,35541E+14;2,6485E+14;202;interaction;-70023118;5,38253E+14;80;80;4,87285E+14;9,46721E+14;2,25177E+14;United States;Canada;English;English;0;0;nothing;credit;students;students;;;;0;ml3;-5,16619E+14;2;4;39985;6652;1;Professor;3205;1197;1;Professor;FALSE;toronto;3,07264E+14;0;1;1;1;1;0;FALSE;1;1;1;1;0;; ;FALSE
ml3.2;Moral credentials and the expression of prejudice.;Benoît Monin and Dale T. Miller;2001;Journal of Personality and Social Psychology;81;1;Social;11;408;1,35541E+14;2,6485E+14;202;interaction;-91410904;3,27712E+14;117;117;4,87285E+14;1,6561E+14;3,09287E+14;United States;United States;English;English;0;0;nothing;credit;students;students;;;;0;ml3;-6,74414E+14;2;64;39985;6652;1;Professor;43815625;9039;515625;Professor;FALSE;ucdavis;2,55575E+14;1;1;1;1;1;1;FALSE;1;1;1;1;0;; ;FALSE
ml3.2;Moral credentials and the expression of prejudice.;Benoît Monin and Dale T. Miller;2001;Journal of Personality and Social Psychology;81;1;Social;11;408;1,35541E+14;2,6485E+14;202;interaction;;;243;243;4,87285E+14;;5,62246E+14;United States;United States;English;English;0;0;nothing;credit;students;students;;;;;ml3;;2;64;39985;6652;1;Professor;43815625;9039;515625;Professor;FALSE;ucriverside;1,78591E+14;1;1;1;1;1;1;FALSE;1;1;1;1;0;; ;FALSE
ml3.2;Moral credentials and the expression of prejudice.;Benoît Monin and Dale T. Miller;2001;Journal of Personality and Social Psychology;81;1;Social;11;408;1,35541E+14;2,6485E+14;202;interaction;8560203;9,21358E+14;136;136;4,87285E+14;5,10065E+14;3,51296E+14;United States;United States;English;English;0;0;nothing;nothing;students;students;;;;0;ml3;6,31558E+14;2;2;39985;6652;1;Professor;26;52;1;Professor;FALSE;ufl;2,37512E+14;1;1;1;1;1;1;FALSE;1;1;1;1;0;; ;FALSE
ml3.2;Moral credentials and the expression of prejudice.;Benoît Monin and Dale T. Miller;2001;Journal of Personality and Social Psychology;81;1;Social;11;408;1,35541E+14;2,6485E+14;202;interaction;176343889;9,8408E+14;89;89;4,87285E+14;3,82394E+14;2,45831E+14;United States;United States;English;English;0;0;nothing;credit;students;students;;;;0;ml3;1,30104E+14;2;3;39985;6652;1;Professor;1,69667E+14;509;6,66667E+14;Professor;FALSE;usm;2,91873E+14;1;1;1;1;1;1;FALSE;1;1;1;1;0;; ;FALSE
ml3.2;Moral credentials and the expression of prejudice.;Benoît Monin and Dale T. Miller;2001;Journal of Personality and Social Psychology;81;1;Social;11;408;1,35541E+14;2,6485E+14;202;interaction;1581137;9,82658E+14;192;192;4,87285E+14;4,99711E+14;4,67831E+14;United States;United States;English;English;0;0;nothing;credit;students;students;;;;0;ml3;1,16654E+14;2;5;39985;6652;1;Professor;1810;9039;8;Professor;FALSE;uva;2,00559E+14;1;1;1;1;1;1;FALSE;1;1;1;1;0;; ;FALSE
ml3.2;Moral credentials and the expression of prejudice.;Benoît Monin and Dale T. Miller;2001;Journal of Personality and Social Psychology;81;1;Social;11;408;1,35541E+14;2,6485E+14;202;interaction;64149959;5,40013E+14;94;94;4,87285E+14;9,42352E+14;2,57264E+14;United States;United States;English;English;0;0;nothing;credit;students;students;;;;0;ml3;4,73288E+13;2;4;39985;6652;1;Professor;505;194;0;Professor;FALSE;vcu;2,84258E+14;1;1;1;1;1;1;FALSE;1;1;1;1;0;; ;FALSE
ml3.3;It feels like yesterday: Self-esteem, valence of personal past experiences, and judgments of subjective distance.;Michael Ross and Anne E. Wilson;2002;Journal of Personality and Social Psychology;82;5;Social;12;182;1,04952E+14;4,8482E+14;357;interaction;2,51393E+14;1,5949E+14;3433;3136;5,09763E+14;2,90731E+14;9,99987E+14;Canada;United States;English;English;0;0;credit;credit;students;students;;;;0;ml3;2,39533E+14;2;64;3412;5481;5;Professor;43815625;9039;515625;Professor;TRUE;;4,77922E+13;0;1;1;1;0;1;FALSE;1;1;1;1;0;1;0;FALSE
ml3.3;It feels like yesterday: Self-esteem, valence of personal past experiences, and judgments of subjective distance.;Michael Ross and Anne E. Wilson;2002;Journal of Personality and Social Psychology;82;5;Social;12;182;1,04952E+14;4,8482E+14;357;interaction;-8678652;9,38513E+14;82;82;5,09763E+14;5,04951E+14;1,55806E+14;Canada;United States;English;English;0;0;credit;credit;students;students;;;;0;ml3;-8,2692E+14;2;5;3412;5481;5;Professor;366;113;4;Professor;FALSE;ashland;3,03634E+13;0;1;1;1;0;1;FALSE;1;1;1;1;0;1;0;FALSE
ml3.3;It feels like yesterday: Self-esteem, valence of personal past experiences, and judgments of subjective distance.;Michael Ross and Anne E. Wilson;2002;Journal of Personality and Social Psychology;82;5;Social;12;182;1,04952E+14;4,8482E+14;357;interaction;-69552472;4,55019E+14;118;118;5,09763E+14;1,16325E+14;2,05194E+14;Canada;United States;English;English;0;0;credit;credit;students;students;;;;0;ml3;-6,6271E+14;2;3;3412;5481;5;Professor;5,63333E+14;169;3,33333E+14;Professor;FALSE;bradley;2,54572E+13;0;1;1;1;0;1;FALSE;1;1;1;1;0;1;0;FALSE
ml3.3;It feels like yesterday: Self-esteem, valence of personal past experiences, and judgments of subjective distance.;Michael Ross and Anne E. Wilson;2002;Journal of Personality and Social Psychology;82;5;Social;12;182;1,04952E+14;4,8482E+14;357;interaction;-353467441;2,106E+14;42;42;5,09763E+14;6,44566E+14;1,01542E+14;Canada;United States;English;English;0;0;credit;credit;students;students;;;;0;ml3;-3,36791E+14;2;3;3412;5481;5;Professor;1,66667E+14;5;6,66667E+14;Professor;FALSE;carleton;4,16986E+14;0;1;1;1;0;1;FALSE;1;1;1;1;0;1;0;FALSE
ml3.3;It feels like yesterday: Self-esteem, valence of personal past experiences, and judgments of subjective distance.;Michael Ross and Anne E. Wilson;2002;Journal of Personality and Social Psychology;82;5;Social;12;182;1,04952E+14;4,8482E+14;357;interaction;103833135;3,31053E+14;90;90;5,09763E+14;1,64194E+14;1,66759E+14;Canada;United States;English;English;0;0;credit;credit;students;students;;;;0;ml3;9,89344E+14;2;1;3412;5481;5;Professor;300;300;0;Professor;FALSE;ithaca;2,90297E+14;0;1;1;1;0;1;FALSE;1;1;1;1;0;1;0;FALSE
ml3.3;It feels like yesterday: Self-esteem, valence of personal past experiences, and judgments of subjective distance.;Michael Ross and Anne E. Wilson;2002;Journal of Personality and Social Psychology;82;5;Social;12;182;1,04952E+14;4,8482E+14;357;interaction;116155668;2,63064E+13;95;95;5,09763E+14;2,02507E+13;1,73615E+14;Canada;United States;English;English;0;0;credit;credit;students;students;;;;0;ml3;1,10676E+14;2;5;3412;5481;5;Professor;662;320;4;Professor;FALSE;miami;2,82806E+14;0;1;1;1;0;1;FALSE;1;1;1;1;0;1;0;FALSE
ml3.3;It feels like yesterday: Self-esteem, valence of personal past experiences, and judgments of subjective distance.;Michael Ross and Anne E. Wilson;2002;Journal of Personality and Social Psychology;82;5;Social;12;182;1,04952E+14;4,8482E+14;357;interaction;63030904;2,7114E+13;307;307;5,09763E+14;1,96495E+14;4,52011E+14;Canada;United States;English;English;0;0;credit;credit;students;students;;;;0;ml3;6,00572E+14;2;3;3412;5481;5;Professor;3,04933E+14;9024;6,66667E+14;Professor;FALSE;michigansu;1,59086E+14;0;1;1;1;0;1;FALSE;1;1;1;1;0;1;0;FALSE
ml3.3;It feels like yesterday: Self-esteem, valence of personal past experiences, and judgments of subjective distance.;Michael Ross and Anne E. Wilson;2002;Journal of Personality and Social Psychology;82;5;Social;12;182;1,04952E+14;4,8482E+14;357;interaction;-6567505;4,74954E+14;121;121;5,09763E+14;1,10507E+14;2,09313E+14;Canada;United States;English;English;0;0;credit;nothing;students;students;;;;0;ml3;-6,25766E+14;2;2;3412;5481;5;Professor;2835;418;0;Professor;FALSE;montanasu;2,51462E+14;0;1;1;1;0;1;FALSE;1;1;1;1;0;1;0;FALSE
ml3.3;It feels like yesterday: Self-esteem, valence of personal past experiences, and judgments of subjective distance.;Michael Ross and Anne E. Wilson;2002;Journal of Personality and Social Psychology;82;5;Social;12;182;1,04952E+14;4,8482E+14;357;interaction;33607716;4,21756E+14;574;574;5,09763E+14;1,26668E+14;7,11969E+14;Canada;United States;English;English;0;1;credit;cash;students;students;;;;0;ml3;3,20221E+14;2;64;3412;5481;5;Professor;43815625;9039;515625;Professor;FALSE;mturk;1,1664E+14;0;1;0;1;0;1;FALSE;1;1;1;1;0;1;0;FALSE
ml3.3;It feels like yesterday: Self-esteem, valence of personal past experiences, and judgments of subjective distance.;Michael Ross and Anne E. Wilson;2002;Journal of Personality and Social Psychology;82;5;Social;12;182;1,04952E+14;4,8482E+14;357;interaction;-56464173;5,24127E+14;130;130;5,09763E+14;9,78134E+14;2,21662E+14;Canada;United States;English;English;0;0;credit;credit;students;students;;;;0;ml3;-5,38002E+14;2;5;3412;5481;5;Professor;185;634;4;Professor;FALSE;nova;2,42805E+14;0;1;1;1;0;1;FALSE;1;1;1;1;0;1;0;FALSE
ml3.3;It feels like yesterday: Self-esteem, valence of personal past experiences, and judgments of subjective distance.;Michael Ross and Anne E. Wilson;2002;Journal of Personality and Social Psychology;82;5;Social;12;182;1,04952E+14;4,8482E+14;357;interaction;-33728227;6,83498E+14;149;149;5,09763E+14;6,9249E+14;2,4766E+14;Canada;United States;English;English;0;0;credit;credit;students;students;;;;0;ml3;-3,2137E+14;2;64;3412;5481;5;Professor;43815625;9039;515625;Professor;FALSE;osunewark;2,27126E+14;0;1;1;1;0;1;FALSE;1;1;1;1;0;1;0;FALSE
ml3.3;It feels like yesterday: Self-esteem, valence of personal past experiences, and judgments of subjective distance.;Michael Ross and Anne E. Wilson;2002;Journal of Personality and Social Psychology;82;5;Social;12;182;1,04952E+14;4,8482E+14;357;interaction;96803561;3,41373E+14;99;99;5,09763E+14;1,59201E+14;1,79103E+14;Canada;United States;English;English;0;0;credit;nothing;students;students;;;;0;ml3;9,22365E+14;2;3;3412;5481;5;Professor;1,19667E+14;359;3,33333E+14;Professor;FALSE;plu;2,77213E+14;0;1;1;1;0;1;FALSE;1;1;1;1;0;1;0;FALSE
ml3.3;It feels like yesterday: Self-esteem, valence of personal past experiences, and judgments of subjective distance.;Michael Ross and Anne E. Wilson;2002;Journal of Personality and Social Psychology;82;5;Social;12;182;1,04952E+14;4,8482E+14;357;interaction;152857125;1,0773E+14;112;112;5,09763E+14;3,65029E+14;1,96954E+14;Canada;United States;English;English;0;0;credit;credit;students;students;;;;0;ml3;1,45645E+14;2;1;3412;5481;5;Professor;801;801;1;Professor;FALSE;psuabington;2,61095E+14;0;1;1;1;0;1;FALSE;1;1;1;1;0;1;0;FALSE
ml3.3;It feels like yesterday: Self-esteem, valence of personal past experiences, and judgments of subjective distance.;Michael Ross and Anne E. Wilson;2002;Journal of Personality and Social Psychology;82;5;Social;12;182;1,04952E+14;4,8482E+14;357;interaction;-5827524;4,99454E+14;137;137;5,09763E+14;1,03883E+14;2,31254E+13;Canada;United States;English;English;0;0;credit;credit;students;students;;;;0;ml3;-5,55259E+14;2;3;3412;5481;5;Professor;3,76667E+14;867;3,33333E+14;Professor;FALSE;sandiegosu;2,36662E+14;0;1;1;1;0;1;FALSE;1;1;1;1;0;1;0;FALSE
ml3.3;It feels like yesterday: Self-esteem, valence of personal past experiences, and judgments of subjective distance.;Michael Ross and Anne E. Wilson;2002;Journal of Personality and Social Psychology;82;5;Social;12;182;1,04952E+14;4,8482E+14;357;interaction;24475692;7,46755E+14;177;177;5,09763E+14;6,19947E+14;2,85659E+14;Canada;United States;English;English;0;0;credit;credit;students;students;;;;0;ml3;2,33209E+14;2;3;3412;5481;5;Professor;815;1359;1;Professor;FALSE;tamu;2,08739E+14;0;1;1;1;0;1;FALSE;1;1;1;1;0;1;0;FALSE
ml3.3;It feels like yesterday: Self-esteem, valence of personal past experiences, and judgments of subjective distance.;Michael Ross and Anne E. Wilson;2002;Journal of Personality and Social Psychology;82;5;Social;12;182;1,04952E+14;4,8482E+14;357;interaction;-49757408;6,68372E+14;77;77;5,09763E+14;7,13E+14;1,48973E+14;Canada;Canada;English;English;0;0;credit;credit;students;students;;;;0;ml3;-4,74099E+14;2;4;3412;5481;5;Professor;3205;1197;1;Professor;FALSE;toronto;3,12962E+14;1;1;1;1;0;0;FALSE;1;1;1;1;0;1;0;FALSE
ml3.3;It feels like yesterday: Self-esteem, valence of personal past experiences, and judgments of subjective distance.;Michael Ross and Anne E. Wilson;2002;Journal of Personality and Social Psychology;82;5;Social;12;182;1,04952E+14;4,8482E+14;357;interaction;-18018226;8,52129E+14;110;110;5,09763E+14;5,38745E+13;1,94207E+13;Canada;United States;English;English;0;0;credit;credit;students;students;;;;0;ml3;-1,71681E+14;2;64;3412;5481;5;Professor;43815625;9039;515625;Professor;FALSE;ucdavis;2,63393E+14;0;1;1;1;0;1;FALSE;1;1;1;1;0;1;0;FALSE
ml3.3;It feels like yesterday: Self-esteem, valence of personal past experiences, and judgments of subjective distance.;Michael Ross and Anne E. Wilson;2002;Journal of Personality and Social Psychology;82;5;Social;12;182;1,04952E+14;4,8482E+14;357;interaction;184826814;4,94092E+14;229;229;5,09763E+14;8,0411E+14;3,54581E+14;Canada;United States;English;English;0;0;credit;credit;students;students;;;;1;ml3;1,76107E+14;2;64;3412;5481;5;Professor;43815625;9039;515625;Professor;FALSE;ucriverside;1,83882E+14;0;1;1;1;0;1;FALSE;1;1;1;1;0;1;0;FALSE
ml3.3;It feels like yesterday: Self-esteem, valence of personal past experiences, and judgments of subjective distance.;Michael Ross and Anne E. Wilson;2002;Journal of Personality and Social Psychology;82;5;Social;12;182;1,04952E+14;4,8482E+14;357;interaction;-77722624;3,72729E+14;134;134;5,09763E+14;1,45299E+14;2,27145E+14;Canada;United States;English;English;0;0;credit;nothing;students;students;;;;0;ml3;-7,40557E+14;2;2;3412;5481;5;Professor;26;52;1;Professor;FALSE;ufl;2,39238E+13;0;1;1;1;0;1;FALSE;1;1;1;1;0;1;0;FALSE
ml3.3;It feels like yesterday: Self-esteem, valence of personal past experiences, and judgments of subjective distance.;Michael Ross and Anne E. Wilson;2002;Journal of Personality and Social Psychology;82;5;Social;12;182;1,04952E+14;4,8482E+14;357;interaction;-80248006;4,6376E+14;86;86;5,09763E+14;1,1385E+14;1,6128E+14;Canada;United States;English;English;0;0;credit;credit;students;students;;;;0;ml3;-7,6462E+13;2;3;3412;5481;5;Professor;1,69667E+14;509;6,66667E+14;Professor;FALSE;usm;2,96744E+13;0;1;1;1;0;1;FALSE;1;1;1;1;0;1;0;FALSE
ml3.3;It feels like yesterday: Self-esteem, valence of personal past experiences, and judgments of subjective distance.;Michael Ross and Anne E. Wilson;2002;Journal of Personality and Social Psychology;82;5;Social;12;182;1,04952E+14;4,8482E+14;357;interaction;215665;9,7724E+13;178;178;5,09763E+14;5,00039E+14;2,87007E+14;Canada;United States;English;English;0;0;credit;credit;students;students;;;;0;ml3;2,0549E+14;2;5;3412;5481;5;Professor;1810;9039;8;Professor;FALSE;uva;2,08162E+14;0;1;1;1;0;1;FALSE;1;1;1;1;0;1;0;FALSE
ml3.3;It feels like yesterday: Self-esteem, valence of personal past experiences, and judgments of subjective distance.;Michael Ross and Anne E. Wilson;2002;Journal of Personality and Social Psychology;82;5;Social;12;182;1,04952E+14;4,8482E+14;357;interaction;282120128;6,2247E+14;92;92;5,09763E+14;7,84911E+14;1,69501E+14;Canada;United States;English;English;0;0;credit;credit;students;students;;;;1;ml3;2,6881E+14;2;4;3412;5481;5;Professor;505;194;0;Professor;FALSE;vcu;2,8723E+14;0;1;1;1;0;1;FALSE;1;1;1;1;0;1;0;FALSE
ml3.4;Availability: A heuristic for judging frequency and probability;Amos Tversky and Daniel Kahneman;1973;Cognitive Psychology;5;2;Cognitive;26;5659;3,79353E+14;109290946,7;152;main effect;4,49545E+14;1,24691E+14;3433;3088;9,98298E+14;7,05053E+14;1;United States;United States;English;English;0;0;cash;credit;students;students;;;;1;ml3;1,18503E+14;2;64;44075;45135;1;Professor;43815625;9039;515625;Professor;TRUE;;4,77922E+13;1;1;1;1;1;1;FALSE;1;1;1;0;;; ;FALSE
ml3.4;Availability: A heuristic for judging frequency and probability;Amos Tversky and Daniel Kahneman;1973;Cognitive Psychology;5;2;Cognitive;26;5659;3,79353E+14;109290946,7;152;main effect;-14349931;2,13865E+14;77;77;9,98298E+14;2,39323E+14;9,32501E+14;United States;United States;English;English;0;0;cash;credit;students;students;;;;0;ml3;-3,78274E+14;2;5;44075;45135;1;Professor;366;113;4;Professor;FALSE;ashland;3,12962E+14;1;1;1;1;1;1;FALSE;1;1;1;0;;; ;FALSE
ml3.4;Availability: A heuristic for judging frequency and probability;Amos Tversky and Daniel Kahneman;1973;Cognitive Psychology;5;2;Cognitive;26;5659;3,79353E+14;109290946,7;152;main effect;;;112;112;9,98298E+14;;9,86977E+14;United States;United States;English;English;0;0;cash;credit;students;students;;;;;ml3;;2;3;44075;45135;1;Professor;5,63333E+14;169;3,33333E+14;Professor;FALSE;bradley;2,61095E+14;1;1;1;1;1;1;FALSE;1;1;1;0;;; ;FALSE
ml3.4;Availability: A heuristic for judging frequency and probability;Amos Tversky and Daniel Kahneman;1973;Cognitive Psychology;5;2;Cognitive;26;5659;3,79353E+14;109290946,7;152;main effect;133786376;4,32567E+14;37;37;9,98298E+14;1,24314E+14;6,5376E+14;United States;United States;English;English;0;0;cash;credit;students;students;;;;0;ml3;3,5267E+14;2;3;44075;45135;1;Professor;1,66667E+14;5;6,66667E+14;Professor;FALSE;carleton;4,42173E+14;1;1;1;1;1;1;FALSE;1;1;1;0;;; ;FALSE
ml3.4;Availability: A heuristic for judging frequency and probability;Amos Tversky and Daniel Kahneman;1973;Cognitive Psychology;5;2;Cognitive;26;5659;3,79353E+14;109290946,7;152;main effect;-114247023;2,95836E+14;86;86;9,98298E+14;1,82699E+14;9,55115E+14;United States;United States;English;English;0;0;cash;credit;students;students;;;;0;ml3;-3,01163E+14;2;1;44075;45135;1;Professor;300;300;0;Professor;FALSE;ithaca;2,96744E+13;1;1;1;1;1;1;FALSE;1;1;1;0;;; ;FALSE
ml3.4;Availability: A heuristic for judging frequency and probability;Amos Tversky and Daniel Kahneman;1973;Cognitive Psychology;5;2;Cognitive;26;5659;3,79353E+14;109290946,7;152;main effect;205517234;5,04916E+14;91;91;9,98298E+14;5,02048E+14;9,64393E+14;United States;United States;English;English;0;0;cash;credit;students;students;;;;0;ml3;5,41757E+14;2;5;44075;45135;1;Professor;662;320;4;Professor;FALSE;miami;2,88751E+14;1;1;1;1;1;1;FALSE;1;1;1;0;;; ;FALSE
ml3.4;Availability: A heuristic for judging frequency and probability;Amos Tversky and Daniel Kahneman;1973;Cognitive Psychology;5;2;Cognitive;26;5659;3,79353E+14;109290946,7;152;main effect;-4999938;9,30988E+14;303;303;9,98298E+14;5,0809E+14;1E+15;United States;United States;English;English;0;0;cash;credit;students;students;;;;0;ml3;-1,31802E+14;2;3;44075;45135;1;Professor;3,04933E+14;9024;6,66667E+14;Professor;FALSE;michigansu;1,60122E+14;1;1;1;1;1;1;FALSE;1;1;1;0;;; ;FALSE
ml3.4;Availability: A heuristic for judging frequency and probability;Amos Tversky and Daniel Kahneman;1973;Cognitive Psychology;5;2;Cognitive;26;5659;3,79353E+14;109290946,7;152;main effect;34978582;7,09908E+14;116;116;9,98298E+14;6,59732E+14;9,89306E+14;United States;United States;English;English;0;0;cash;nothing;students;students;;;;0;ml3;9,22058E+14;2;2;44075;45135;1;Professor;2835;418;0;Professor;FALSE;montanasu;2,56653E+14;1;1;1;1;1;1;FALSE;1;1;1;0;;; ;FALSE
ml3.4;Availability: A heuristic for judging frequency and probability;Amos Tversky and Daniel Kahneman;1973;Cognitive Psychology;5;2;Cognitive;26;5659;3,79353E+14;109290946,7;152;main effect;89637699;2,92984E+14;591;591;9,98298E+14;5,87508E+14;1E+15;United States;United States;English;English;0;1;cash;cash;students;students;;;;1;ml3;2,36291E+14;2;64;44075;45135;1;Professor;43815625;9039;515625;Professor;FALSE;mturk;1,14954E+13;1;1;0;1;1;1;FALSE;1;1;1;0;;; ;FALSE
ml3.4;Availability: A heuristic for judging frequency and probability;Amos Tversky and Daniel Kahneman;1973;Cognitive Psychology;5;2;Cognitive;26;5659;3,79353E+14;109290946,7;152;main effect;-14998313;8,70027E+14;122;122;9,98298E+14;5,29624E+14;9,92065E+14;United States;United States;English;English;0;0;cash;credit;students;students;;;;0;ml3;-3,95365E+14;2;5;44075;45135;1;Professor;185;634;4;Professor;FALSE;nova;2,50452E+14;1;1;1;1;1;1;FALSE;1;1;1;0;;; ;FALSE
ml3.4;Availability: A heuristic for judging frequency and probability;Amos Tversky and Daniel Kahneman;1973;Cognitive Psychology;5;2;Cognitive;26;5659;3,79353E+14;109290946,7;152;main effect;-24992191;7,63408E+14;148;148;9,98298E+14;6,03928E+14;9,97901E+14;United States;United States;English;English;0;0;cash;credit;students;students;;;;0;ml3;-6,5881E+14;2;64;44075;45135;1;Professor;43815625;9039;515625;Professor;FALSE;osunewark;2,27858E+14;1;1;1;1;1;1;FALSE;1;1;1;0;;; ;FALSE
ml3.4;Availability: A heuristic for judging frequency and probability;Amos Tversky and Daniel Kahneman;1973;Cognitive Psychology;5;2;Cognitive;26;5659;3,79353E+14;109290946,7;152;main effect;172380332;8,80063E+13;99;99;9,98298E+14;4,02683E+14;9,7558E+14;United States;United States;English;English;0;0;cash;nothing;students;students;;;;0;ml3;4,54406E+14;2;3;44075;45135;1;Professor;1,19667E+14;359;3,33333E+14;Professor;FALSE;plu;2,77213E+14;1;1;1;1;1;1;FALSE;1;1;1;0;;; ;FALSE
ml3.4;Availability: A heuristic for judging frequency and probability;Amos Tversky and Daniel Kahneman;1973;Cognitive Psychology;5;2;Cognitive;26;5659;3,79353E+14;109290946,7;152;main effect;-69829128;4,84284E+14;103;103;9,98298E+14;1,07976E+14;9,79835E+14;United States;United States;English;English;0;0;cash;credit;students;students;;;;0;ml3;-1,84074E+14;2;1;44075;45135;1;Professor;801;801;1;Professor;FALSE;psuabington;2,7194E+14;1;1;1;1;1;1;FALSE;1;1;1;0;;; ;FALSE
ml3.4;Availability: A heuristic for judging frequency and probability;Amos Tversky and Daniel Kahneman;1973;Cognitive Psychology;5;2;Cognitive;26;5659;3,79353E+14;109290946,7;152;main effect;4999938;9,54538E+14;133;133;9,98298E+14;5,02547E+14;9,95448E+14;United States;United States;English;English;0;0;cash;credit;students;students;;;;0;ml3;1,31802E+14;2;3;44075;45135;1;Professor;3,76667E+14;867;3,33333E+14;Professor;FALSE;sandiegosu;2,40115E+14;1;1;1;1;1;1;FALSE;1;1;1;0;;; ;FALSE
ml3.4;Availability: A heuristic for judging frequency and probability;Amos Tversky and Daniel Kahneman;1973;Cognitive Psychology;5;2;Cognitive;26;5659;3,79353E+14;109290946,7;152;main effect;-14998313;8,45851E+13;171;171;9,98298E+14;5,42682E+14;9,99379E+14;United States;United States;English;English;0;0;cash;credit;students;students;;;;0;ml3;-3,95365E+14;2;3;44075;45135;1;Professor;815;1359;1;Professor;FALSE;tamu;2,12305E+14;1;1;1;1;1;1;FALSE;1;1;1;0;;; ;FALSE
ml3.4;Availability: A heuristic for judging frequency and probability;Amos Tversky and Daniel Kahneman;1973;Cognitive Psychology;5;2;Cognitive;26;5659;3,79353E+14;109290946,7;152;main effect;74789948;5,16395E+14;78;78;9,98298E+14;9,98004E+14;9,35455E+14;United States;Canada;English;English;0;0;cash;credit;students;students;;;;0;ml3;1,97151E+14;2;4;44075;45135;1;Professor;3205;1197;1;Professor;FALSE;toronto;3,11028E+14;0;1;1;1;1;0;FALSE;1;1;1;0;;; ;FALSE
ml3.4;Availability: A heuristic for judging frequency and probability;Amos Tversky and Daniel Kahneman;1973;Cognitive Psychology;5;2;Cognitive;26;5659;3,79353E+14;109290946,7;152;main effect;191395051;4,11862E+14;114;114;9,98298E+14;5,35653E+14;9,88196E+13;United States;United States;English;English;0;0;cash;credit;students;students;;;;1;ml3;5,0453E+14;2;64;44075;45135;1;Professor;43815625;9039;515625;Professor;FALSE;ucdavis;2,58853E+14;1;1;1;1;1;1;FALSE;1;1;1;0;;; ;FALSE
ml3.4;Availability: A heuristic for judging frequency and probability;Amos Tversky and Daniel Kahneman;1973;Cognitive Psychology;5;2;Cognitive;26;5659;3,79353E+14;109290946,7;152;main effect;10442593;1,25224E+13;217;217;9,98298E+14;3,36073E+14;9,99951E+14;United States;United States;English;English;0;0;cash;credit;students;students;;;;0;ml3;2,75274E+14;2;64;44075;45135;1;Professor;43815625;9039;515625;Professor;FALSE;ucriverside;1,88805E+14;1;1;1;1;1;1;FALSE;1;1;1;0;;; ;FALSE
ml3.4;Availability: A heuristic for judging frequency and probability;Amos Tversky and Daniel Kahneman;1973;Cognitive Psychology;5;2;Cognitive;26;5659;3,79353E+14;109290946,7;152;main effect;-39968038;6,53519E+14;129;129;9,98298E+14;7,3412E+14;9,94422E+14;United States;United States;English;English;0;0;cash;nothing;students;students;;;;0;ml3;-1,05358E+14;2;2;44075;45135;1;Professor;26;52;1;Professor;FALSE;ufl;2,43722E+14;1;1;1;1;1;1;FALSE;1;1;1;0;;; ;FALSE
ml3.4;Availability: A heuristic for judging frequency and probability;Amos Tversky and Daniel Kahneman;1973;Cognitive Psychology;5;2;Cognitive;26;5659;3,79353E+14;109290946,7;152;main effect;49937617;6,60976E+14;80;80;9,98298E+14;7,23452E+14;9,41007E+14;United States;United States;English;English;0;0;cash;credit;students;students;;;;0;ml3;1,31639E+14;2;3;44075;45135;1;Professor;1,69667E+14;509;6,66667E+14;Professor;FALSE;usm;3,07264E+14;1;1;1;1;1;1;FALSE;1;1;1;0;;; ;FALSE
ml3.4;Availability: A heuristic for judging frequency and probability;Amos Tversky and Daniel Kahneman;1973;Cognitive Psychology;5;2;Cognitive;26;5659;3,79353E+14;109290946,7;152;main effect;74789948;3,05528E+14;190;190;9,98298E+14;1,76729E+14;9,99779E+14;United States;United States;English;English;0;0;cash;credit;students;students;;;;0;ml3;1,97151E+14;2;5;44075;45135;1;Professor;1810;9039;8;Professor;FALSE;uva;2,01599E+14;1;1;1;1;1;1;FALSE;1;1;1;0;;; ;FALSE
ml3.4;Availability: A heuristic for judging frequency and probability;Amos Tversky and Daniel Kahneman;1973;Cognitive Psychology;5;2;Cognitive;26;5659;3,79353E+14;109290946,7;152;main effect;119145221;2,61431E+14;91;91;9,98298E+14;2,03636E+14;9,64393E+14;United States;United States;English;English;0;0;cash;credit;students;students;;;;0;ml3;3,14075E+14;2;4;44075;45135;1;Professor;505;194;0;Professor;FALSE;vcu;2,88751E+14;1;1;1;1;1;1;FALSE;1;1;1;0;;; ;FALSE
ml3.5;Running on Empty: Neural Signals for Self-Control Failure;M. Inzlicht and J. N. Gutsell;2007;Psychological Science;18;11;Cognitive;5;147;8,43437E+14;71849,51159;40;main effect;6,52966E+14;0;3433;3279;1E+15;1;1;Canada;United States;English;English;0;0;mixed;credit;students;students;;;;1;ml3;7,74173E+14;2;64;14335;2621;5;Professor;43815625;9039;515625;Professor;TRUE;;4,77922E+13;0;1;1;1;0;1;FALSE;0;0; ;0;;; ;FALSE
ml3.5;Running on Empty: Neural Signals for Self-Control Failure;M. Inzlicht and J. N. Gutsell;2007;Psychological Science;18;11;Cognitive;5;147;8,43437E+14;71849,51159;40;main effect;455402382;1,153296337;84;84;1E+15;9,93551E+14;1;Canada;United States;English;English;0;0;mixed;credit;students;students;;;;1;ml3;5,39936E+14;2;5;14335;2621;5;Professor;366;113;4;Professor;FALSE;ashland;3,0013E+14;0;1;1;1;0;1;FALSE;0;0; ;;;; ;FALSE
ml3.5;Running on Empty: Neural Signals for Self-Control Failure;M. Inzlicht and J. N. Gutsell;2007;Psychological Science;18;11;Cognitive;5;147;8,43437E+14;71849,51159;40;main effect;411475205;0,004555232;119;119;1E+15;9,97184E+14;1;Canada;United States;English;English;0;0;mixed;credit;students;students;;;;1;ml3;4,87855E+14;2;3;14335;2621;5;Professor;5,63333E+14;169;3,33333E+14;Professor;FALSE;bradley;2,53522E+14;0;1;1;1;0;1;FALSE;0;0; ;;;; ;FALSE
ml3.5;Running on Empty: Neural Signals for Self-Control Failure;M. Inzlicht and J. N. Gutsell;2007;Psychological Science;18;11;Cognitive;5;147;8,43437E+14;71849,51159;40;main effect;485026929;391451,4482;44;44;1E+15;9,28374E+14;1E+15;Canada;United States;English;English;0;0;mixed;credit;students;students;;;;1;ml3;5,7506E+14;2;3;14335;2621;5;Professor;1,66667E+14;5;6,66667E+14;Professor;FALSE;carleton;4,08041E+14;0;1;1;1;0;1;FALSE;0;0; ;;;; ;FALSE
ml3.5;Running on Empty: Neural Signals for Self-Control Failure;M. Inzlicht and J. N. Gutsell;2007;Psychological Science;18;11;Cognitive;5;147;8,43437E+14;71849,51159;40;main effect;520246163;1,30997E-05;91;91;1E+15;9,99745E+13;1;Canada;United States;English;English;0;0;mixed;credit;students;students;;;;1;ml3;6,16817E+14;2;1;14335;2621;5;Professor;300;300;0;Professor;FALSE;ithaca;2,88751E+14;0;1;1;1;0;1;FALSE;0;0; ;;;; ;FALSE
ml3.5;Running on Empty: Neural Signals for Self-Control Failure;M. Inzlicht and J. N. Gutsell;2007;Psychological Science;18;11;Cognitive;5;147;8,43437E+14;71849,51159;40;main effect;372214773;597,2774316;96;96;1E+15;9,66232E+14;1;Canada;United States;English;English;0;0;mixed;credit;students;students;;;;1;ml3;4,41307E+13;2;5;14335;2621;5;Professor;662;320;4;Professor;FALSE;miami;2,81376E+14;0;1;1;1;0;1;FALSE;0;0; ;;;; ;FALSE
ml3.5;Running on Empty: Neural Signals for Self-Control Failure;M. Inzlicht and J. N. Gutsell;2007;Psychological Science;18;11;Cognitive;5;147;8,43437E+14;71849,51159;40;main effect;332263561;1,1764E-15;318;318;1E+15;9,99985E+14;1;Canada;United States;English;English;0;0;mixed;credit;students;students;;;;1;ml3;3,9394E+14;2;3;14335;2621;5;Professor;3,04933E+14;9024;6,66667E+14;Professor;FALSE;michigansu;1,56337E+14;0;1;1;1;0;1;FALSE;0;0; ;;;; ;FALSE
ml3.5;Running on Empty: Neural Signals for Self-Control Failure;M. Inzlicht and J. N. Gutsell;2007;Psychological Science;18;11;Cognitive;5;147;8,43437E+14;71849,51159;40;main effect;443281126;4,75098E-06;124;124;1E+15;9,99513E+14;1;Canada;United States;English;English;0;0;mixed;nothing;students;students;;;;1;ml3;5,25565E+14;2;2;14335;2621;5;Professor;2835;418;0;Professor;FALSE;montanasu;2,48469E+12;0;1;1;1;0;1;FALSE;0;0; ;;;; ;FALSE
ml3.5;Running on Empty: Neural Signals for Self-Control Failure;M. Inzlicht and J. N. Gutsell;2007;Psychological Science;18;11;Cognitive;5;147;8,43437E+14;71849,51159;40;main effect;376788873;2,21664E-56;620;620;1E+15;1E+15;1;Canada;United States;English;English;0;1;mixed;cash;students;students;;;;1;ml3;4,4673E+14;2;64;14335;2621;5;Professor;43815625;9039;515625;Professor;FALSE;mturk;1,12227E+14;0;1;0;1;0;1;FALSE;0;0; ;;;; ;FALSE
ml3.5;Running on Empty: Neural Signals for Self-Control Failure;M. Inzlicht and J. N. Gutsell;2007;Psychological Science;18;11;Cognitive;5;147;8,43437E+14;71849,51159;40;main effect;405411164;0,000345001;131;131;1E+15;9,98265E+14;1;Canada;United States;English;English;0;0;mixed;credit;students;students;;;;1;ml3;4,80666E+14;2;5;14335;2621;5;Professor;185;634;4;Professor;FALSE;nova;2,41898E+14;0;1;1;1;0;1;FALSE;0;0; ;;;; ;FALSE
ml3.5;Running on Empty: Neural Signals for Self-Control Failure;M. Inzlicht and J. N. Gutsell;2007;Psychological Science;18;11;Cognitive;5;147;8,43437E+14;71849,51159;40;main effect;473625585;4,1276E-14;158;158;1E+15;9,99996E+14;1;Canada;United States;English;English;0;0;mixed;credit;students;students;;;;1;ml3;5,61542E+14;2;64;14335;2621;5;Professor;43815625;9039;515625;Professor;FALSE;osunewark;2,20699E+14;0;1;1;1;0;1;FALSE;0;0; ;;;; ;FALSE
ml3.5;Running on Empty: Neural Signals for Self-Control Failure;M. Inzlicht and J. N. Gutsell;2007;Psychological Science;18;11;Cognitive;5;147;8,43437E+14;71849,51159;40;main effect;450246911;0,005001808;101;101;1E+15;9,97897E+14;1;Canada;United States;English;English;0;0;mixed;nothing;students;students;;;;1;ml3;5,33824E+14;2;3;14335;2621;5;Professor;1,19667E+14;359;3,33333E+14;Professor;FALSE;plu;2,74538E+14;0;1;1;1;0;1;FALSE;0;0; ;;;; ;FALSE
ml3.5;Running on Empty: Neural Signals for Self-Control Failure;M. Inzlicht and J. N. Gutsell;2007;Psychological Science;18;11;Cognitive;5;147;8,43437E+14;71849,51159;40;main effect;380597288;0,871639415;117;117;1E+15;9,90236E+14;1;Canada;United States;English;English;0;0;mixed;credit;students;students;;;;1;ml3;4,51246E+14;2;1;14335;2621;5;Professor;801;801;1;Professor;FALSE;psuabington;2,55575E+14;0;1;1;1;0;1;FALSE;0;0; ;;;; ;FALSE
ml3.5;Running on Empty: Neural Signals for Self-Control Failure;M. Inzlicht and J. N. Gutsell;2007;Psychological Science;18;11;Cognitive;5;147;8,43437E+14;71849,51159;40;main effect;398979197;4,46439E-05;142;142;1E+15;9,98802E+14;1;Canada;United States;English;English;0;0;mixed;credit;students;students;;;;1;ml3;4,7304E+14;2;3;14335;2621;5;Professor;3,76667E+14;867;3,33333E+14;Professor;FALSE;sandiegosu;2,32537E+14;0;1;1;1;0;1;FALSE;0;0; ;;;; ;FALSE
ml3.5;Running on Empty: Neural Signals for Self-Control Failure;M. Inzlicht and J. N. Gutsell;2007;Psychological Science;18;11;Cognitive;5;147;8,43437E+14;71849,51159;40;main effect;400988023;9,85127E-10;178;178;1E+15;9,99881E+14;1;Canada;United States;English;English;0;0;mixed;credit;students;students;;;;1;ml3;4,75421E+13;2;3;14335;2621;5;Professor;815;1359;1;Professor;FALSE;tamu;2,08162E+14;0;1;1;1;0;1;FALSE;0;0; ;;;; ;FALSE
ml3.5;Running on Empty: Neural Signals for Self-Control Failure;M. Inzlicht and J. N. Gutsell;2007;Psychological Science;18;11;Cognitive;5;147;8,43437E+14;71849,51159;40;main effect;312704074;7477011,128;81;81;1E+15;8,19391E+14;1;Canada;Canada;English;English;0;0;mixed;credit;students;students;;;;1;ml3;3,7075E+14;2;4;14335;2621;5;Professor;3205;1197;1;Professor;FALSE;toronto;3,05433E+14;1;1;1;1;0;0;FALSE;0;0; ;;;; ;FALSE
ml3.5;Running on Empty: Neural Signals for Self-Control Failure;M. Inzlicht and J. N. Gutsell;2007;Psychological Science;18;11;Cognitive;5;147;8,43437E+14;71849,51159;40;main effect;385251525;0,256887694;119;119;1E+15;9,92482E+14;1;Canada;United States;English;English;0;0;mixed;credit;students;students;;;;1;ml3;4,56764E+14;2;64;14335;2621;5;Professor;43815625;9039;515625;Professor;FALSE;ucdavis;2,53522E+14;0;1;1;1;0;1;FALSE;0;0; ;;;; ;FALSE
ml3.5;Running on Empty: Neural Signals for Self-Control Failure;M. Inzlicht and J. N. Gutsell;2007;Psychological Science;18;11;Cognitive;5;147;8,43437E+14;71849,51159;40;main effect;478762772;5,14657E-29;242;242;1E+15;1E+15;1;Canada;United States;English;English;0;0;mixed;credit;students;students;;;;1;ml3;5,67633E+13;2;64;14335;2621;5;Professor;43815625;9039;515625;Professor;FALSE;ucriverside;1,78953E+14;0;1;1;1;0;1;FALSE;0;0; ;;;; ;FALSE
ml3.5;Running on Empty: Neural Signals for Self-Control Failure;M. Inzlicht and J. N. Gutsell;2007;Psychological Science;18;11;Cognitive;5;147;8,43437E+14;71849,51159;40;main effect;352543415;0,49211618;137;137;1E+15;9,89774E+14;1;Canada;United States;English;English;0;0;mixed;nothing;students;students;;;;1;ml3;4,17984E+14;2;2;14335;2621;5;Professor;26;52;1;Professor;FALSE;ufl;2,36662E+14;0;1;1;1;0;1;FALSE;0;0; ;;;; ;FALSE
ml3.5;Running on Empty: Neural Signals for Self-Control Failure;M. Inzlicht and J. N. Gutsell;2007;Psychological Science;18;11;Cognitive;5;147;8,43437E+14;71849,51159;40;main effect;408933594;54,23140511;89;89;1E+15;9,81595E+14;1;Canada;United States;English;English;0;0;mixed;credit;students;students;;;;1;ml3;4,84842E+14;2;3;14335;2621;5;Professor;1,69667E+14;509;6,66667E+14;Professor;FALSE;usm;2,91873E+14;0;1;1;1;0;1;FALSE;0;0; ;;;; ;FALSE
ml3.5;Running on Empty: Neural Signals for Self-Control Failure;M. Inzlicht and J. N. Gutsell;2007;Psychological Science;18;11;Cognitive;5;147;8,43437E+14;71849,51159;40;main effect;400438887;1,14347E-11;194;194;1E+15;9,99955E+14;1;Canada;United States;English;English;0;0;mixed;credit;students;students;;;;1;ml3;4,7477E+14;2;5;14335;2621;5;Professor;1810;9039;8;Professor;FALSE;uva;1,99537E+14;0;1;1;1;0;1;FALSE;0;0; ;;;; ;FALSE
ml3.5;Running on Empty: Neural Signals for Self-Control Failure;M. Inzlicht and J. N. Gutsell;2007;Psychological Science;18;11;Cognitive;5;147;8,43437E+14;71849,51159;40;main effect;433165105;0,404806158;95;95;1E+15;9,93949E+14;1;Canada;United States;English;English;0;0;mixed;credit;students;students;;;;1;ml3;5,13571E+14;2;4;14335;2621;5;Professor;505;194;0;Professor;FALSE;vcu;2,82806E+14;0;1;1;1;0;1;FALSE;0;0; ;;;; ;FALSE
ml3.6;Warmer Hearts, Warmer Rooms;Aleksandra Szymkow and Jesse Chandler and Hans IJzerman and Michal Parzuchowski and Bogdan Wojciszke;2013;Social Psychology;44;2;Social;10;9;3,99608E+14;2,40477E+14;80;main effect;3,9405E+14;8,25886E+14;3433;3119;9,61963E+14;5,55572E+14;1;Poland;United States;Polish;English;0;0;nothing;credit;students;students;;;;0;ml3;9,86091E+14;5;64;5384;1182;8;Professor;43815625;9039;515625;Professor;TRUE;;4,77922E+13;0;0;1;1;0;1;FALSE;1;1;0;0;;1;0;FALSE
ml3.6;Warmer Hearts, Warmer Rooms;Aleksandra Szymkow and Jesse Chandler and Hans IJzerman and Michal Parzuchowski and Bogdan Wojciszke;2013;Social Psychology;44;2;Social;10;9;3,99608E+14;2,40477E+14;80;main effect;14;23;79;79;9,61963E+14;2,34826E+14;9,59929E+14;Poland;United States;Polish;English;0;0;nothing;credit;students;students;;;;0;ml3;3,50343E+14;5;5;5384;1182;8;Professor;366;113;4;Professor;FALSE;ashland;3,09129E+14;0;0;1;1;0;1;FALSE;1;1;0;0;;1;0;FALSE
ml3.6;Warmer Hearts, Warmer Rooms;Aleksandra Szymkow and Jesse Chandler and Hans IJzerman and Michal Parzuchowski and Bogdan Wojciszke;2013;Social Psychology;44;2;Social;10;9;3,99608E+14;2,40477E+14;80;main effect;5;57;116;116;9,61963E+14;8,30981E+14;9,94703E+14;Poland;United States;Polish;English;0;0;nothing;credit;students;students;;;;0;ml3;1,25123E+14;5;3;5384;1182;8;Professor;5,63333E+14;169;3,33333E+14;Professor;FALSE;bradley;2,56653E+14;0;0;1;1;0;1;FALSE;1;1;0;0;;1;0;FALSE
ml3.6;Warmer Hearts, Warmer Rooms;Aleksandra Szymkow and Jesse Chandler and Hans IJzerman and Michal Parzuchowski and Bogdan Wojciszke;2013;Social Psychology;44;2;Social;10;9;3,99608E+14;2,40477E+14;80;main effect;3;86;37;37;9,61963E+14;5,31741E+14;7,04144E+14;Poland;United States;Polish;English;0;0;nothing;credit;students;students;;;;0;ml3;7,50736E+14;5;3;5384;1182;8;Professor;1,66667E+14;5;6,66667E+14;Professor;FALSE;carleton;4,42173E+14;0;0;1;1;0;1;FALSE;1;1;0;0;;1;0;FALSE
ml3.6;Warmer Hearts, Warmer Rooms;Aleksandra Szymkow and Jesse Chandler and Hans IJzerman and Michal Parzuchowski and Bogdan Wojciszke;2013;Social Psychology;44;2;Social;10;9;3,99608E+14;2,40477E+14;80;main effect;13;24;83;83;9,61963E+14;2,17036E+14;9,67499E+14;Poland;United States;Polish;English;0;0;nothing;credit;students;students;;;;0;ml3;3,25319E+14;5;1;5384;1182;8;Professor;300;300;0;Professor;FALSE;ithaca;3,01867E+14;0;0;1;1;0;1;FALSE;1;1;0;0;;1;0;FALSE
ml3.6;Warmer Hearts, Warmer Rooms;Aleksandra Szymkow and Jesse Chandler and Hans IJzerman and Michal Parzuchowski and Bogdan Wojciszke;2013;Social Psychology;44;2;Social;10;9;3,99608E+14;2,40477E+14;80;main effect;5;67;94;94;9,61963E+14;7,65555E+14;9,81958E+14;Poland;United States;Polish;English;0;0;nothing;credit;students;students;;;;0;ml3;1,25123E+14;5;5;5384;1182;8;Professor;662;320;4;Professor;FALSE;miami;2,84258E+14;0;0;1;1;0;1;FALSE;1;1;0;0;;1;0;FALSE
ml3.6;Warmer Hearts, Warmer Rooms;Aleksandra Szymkow and Jesse Chandler and Hans IJzerman and Michal Parzuchowski and Bogdan Wojciszke;2013;Social Psychology;44;2;Social;10;9;3,99608E+14;2,40477E+14;80;main effect;4;52;298;298;9,61963E+14;1,05745E+14;1E+14;Poland;United States;Polish;English;0;0;nothing;credit;students;students;;;;0;ml3;1,00098E+14;5;3;5384;1182;8;Professor;3,04933E+14;9024;6,66667E+14;Professor;FALSE;michigansu;1,61445E+14;0;0;1;1;0;1;FALSE;1;1;0;0;;1;0;FALSE
ml3.6;Warmer Hearts, Warmer Rooms;Aleksandra Szymkow and Jesse Chandler and Hans IJzerman and Michal Parzuchowski and Bogdan Wojciszke;2013;Social Psychology;44;2;Social;10;9;3,99608E+14;2,40477E+14;80;main effect;3;77;122;122;9,61963E+14;6,23172E+14;9,96245E+14;Poland;United States;Polish;English;0;0;nothing;nothing;students;students;;;;0;ml3;7,50736E+14;5;2;5384;1182;8;Professor;2835;418;0;Professor;FALSE;montanasu;2,50452E+14;0;0;1;1;0;1;FALSE;1;1;0;0;;1;0;FALSE
ml3.6;Warmer Hearts, Warmer Rooms;Aleksandra Szymkow and Jesse Chandler and Hans IJzerman and Michal Parzuchowski and Bogdan Wojciszke;2013;Social Psychology;44;2;Social;10;9;3,99608E+14;2,40477E+14;80;main effect;5;22;575;575;9,61963E+14;2,23724E+14;1;Poland;United States;Polish;English;0;1;nothing;cash;students;students;;;;0;ml3;1,25123E+14;5;64;5384;1182;8;Professor;43815625;9039;515625;Professor;FALSE;mturk;1,16539E+14;0;0;0;1;0;1;FALSE;1;1;0;0;;1;0;FALSE
ml3.6;Warmer Hearts, Warmer Rooms;Aleksandra Szymkow and Jesse Chandler and Hans IJzerman and Michal Parzuchowski and Bogdan Wojciszke;2013;Social Psychology;44;2;Social;10;9;3,99608E+14;2,40477E+14;80;main effect;4;63;129;129;9,61963E+14;7,34501E+14;9,97497E+14;Poland;United States;Polish;English;0;0;nothing;credit;students;students;;;;0;ml3;1,00098E+14;5;5;5384;1182;8;Professor;185;634;4;Professor;FALSE;nova;2,43722E+14;0;0;1;1;0;1;FALSE;1;1;0;0;;1;0;FALSE
ml3.6;Warmer Hearts, Warmer Rooms;Aleksandra Szymkow and Jesse Chandler and Hans IJzerman and Michal Parzuchowski and Bogdan Wojciszke;2013;Social Psychology;44;2;Social;10;9;3,99608E+14;2,40477E+14;80;main effect;8;31;153;153;9,61963E+14;1,66206E+14;9,99398E+14;Poland;United States;Polish;English;0;0;nothing;credit;students;students;;;;0;ml3;2,00196E+14;5;64;5384;1182;8;Professor;43815625;9039;515625;Professor;FALSE;osunewark;2,24201E+13;0;0;1;1;0;1;FALSE;1;1;0;0;;1;0;FALSE
ml3.6;Warmer Hearts, Warmer Rooms;Aleksandra Szymkow and Jesse Chandler and Hans IJzerman and Michal Parzuchowski and Bogdan Wojciszke;2013;Social Psychology;44;2;Social;10;9;3,99608E+14;2,40477E+14;80;main effect;8;42;93;93;9,61963E+14;1,1891E+14;9,80953E+14;Poland;United States;Polish;English;0;0;nothing;nothing;students;students;;;;0;ml3;2,00196E+14;5;3;5384;1182;8;Professor;1,19667E+14;359;3,33333E+14;Professor;FALSE;plu;2,85732E+13;0;0;1;1;0;1;FALSE;1;1;0;0;;1;0;FALSE
ml3.6;Warmer Hearts, Warmer Rooms;Aleksandra Szymkow and Jesse Chandler and Hans IJzerman and Michal Parzuchowski and Bogdan Wojciszke;2013;Social Psychology;44;2;Social;10;9;3,99608E+14;2,40477E+14;80;main effect;4;68;112;112;9,61963E+14;7,02369E+14;9,93352E+13;Poland;United States;Polish;English;0;0;nothing;credit;students;students;;;;0;ml3;1,00098E+14;5;1;5384;1182;8;Professor;801;801;1;Professor;FALSE;psuabington;2,61095E+14;0;0;1;1;0;1;FALSE;1;1;0;0;;1;0;FALSE
ml3.6;Warmer Hearts, Warmer Rooms;Aleksandra Szymkow and Jesse Chandler and Hans IJzerman and Michal Parzuchowski and Bogdan Wojciszke;2013;Social Psychology;44;2;Social;10;9;3,99608E+14;2,40477E+14;80;main effect;3;73;134;134;9,61963E+14;6,35854E+13;9,98133E+14;Poland;United States;Polish;English;0;0;nothing;credit;students;students;;;;0;ml3;7,50736E+14;5;3;5384;1182;8;Professor;3,76667E+14;867;3,33333E+14;Professor;FALSE;sandiegosu;2,39238E+13;0;0;1;1;0;1;FALSE;1;1;0;0;;1;0;FALSE
ml3.6;Warmer Hearts, Warmer Rooms;Aleksandra Szymkow and Jesse Chandler and Hans IJzerman and Michal Parzuchowski and Bogdan Wojciszke;2013;Social Psychology;44;2;Social;10;9;3,99608E+14;2,40477E+14;80;main effect;3;72;172;172;9,61963E+14;6,76015E+14;9,99812E+14;Poland;United States;Polish;English;0;0;nothing;credit;students;students;;;;0;ml3;7,50736E+14;5;3;5384;1182;8;Professor;815;1359;1;Professor;FALSE;tamu;2,11698E+13;0;0;1;1;0;1;FALSE;1;1;0;0;;1;0;FALSE
ml3.6;Warmer Hearts, Warmer Rooms;Aleksandra Szymkow and Jesse Chandler and Hans IJzerman and Michal Parzuchowski and Bogdan Wojciszke;2013;Social Psychology;44;2;Social;10;9;3,99608E+14;2,40477E+14;80;main effect;13;3;70;70;9,61963E+14;1,89521E+14;9,36457E+14;Poland;Canada;Polish;English;0;0;nothing;credit;students;students;;;;0;ml3;3,25319E+14;5;4;5384;1182;8;Professor;3205;1197;1;Professor;FALSE;toronto;3,27595E+14;0;0;1;1;0;0;FALSE;1;1;0;0;;1;0;FALSE
ml3.6;Warmer Hearts, Warmer Rooms;Aleksandra Szymkow and Jesse Chandler and Hans IJzerman and Michal Parzuchowski and Bogdan Wojciszke;2013;Social Psychology;44;2;Social;10;9;3,99608E+14;2,40477E+14;80;main effect;18;5;115;115;9,61963E+14;4,8933E+14;9,94393E+14;Poland;United States;Polish;English;0;0;nothing;credit;students;students;;;;1;ml3;4,50442E+14;5;64;5384;1182;8;Professor;43815625;9039;515625;Professor;FALSE;ucdavis;2,57746E+14;0;0;1;1;0;1;FALSE;1;1;0;0;;1;0;FALSE
ml3.6;Warmer Hearts, Warmer Rooms;Aleksandra Szymkow and Jesse Chandler and Hans IJzerman and Michal Parzuchowski and Bogdan Wojciszke;2013;Social Psychology;44;2;Social;10;9;3,99608E+14;2,40477E+14;80;main effect;7;29;237;237;9,61963E+14;1,89084E+14;9,99997E+14;Poland;United States;Polish;English;0;0;nothing;credit;students;students;;;;0;ml3;1,75172E+14;5;64;5384;1182;8;Professor;43815625;9039;515625;Professor;FALSE;ucriverside;1,808E+12;0;0;1;1;0;1;FALSE;1;1;0;0;;1;0;FALSE
ml3.6;Warmer Hearts, Warmer Rooms;Aleksandra Szymkow and Jesse Chandler and Hans IJzerman and Michal Parzuchowski and Bogdan Wojciszke;2013;Social Psychology;44;2;Social;10;9;3,99608E+14;2,40477E+14;80;main effect;1;94;132;132;9,61963E+14;5,13674E+13;9,979E+14;Poland;United States;Polish;English;0;0;nothing;nothing;students;students;;;;0;ml3;2,50245E+14;5;2;5384;1182;8;Professor;26;52;1;Professor;FALSE;ufl;2,41002E+14;0;0;1;1;0;1;FALSE;1;1;0;0;;1;0;FALSE
ml3.6;Warmer Hearts, Warmer Rooms;Aleksandra Szymkow and Jesse Chandler and Hans IJzerman and Michal Parzuchowski and Bogdan Wojciszke;2013;Social Psychology;44;2;Social;10;9;3,99608E+14;2,40477E+14;80;main effect;12;29;87;87;9,61963E+14;1,98724E+14;9,73706E+14;Poland;United States;Polish;English;0;0;nothing;credit;students;students;;;;0;ml3;3,00294E+14;5;3;5384;1182;8;Professor;1,69667E+14;509;6,66667E+14;Professor;FALSE;usm;2,95093E+13;0;0;1;1;0;1;FALSE;1;1;0;0;;1;0;FALSE
ml3.6;Warmer Hearts, Warmer Rooms;Aleksandra Szymkow and Jesse Chandler and Hans IJzerman and Michal Parzuchowski and Bogdan Wojciszke;2013;Social Psychology;44;2;Social;10;9;3,99608E+14;2,40477E+14;80;main effect;4;58;189;189;9,61963E+14;8,48379E+14;9,99935E+14;Poland;United States;Polish;English;0;0;nothing;credit;students;students;;;;0;ml3;1,00098E+14;5;5;5384;1182;8;Professor;1810;9039;8;Professor;FALSE;uva;2,02126E+14;0;0;1;1;0;1;FALSE;1;1;0;0;;1;0;FALSE
ml3.6;Warmer Hearts, Warmer Rooms;Aleksandra Szymkow and Jesse Chandler and Hans IJzerman and Michal Parzuchowski and Bogdan Wojciszke;2013;Social Psychology;44;2;Social;10;9;3,99608E+14;2,40477E+14;80;main effect;15;17;92;92;9,61963E+14;2,99158E+14;9,79894E+14;Poland;United States;Polish;English;0;0;nothing;credit;students;students;;;;0;ml3;3,75368E+14;5;4;5384;1182;8;Professor;505;194;0;Professor;FALSE;vcu;2,8723E+14;0;0;1;1;0;1;FALSE;1;1;0;0;;1;0;FALSE
ml3.7;Effects of need for cognition on message evaluation, recall, and persuasion.;John T. Cacioppo and Richard E. Petty and Katherine J. Morris;1983;Journal of Personality and Social Psychology;45;4;Social;14;583;4,11701E+14;64881187,62;114;interaction;7,39154E+14;7,19503E+14;3433;2365;9,96197E+14;6,49092E+12;1;United States;United States;English;English;0;0;credit;credit;students;students;;;;0;ml3;1,79537E+14;3;64;1,64477E+14;30729;6,66667E+14;Professor;43815625;9039;515625;Professor;TRUE;;4,77922E+13;1;1;1;1;1;1;FALSE;1;1;0;0;0;1;1;FALSE
ml3.7;Effects of need for cognition on message evaluation, recall, and persuasion.;John T. Cacioppo and Richard E. Petty and Katherine J. Morris;1983;Journal of Personality and Social Psychology;45;4;Social;14;583;4,11701E+14;64881187,62;114;interaction;8467124;4,42148E+14;85;85;9,96197E+14;1,20454E+14;9,78504E+14;United States;United States;English;English;0;0;credit;credit;students;students;;;;0;ml3;2,05662E+14;3;5;1,64477E+14;30729;6,66667E+14;Professor;366;113;4;Professor;FALSE;ashland;2,98422E+14;1;1;1;1;1;1;FALSE;1;1;0;0;0;1;1;FALSE
ml3.7;Effects of need for cognition on message evaluation, recall, and persuasion.;John T. Cacioppo and Richard E. Petty and Katherine J. Morris;1983;Journal of Personality and Social Psychology;45;4;Social;14;583;4,11701E+14;64881187,62;114;interaction;60594178;5,11676E+14;120;120;9,96197E+14;1,00833E+14;9,97378E+14;United States;United States;English;English;0;0;credit;credit;students;students;;;;0;ml3;1,4718E+14;3;3;1,64477E+14;30729;6,66667E+14;Professor;5,63333E+14;169;3,33333E+14;Professor;FALSE;bradley;2,52485E+13;1;1;1;1;1;1;FALSE;1;1;0;0;0;1;1;FALSE
ml3.7;Effects of need for cognition on message evaluation, recall, and persuasion.;John T. Cacioppo and Richard E. Petty and Katherine J. Morris;1983;Journal of Personality and Social Psychology;45;4;Social;14;583;4,11701E+14;64881187,62;114;interaction;-31731371;8,37016E+14;45;45;9,96197E+14;5,46035E+14;8,16928E+14;United States;United States;English;English;0;0;credit;credit;students;students;;;;0;ml3;-7,70738E+14;3;3;1,64477E+14;30729;6,66667E+14;Professor;1,66667E+14;5;6,66667E+14;Professor;FALSE;carleton;4,03806E+14;1;1;1;1;1;1;FALSE;1;1;0;0;0;1;1;FALSE
ml3.7;Effects of need for cognition on message evaluation, recall, and persuasion.;John T. Cacioppo and Richard E. Petty and Katherine J. Morris;1983;Journal of Personality and Social Psychology;45;4;Social;14;583;4,11701E+14;64881187,62;114;interaction;25125854;8,1259E+14;92;92;9,96197E+14;5,63486E+14;9,85693E+14;United States;United States;English;English;0;0;credit;credit;students;students;;;;0;ml3;6,10293E+14;3;1;1,64477E+14;30729;6,66667E+14;Professor;300;300;0;Professor;FALSE;ithaca;2,8723E+14;1;1;1;1;1;1;FALSE;1;1;0;0;0;1;1;FALSE
ml3.7;Effects of need for cognition on message evaluation, recall, and persuasion.;John T. Cacioppo and Richard E. Petty and Katherine J. Morris;1983;Journal of Personality and Social Psychology;45;4;Social;14;583;4,11701E+14;64881187,62;114;interaction;-99823941;3,34102E+14;96;96;9,96197E+14;1,62663E+14;9,887E+14;United States;United States;English;English;0;0;credit;credit;students;students;;;;0;ml3;-2,42467E+14;3;5;1,64477E+14;30729;6,66667E+14;Professor;662;320;4;Professor;FALSE;miami;2,81376E+14;1;1;1;1;1;1;FALSE;1;1;0;0;0;1;1;FALSE
ml3.7;Effects of need for cognition on message evaluation, recall, and persuasion.;John T. Cacioppo and Richard E. Petty and Katherine J. Morris;1983;Journal of Personality and Social Psychology;45;4;Social;14;583;4,11701E+14;64881187,62;114;interaction;79100139;1,59479E+13;318;318;9,96197E+14;2,91072E+14;1E+15;United States;United States;English;English;0;0;credit;credit;students;students;;;;0;ml3;1,9213E+14;3;3;1,64477E+14;30729;6,66667E+14;Professor;3,04933E+14;9024;6,66667E+14;Professor;FALSE;michigansu;1,56337E+14;1;1;1;1;1;1;FALSE;1;1;0;0;0;1;1;FALSE
ml3.7;Effects of need for cognition on message evaluation, recall, and persuasion.;John T. Cacioppo and Richard E. Petty and Katherine J. Morris;1983;Journal of Personality and Social Psychology;45;4;Social;14;583;4,11701E+14;64881187,62;114;interaction;96462956;2,79318E+14;128;128;9,96197E+14;1,9196E+14;9,98412E+13;United States;United States;English;English;0;0;credit;nothing;students;students;;;;0;ml3;2,34303E+14;3;2;1,64477E+14;30729;6,66667E+14;Professor;2835;418;0;Professor;FALSE;montanasu;2,4465E+14;1;1;1;1;1;1;FALSE;1;1;0;0;0;1;1;FALSE
ml3.7;Effects of need for cognition on message evaluation, recall, and persuasion.;John T. Cacioppo and Richard E. Petty and Katherine J. Morris;1983;Journal of Personality and Social Psychology;45;4;Social;14;583;4,11701E+14;64881187,62;114;interaction;;;;;9,96197E+14;;;United States;United States;English;English;0;1;credit;cash;students;students;;;;;ml3;;3;64;1,64477E+14;30729;6,66667E+14;Professor;43815625;9039;515625;Professor;FALSE;mturk;;1;1;0;1;1;1;FALSE;1;1;0;0;0;1;1;FALSE
ml3.7;Effects of need for cognition on message evaluation, recall, and persuasion.;John T. Cacioppo and Richard E. Petty and Katherine J. Morris;1983;Journal of Personality and Social Psychology;45;4;Social;14;583;4,11701E+14;64881187,62;114;interaction;34182954;6,95506E+14;134;134;9,96197E+14;6,77168E+14;9,98915E+14;United States;United States;English;English;0;0;credit;credit;students;students;;;;0;ml3;8,30285E+14;3;5;1,64477E+14;30729;6,66667E+14;Professor;185;634;4;Professor;FALSE;nova;2,39238E+13;1;1;1;1;1;1;FALSE;1;1;0;0;0;1;1;FALSE
ml3.7;Effects of need for cognition on message evaluation, recall, and persuasion.;John T. Cacioppo and Richard E. Petty and Katherine J. Morris;1983;Journal of Personality and Social Psychology;45;4;Social;14;583;4,11701E+14;64881187,62;114;interaction;-2474351;9,75425E+14;158;158;9,96197E+14;5,00082E+14;9,99771E+14;United States;United States;English;English;0;0;credit;credit;students;students;;;;0;ml3;-6,01006E+14;3;64;1,64477E+14;30729;6,66667E+14;Professor;43815625;9039;515625;Professor;FALSE;osunewark;2,20699E+14;1;1;1;1;1;1;FALSE;1;1;0;0;0;1;1;FALSE
ml3.7;Effects of need for cognition on message evaluation, recall, and persuasion.;John T. Cacioppo and Richard E. Petty and Katherine J. Morris;1983;Journal of Personality and Social Psychology;45;4;Social;14;583;4,11701E+14;64881187,62;114;interaction;44903612;6,53188E+14;103;103;9,96197E+14;7,34685E+14;9,92564E+14;United States;United States;English;English;0;0;credit;nothing;students;students;;;;0;ml3;1,09068E+13;3;3;1,64477E+14;30729;6,66667E+14;Professor;1,19667E+14;359;3,33333E+14;Professor;FALSE;plu;2,7194E+14;1;1;1;1;1;1;FALSE;1;1;0;0;0;1;1;FALSE
ml3.7;Effects of need for cognition on message evaluation, recall, and persuasion.;John T. Cacioppo and Richard E. Petty and Katherine J. Morris;1983;Journal of Personality and Social Psychology;45;4;Social;14;583;4,11701E+14;64881187,62;114;interaction;4990887;5,88993E+14;120;120;9,96197E+14;8,41626E+14;9,97378E+14;United States;United States;English;English;0;0;credit;credit;students;students;;;;0;ml3;1,21226E+14;3;1;1,64477E+14;30729;6,66667E+14;Professor;801;801;1;Professor;FALSE;psuabington;2,52485E+13;1;1;1;1;1;1;FALSE;1;1;0;0;0;1;1;FALSE
ml3.7;Effects of need for cognition on message evaluation, recall, and persuasion.;John T. Cacioppo and Richard E. Petty and Katherine J. Morris;1983;Journal of Personality and Social Psychology;45;4;Social;14;583;4,11701E+14;64881187,62;114;interaction;-9534193;9,10178E+14;143;143;9,96197E+14;5,13558E+14;9,99391E+14;United States;United States;English;English;0;0;credit;credit;students;students;;;;0;ml3;-2,3158E+14;3;3;1,64477E+14;30729;6,66667E+14;Professor;3,76667E+14;867;3,33333E+14;Professor;FALSE;sandiegosu;2,31737E+14;1;1;1;1;1;1;FALSE;1;1;0;0;0;1;1;FALSE
ml3.7;Effects of need for cognition on message evaluation, recall, and persuasion.;John T. Cacioppo and Richard E. Petty and Katherine J. Morris;1983;Journal of Personality and Social Psychology;45;4;Social;14;583;4,11701E+14;64881187,62;114;interaction;-45291003;5,47664E+14;179;179;9,96197E+14;9,24458E+14;9,99943E+14;United States;United States;English;English;0;0;credit;credit;students;students;;;;0;ml3;-1,10009E+14;3;3;1,64477E+14;30729;6,66667E+14;Professor;815;1359;1;Professor;FALSE;tamu;2,0759E+14;1;1;1;1;1;1;FALSE;1;1;0;0;0;1;1;FALSE
ml3.7;Effects of need for cognition on message evaluation, recall, and persuasion.;John T. Cacioppo and Richard E. Petty and Katherine J. Morris;1983;Journal of Personality and Social Psychology;45;4;Social;14;583;4,11701E+14;64881187,62;114;interaction;-3707856;7,38485E+14;84;84;9,96197E+14;6,28017E+14;9,77231E+14;United States;Canada;English;English;0;0;credit;credit;students;students;;;;0;ml3;-9,00618E+14;3;4;1,64477E+14;30729;6,66667E+14;Professor;3205;1197;1;Professor;FALSE;toronto;3,0013E+14;0;1;1;1;1;0;FALSE;1;1;0;0;0;1;1;FALSE
ml3.7;Effects of need for cognition on message evaluation, recall, and persuasion.;John T. Cacioppo and Richard E. Petty and Katherine J. Morris;1983;Journal of Personality and Social Psychology;45;4;Social;14;583;4,11701E+14;64881187,62;114;interaction;32742384;7,23122E+14;120;120;9,96197E+14;6,44664E+13;9,97378E+14;United States;United States;English;English;0;0;credit;credit;students;students;;;;0;ml3;7,95295E+13;3;64;1,64477E+14;30729;6,66667E+14;Professor;43815625;9039;515625;Professor;FALSE;ucdavis;2,52485E+13;1;1;1;1;1;1;FALSE;1;1;0;0;0;1;1;FALSE
ml3.7;Effects of need for cognition on message evaluation, recall, and persuasion.;John T. Cacioppo and Richard E. Petty and Katherine J. Morris;1983;Journal of Personality and Social Psychology;45;4;Social;14;583;4,11701E+14;64881187,62;114;interaction;-73395474;2,52697E+14;245;245;9,96197E+14;2,08665E+14;9,99999E+14;United States;United States;English;English;0;0;credit;credit;students;students;;;;0;ml3;-1,78274E+14;3;64;1,64477E+14;30729;6,66667E+14;Professor;43815625;9039;515625;Professor;FALSE;ucriverside;1,77874E+14;1;1;1;1;1;1;FALSE;1;1;0;0;0;1;1;FALSE
ml3.7;Effects of need for cognition on message evaluation, recall, and persuasion.;John T. Cacioppo and Richard E. Petty and Katherine J. Morris;1983;Journal of Personality and Social Psychology;45;4;Social;14;583;4,11701E+14;64881187,62;114;interaction;-39266954;6,49266E+14;137;137;9,96197E+14;7,40408E+14;9,99104E+14;United States;United States;English;English;0;0;credit;nothing;students;students;;;;0;ml3;-9,53773E+13;3;2;1,64477E+14;30729;6,66667E+14;Professor;26;52;1;Professor;FALSE;ufl;2,36662E+14;1;1;1;1;1;1;FALSE;1;1;0;0;0;1;1;FALSE
ml3.7;Effects of need for cognition on message evaluation, recall, and persuasion.;John T. Cacioppo and Richard E. Petty and Katherine J. Morris;1983;Journal of Personality and Social Psychology;45;4;Social;14;583;4,11701E+14;64881187,62;114;interaction;4200803;9,68925E+14;89;89;9,96197E+14;4,99969E+14;9,82949E+14;United States;United States;English;English;0;0;credit;credit;students;students;;;;0;ml3;1,02035E+14;3;3;1,64477E+14;30729;6,66667E+14;Professor;1,69667E+14;509;6,66667E+14;Professor;FALSE;usm;2,91873E+14;1;1;1;1;1;1;FALSE;1;1;0;0;0;1;1;FALSE
ml3.7;Effects of need for cognition on message evaluation, recall, and persuasion.;John T. Cacioppo and Richard E. Petty and Katherine J. Morris;1983;Journal of Personality and Social Psychology;45;4;Social;14;583;4,11701E+14;64881187,62;114;interaction;-70361965;3,28778E+14;195;195;9,96197E+14;1,64797E+14;9,99981E+14;United States;United States;English;English;0;0;credit;credit;students;students;;;;0;ml3;-1,70905E+14;3;5;1,64477E+14;30729;6,66667E+14;Professor;1810;9039;8;Professor;FALSE;uva;1,99019E+14;1;1;1;1;1;1;FALSE;1;1;0;0;0;1;1;FALSE
ml3.7;Effects of need for cognition on message evaluation, recall, and persuasion.;John T. Cacioppo and Richard E. Petty and Katherine J. Morris;1983;Journal of Personality and Social Psychology;45;4;Social;14;583;4,11701E+14;64881187,62;114;interaction;-155569945;1,30395E+14;96;96;9,96197E+14;3,29876E+14;9,887E+14;United States;United States;English;English;0;0;credit;credit;students;students;;;;0;ml3;-3,77871E+14;3;4;1,64477E+14;30729;6,66667E+14;Professor;505;194;0;Professor;FALSE;vcu;2,81376E+14;1;1;1;1;1;1;FALSE;1;1;0;0;0;1;1;FALSE
ml3.8;Cloningertextquotesingles Psychobiological Model of Temperament and Character and the Five-Factor Model of Personality;F De Fruyt and L Van De Wiele and C Van Heeringen;2000;Personality and Individual Differences;29;3;Cognitive;12;145;46;2696058,679;128;correlation;27;1,27176E+14;3433;3193;9,99852E+14;3,32232E+14;1;Belgium;United States;Dutch;English;0;0;nothing;credit;anyone;students;;;;0;ml3;5,86957E+13;3;64;1,53467E+14;3351;1;Professor;43815625;9039;515625;Professor;TRUE;;4,77922E+13;0;0;1;0;0;1;FALSE;1;1;0;0;;; ;FALSE
ml3.8;Cloningertextquotesingles Psychobiological Model of Temperament and Character and the Five-Factor Model of Personality;F De Fruyt and L Van De Wiele and C Van Heeringen;2000;Personality and Individual Differences;29;3;Cognitive;12;145;46;2696058,679;128;correlation;-2113888;5,34062E+14;84;84;9,99852E+14;4,92667E+14;9,94444E+14;Belgium;United States;Dutch;English;0;0;nothing;credit;anyone;students;;;;0;ml3;-4,59541E+14;3;5;1,53467E+14;3351;1;Professor;366;113;4;Professor;FALSE;ashland;3,0013E+14;0;0;1;0;0;1;FALSE;1;1;0;0;;; ;FALSE
ml3.8;Cloningertextquotesingles Psychobiological Model of Temperament and Character and the Five-Factor Model of Personality;F De Fruyt and L Van De Wiele and C Van Heeringen;2000;Personality and Individual Differences;29;3;Cognitive;12;145;46;2696058,679;128;correlation;7624803;9,35114E+14;117;117;9,99852E+14;5,06286E+14;9,99624E+14;Belgium;United States;Dutch;English;0;0;nothing;credit;anyone;students;;;;0;ml3;1,65757E+14;3;3;1,53467E+14;3351;1;Professor;5,63333E+14;169;3,33333E+14;Professor;FALSE;bradley;2,55575E+14;0;0;1;0;0;1;FALSE;1;1;0;0;;; ;FALSE
ml3.8;Cloningertextquotesingles Psychobiological Model of Temperament and Character and the Five-Factor Model of Personality;F De Fruyt and L Van De Wiele and C Van Heeringen;2000;Personality and Individual Differences;29;3;Cognitive;12;145;46;2696058,679;128;correlation;-6357754;6,90941E+14;42;42;9,99852E+14;6,82937E+14;8,80519E+14;Belgium;United States;Dutch;English;0;0;nothing;credit;anyone;students;;;;0;ml3;-1,38212E+14;3;3;1,53467E+14;3351;1;Professor;1,66667E+14;5;6,66667E+14;Professor;FALSE;carleton;4,16986E+14;0;0;1;0;0;1;FALSE;1;1;0;0;;; ;FALSE
ml3.8;Cloningertextquotesingles Psychobiological Model of Temperament and Character and the Five-Factor Model of Personality;F De Fruyt and L Van De Wiele and C Van Heeringen;2000;Personality and Individual Differences;29;3;Cognitive;12;145;46;2696058,679;128;correlation;2007985;5,76009E+12;90;90;9,99852E+14;4,79226E+14;9,96546E+14;Belgium;United States;Dutch;English;0;0;nothing;credit;anyone;students;;;;0;ml3;4,36518E+13;3;1;1,53467E+14;3351;1;Professor;300;300;0;Professor;FALSE;ithaca;2,90297E+14;0;0;1;0;0;1;FALSE;1;1;0;0;;; ;FALSE
ml3.8;Cloningertextquotesingles Psychobiological Model of Temperament and Character and the Five-Factor Model of Personality;F De Fruyt and L Van De Wiele and C Van Heeringen;2000;Personality and Individual Differences;29;3;Cognitive;12;145;46;2696058,679;128;correlation;-6392194;5,37048E+13;96;96;9,99852E+14;9,48963E+14;9,97867E+14;Belgium;United States;Dutch;English;0;0;nothing;credit;anyone;students;;;;0;ml3;-1,38961E+14;3;5;1,53467E+14;3351;1;Professor;662;320;4;Professor;FALSE;miami;2,81376E+14;0;0;1;0;0;1;FALSE;1;1;0;0;;; ;FALSE
ml3.8;Cloningertextquotesingles Psychobiological Model of Temperament and Character and the Five-Factor Model of Personality;F De Fruyt and L Van De Wiele and C Van Heeringen;2000;Personality and Individual Differences;29;3;Cognitive;12;145;46;2696058,679;128;correlation;2015154;7,22272E+14;314;314;9,99852E+14;6,45804E+14;1E+15;Belgium;United States;Dutch;English;0;0;nothing;credit;anyone;students;;;;0;ml3;4,38077E+14;3;3;1,53467E+14;3351;1;Professor;3,04933E+14;9024;6,66667E+14;Professor;FALSE;michigansu;1,5732E+14;0;0;1;0;0;1;FALSE;1;1;0;0;;; ;FALSE
ml3.8;Cloningertextquotesingles Psychobiological Model of Temperament and Character and the Five-Factor Model of Personality;F De Fruyt and L Van De Wiele and C Van Heeringen;2000;Personality and Individual Differences;29;3;Cognitive;12;145;46;2696058,679;128;correlation;-4414049;6,24233E+14;126;126;9,99852E+14;7,79714E+14;9,99825E+14;Belgium;United States;Dutch;English;0;0;nothing;nothing;anyone;students;;;;0;ml3;-9,59576E+14;3;2;1,53467E+14;3351;1;Professor;2835;418;0;Professor;FALSE;montanasu;2,46537E+14;0;0;1;0;0;1;FALSE;1;1;0;0;;; ;FALSE
ml3.8;Cloningertextquotesingles Psychobiological Model of Temperament and Character and the Five-Factor Model of Personality;F De Fruyt and L Van De Wiele and C Van Heeringen;2000;Personality and Individual Differences;29;3;Cognitive;12;145;46;2696058,679;128;correlation;4721134;2,56418E+14;580;580;9,99852E+14;2,05859E+14;1;Belgium;United States;Dutch;English;0;1;nothing;cash;anyone;students;;;;0;ml3;1,02633E+14;3;64;1,53467E+14;3351;1;Professor;43815625;9039;515625;Professor;FALSE;mturk;1,16037E+14;0;0;0;0;0;1;FALSE;1;1;0;0;;; ;FALSE
ml3.8;Cloningertextquotesingles Psychobiological Model of Temperament and Character and the Five-Factor Model of Personality;F De Fruyt and L Van De Wiele and C Van Heeringen;2000;Personality and Individual Differences;29;3;Cognitive;12;145;46;2696058,679;128;correlation;1034288;2,4025E+14;131;131;9,99852E+14;2,1791E+14;9,99886E+14;Belgium;United States;Dutch;English;0;0;nothing;credit;anyone;students;;;;0;ml3;2,24845E+14;3;5;1,53467E+14;3351;1;Professor;185;634;4;Professor;FALSE;nova;2,41898E+14;0;0;1;0;0;1;FALSE;1;1;0;0;;; ;FALSE
ml3.8;Cloningertextquotesingles Psychobiological Model of Temperament and Character and the Five-Factor Model of Personality;F De Fruyt and L Van De Wiele and C Van Heeringen;2000;Personality and Individual Differences;29;3;Cognitive;12;145;46;2696058,679;128;correlation;-851966;2,90793E+14;156;156;9,99852E+14;1,8504E+14;9,99987E+14;Belgium;United States;Dutch;English;0;0;nothing;credit;anyone;students;;;;0;ml3;-18521;3;64;1,53467E+14;3351;1;Professor;43815625;9039;515625;Professor;FALSE;osunewark;2,2208E+14;0;0;1;0;0;1;FALSE;1;1;0;0;;; ;FALSE
ml3.8;Cloningertextquotesingles Psychobiological Model of Temperament and Character and the Five-Factor Model of Personality;F De Fruyt and L Van De Wiele and C Van Heeringen;2000;Personality and Individual Differences;29;3;Cognitive;12;145;46;2696058,679;128;correlation;-1399075;1,6327E+14;101;101;9,99852E+14;2,88047E+14;9,9858E+14;Belgium;United States;Dutch;English;0;0;nothing;nothing;anyone;students;;;;0;ml3;-3,04147E+14;3;3;1,53467E+14;3351;1;Professor;1,19667E+14;359;3,33333E+14;Professor;FALSE;plu;2,74538E+14;0;0;1;0;0;1;FALSE;1;1;0;0;;; ;FALSE
ml3.8;Cloningertextquotesingles Psychobiological Model of Temperament and Character and the Five-Factor Model of Personality;F De Fruyt and L Van De Wiele and C Van Heeringen;2000;Personality and Individual Differences;29;3;Cognitive;12;145;46;2696058,679;128;correlation;2433485;7,94082E+13;118;118;9,99852E+14;5,77598E+14;9,99654E+14;Belgium;United States;Dutch;English;0;0;nothing;credit;anyone;students;;;;0;ml3;5,29018E+13;3;1;1,53467E+14;3351;1;Professor;801;801;1;Professor;FALSE;psuabington;2,54572E+13;0;0;1;0;0;1;FALSE;1;1;0;0;;; ;FALSE
ml3.8;Cloningertextquotesingles Psychobiological Model of Temperament and Character and the Five-Factor Model of Personality;F De Fruyt and L Van De Wiele and C Van Heeringen;2000;Personality and Individual Differences;29;3;Cognitive;12;145;46;2696058,679;128;correlation;4294308;9,60059E+14;139;139;9,99852E+14;5,01742E+14;9,99943E+14;Belgium;United States;Dutch;English;0;0;nothing;credit;anyone;students;;;;0;ml3;9,33545E+14;3;3;1,53467E+14;3351;1;Professor;3,76667E+14;867;3,33333E+14;Professor;FALSE;sandiegosu;2,34986E+14;0;0;1;0;0;1;FALSE;1;1;0;0;;; ;FALSE
ml3.8;Cloningertextquotesingles Psychobiological Model of Temperament and Character and the Five-Factor Model of Personality;F De Fruyt and L Van De Wiele and C Van Heeringen;2000;Personality and Individual Differences;29;3;Cognitive;12;145;46;2696058,679;128;correlation;1415478;5,8686E+13;179;179;9,99852E+14;4,74178E+14;9,99998E+14;Belgium;United States;Dutch;English;0;0;nothing;credit;anyone;students;;;;0;ml3;3,07713E+14;3;3;1,53467E+14;3351;1;Professor;815;1359;1;Professor;FALSE;tamu;2,0759E+14;0;0;1;0;0;1;FALSE;1;1;0;0;;; ;FALSE
ml3.8;Cloningertextquotesingles Psychobiological Model of Temperament and Character and the Five-Factor Model of Personality;F De Fruyt and L Van De Wiele and C Van Heeringen;2000;Personality and Individual Differences;29;3;Cognitive;12;145;46;2696058,679;128;correlation;-1726644;8,7956E+12;80;80;9,99852E+14;5,24629E+14;9,92404E+14;Belgium;Canada;Dutch;English;0;0;nothing;credit;anyone;students;;;;0;ml3;-3,75357E+14;3;4;1,53467E+14;3351;1;Professor;3205;1197;1;Professor;FALSE;toronto;3,07264E+14;0;0;1;0;0;0;FALSE;1;1;0;0;;; ;FALSE
ml3.8;Cloningertextquotesingles Psychobiological Model of Temperament and Character and the Five-Factor Model of Personality;F De Fruyt and L Van De Wiele and C Van Heeringen;2000;Personality and Individual Differences;29;3;Cognitive;12;145;46;2696058,679;128;correlation;6029606;5,19207E+14;117;117;9,99852E+14;9,90061E+14;9,99624E+14;Belgium;United States;Dutch;English;0;0;nothing;credit;anyone;students;;;;0;ml3;1,31078E+14;3;64;1,53467E+14;3351;1;Professor;43815625;9039;515625;Professor;FALSE;ucdavis;2,55575E+14;0;0;1;0;0;1;FALSE;1;1;0;0;;; ;FALSE
ml3.8;Cloningertextquotesingles Psychobiological Model of Temperament and Character and the Five-Factor Model of Personality;F De Fruyt and L Van De Wiele and C Van Heeringen;2000;Personality and Individual Differences;29;3;Cognitive;12;145;46;2696058,679;128;correlation;-2011479;7,56785E+14;240;240;9,99852E+14;6,10297E+14;1E+15;Belgium;United States;Dutch;English;0;0;nothing;credit;anyone;students;;;;0;ml3;-4,37278E+14;3;64;1,53467E+14;3351;1;Professor;43815625;9039;515625;Professor;FALSE;ucriverside;1,79685E+14;0;0;1;0;0;1;FALSE;1;1;0;0;;; ;FALSE
ml3.8;Cloningertextquotesingles Psychobiological Model of Temperament and Character and the Five-Factor Model of Personality;F De Fruyt and L Van De Wiele and C Van Heeringen;2000;Personality and Individual Differences;29;3;Cognitive;12;145;46;2696058,679;128;correlation;1644415;5,4733E+12;137;137;9,99852E+14;4,86898E+14;9,99932E+14;Belgium;United States;Dutch;English;0;0;nothing;nothing;anyone;students;;;;0;ml3;3,57482E+13;3;2;1,53467E+14;3351;1;Professor;26;52;1;Professor;FALSE;ufl;2,36662E+14;0;0;1;0;0;1;FALSE;1;1;0;0;;; ;FALSE
ml3.8;Cloningertextquotesingles Psychobiological Model of Temperament and Character and the Five-Factor Model of Personality;F De Fruyt and L Van De Wiele and C Van Heeringen;2000;Personality and Individual Differences;29;3;Cognitive;12;145;46;2696058,679;128;correlation;-5992367;5,77954E+14;89;89;9,99852E+14;8,63141E+14;9,96259E+14;Belgium;United States;Dutch;English;0;0;nothing;credit;anyone;students;;;;0;ml3;-1,30269E+14;3;3;1,53467E+14;3351;1;Professor;1,69667E+14;509;6,66667E+14;Professor;FALSE;usm;2,91873E+14;0;0;1;0;0;1;FALSE;1;1;0;0;;; ;FALSE
ml3.8;Cloningertextquotesingles Psychobiological Model of Temperament and Character and the Five-Factor Model of Personality;F De Fruyt and L Van De Wiele and C Van Heeringen;2000;Personality and Individual Differences;29;3;Cognitive;12;145;46;2696058,679;128;correlation;-519782;9,94529E+14;177;177;9,99852E+14;4,99151E+14;9,99998E+14;Belgium;United States;Dutch;English;0;0;nothing;credit;anyone;students;;;;0;ml3;-1,12996E+14;3;5;1,53467E+14;3351;1;Professor;1810;9039;8;Professor;FALSE;uva;2,08739E+14;0;0;1;0;0;1;FALSE;1;1;0;0;;; ;FALSE
ml3.8;Cloningertextquotesingles Psychobiological Model of Temperament and Character and the Five-Factor Model of Personality;F De Fruyt and L Van De Wiele and C Van Heeringen;2000;Personality and Individual Differences;29;3;Cognitive;12;145;46;2696058,679;128;correlation;264722;9,97974E+14;95;95;9,99852E+14;4,98333E+13;9,97688E+14;Belgium;United States;Dutch;English;0;0;nothing;credit;anyone;students;;;;0;ml3;5,75483E+14;3;4;1,53467E+14;3351;1;Professor;505;194;0;Professor;FALSE;vcu;2,82806E+14;0;0;1;0;0;1;FALSE;1;1;0;0;;; ;FALSE
ml3.9;Metaphoric structuring: understanding time through spatial metaphors;Lera Boroditsky;2000;Cognition;75;1;Cognitive;28;801;3,04725E+14;2,25869E+14;56;main effect;1,2808E+14;287233923,3;3433;1335;6,36459E+14;9,96947E+14;1;United States;United States;English;English;0;0;credit;credit;students;students;;;;1;ml3;4,20314E+14;1;64;2131;2131;0;Associate Professor;43815625;9039;515625;Professor;TRUE;;4,77922E+13;1;1;1;1;1;1;FALSE;1;1;1;0;0;1;1;FALSE
ml3.9;Metaphoric structuring: understanding time through spatial metaphors;Lera Boroditsky;2000;Cognition;75;1;Cognitive;28;801;3,04725E+14;2,25869E+14;56;main effect;359291738;1,60385E+14;44;44;6,36459E+14;6,81461E+14;5,29868E+14;United States;United States;English;English;0;0;credit;credit;students;students;;;;1;ml3;1,17907E+14;1;5;2131;2131;0;Associate Professor;366;113;4;Professor;FALSE;ashland;4,08041E+14;1;1;1;1;1;1;FALSE;1;1;1;0;0;1;1;FALSE
ml3.9;Metaphoric structuring: understanding time through spatial metaphors;Lera Boroditsky;2000;Cognition;75;1;Cognitive;28;801;3,04725E+14;2,25869E+14;56;main effect;34978582;7,95239E+14;58;58;6,36459E+14;5,75891E+14;6,52313E+14;United States;United States;English;English;0;0;credit;credit;students;students;;;;0;ml3;1,14787E+14;1;3;2131;2131;0;Associate Professor;5,63333E+14;169;3,33333E+14;Professor;FALSE;bradley;3,5833E+14;1;1;1;1;1;1;FALSE;1;1;1;0;0;1;1;FALSE
ml3.9;Metaphoric structuring: understanding time through spatial metaphors;Lera Boroditsky;2000;Cognition;75;1;Cognitive;28;801;3,04725E+14;2,25869E+14;56;main effect;44954507;8,40559E+14;23;23;6,36459E+14;5,41693E+14;2,99375E+14;United States;United States;English;English;0;0;credit;credit;students;students;;;;0;ml3;1,47525E+14;1;3;2131;2131;0;Associate Professor;1,66667E+14;5;6,66667E+14;Professor;FALSE;carleton;5,47819E+14;1;1;1;1;1;1;FALSE;1;1;1;0;0;1;1;FALSE
ml3.9;Metaphoric structuring: understanding time through spatial metaphors;Lera Boroditsky;2000;Cognition;75;1;Cognitive;28;801;3,04725E+14;2,25869E+14;56;main effect;27852445;8,60723E+13;39;39;6,36459E+14;4,11129E+14;4,79708E+14;United States;United States;English;English;0;0;credit;credit;students;students;;;;0;ml3;9,1402E+14;1;1;2131;2131;0;Associate Professor;300;300;0;Professor;FALSE;ithaca;4,31565E+14;1;1;1;1;1;1;FALSE;1;1;1;0;0;1;1;FALSE
ml3.9;Metaphoric structuring: understanding time through spatial metaphors;Lera Boroditsky;2000;Cognition;75;1;Cognitive;28;801;3,04725E+14;2,25869E+14;56;main effect;39968038;7,79535E+14;52;52;6,36459E+14;5,8866E+14;6,03119E+13;United States;United States;English;English;0;0;credit;credit;students;students;;;;0;ml3;1,31161E+14;1;5;2131;2131;0;Associate Professor;662;320;4;Professor;FALSE;miami;3,77299E+14;1;1;1;1;1;1;FALSE;1;1;1;0;0;1;1;FALSE
ml3.9;Metaphoric structuring: understanding time through spatial metaphors;Lera Boroditsky;2000;Cognition;75;1;Cognitive;28;801;3,04725E+14;2,25869E+14;56;main effect;44954507;5,74211E+12;159;159;6,36459E+14;8,69724E+14;9,76264E+14;United States;United States;English;English;0;0;credit;credit;students;students;;;;0;ml3;1,47525E+14;1;3;2131;2131;0;Associate Professor;3,04933E+14;9024;6,66667E+14;Professor;FALSE;michigansu;2,20017E+14;1;1;1;1;1;1;FALSE;1;1;1;0;0;1;1;FALSE
ml3.9;Metaphoric structuring: understanding time through spatial metaphors;Lera Boroditsky;2000;Cognition;75;1;Cognitive;28;801;3,04725E+14;2,25869E+14;56;main effect;309086072;1,25728E+14;64;64;6,36459E+14;7,09777E+13;6,96674E+14;United States;United States;English;English;0;0;credit;nothing;students;students;;;;1;ml3;1,01431E+14;1;2;2131;2131;0;Associate Professor;2835;418;0;Professor;FALSE;montanasu;3,41919E+14;1;1;1;1;1;1;FALSE;1;1;1;0;0;1;1;FALSE
ml3.9;Metaphoric structuring: understanding time through spatial metaphors;Lera Boroditsky;2000;Cognition;75;1;Cognitive;28;801;3,04725E+14;2,25869E+14;56;main effect;;;;;6,36459E+14;;;United States;United States;English;English;0;1;credit;cash;students;students;;;;;ml3;;1;64;2131;2131;0;Associate Professor;43815625;9039;515625;Professor;FALSE;mturk;;1;1;0;1;1;1;FALSE;1;1;1;0;0;1;1;FALSE
ml3.9;Metaphoric structuring: understanding time through spatial metaphors;Lera Boroditsky;2000;Cognition;75;1;Cognitive;28;801;3,04725E+14;2,25869E+14;56;main effect;321902733;7,12539E+13;68;68;6,36459E+14;7,72872E+14;7,23656E+14;United States;United States;English;English;0;0;credit;credit;students;students;;;;1;ml3;1,05637E+14;1;5;2131;2131;0;Associate Professor;185;634;4;Professor;FALSE;nova;3,32168E+14;1;1;1;1;1;1;FALSE;1;1;1;0;0;1;1;FALSE
ml3.9;Metaphoric structuring: understanding time through spatial metaphors;Lera Boroditsky;2000;Cognition;75;1;Cognitive;28;801;3,04725E+14;2,25869E+14;56;main effect;14998313;9,00132E+14;73;73;6,36459E+14;5,16092E+14;7,54595E+14;United States;United States;English;English;0;0;credit;credit;students;students;;;;0;ml3;4,92192E+14;1;64;2131;2131;0;Associate Professor;43815625;9039;515625;Professor;FALSE;osunewark;3,21077E+13;1;1;1;1;1;1;FALSE;1;1;1;0;0;1;1;FALSE
ml3.9;Metaphoric structuring: understanding time through spatial metaphors;Lera Boroditsky;2000;Cognition;75;1;Cognitive;28;801;3,04725E+14;2,25869E+14;56;main effect;304775727;2,75643E+14;52;52;6,36459E+14;6,03272E+14;6,03119E+13;United States;United States;English;English;0;0;credit;nothing;students;students;;;;1;ml3;1,00017E+14;1;3;2131;2131;0;Associate Professor;1,19667E+14;359;3,33333E+14;Professor;FALSE;plu;3,77299E+14;1;1;1;1;1;1;FALSE;1;1;1;0;0;1;1;FALSE
ml3.9;Metaphoric structuring: understanding time through spatial metaphors;Lera Boroditsky;2000;Cognition;75;1;Cognitive;28;801;3,04725E+14;2,25869E+14;56;main effect;205517234;1,40422E+14;53;53;6,36459E+14;3,17916E+14;6,11659E+14;United States;United States;English;English;0;0;credit;credit;students;students;;;;0;ml3;6,74436E+14;1;1;2131;2131;0;Associate Professor;801;801;1;Professor;FALSE;psuabington;3,73918E+14;1;1;1;1;1;1;FALSE;1;1;1;0;0;1;1;FALSE
ml3.9;Metaphoric structuring: understanding time through spatial metaphors;Lera Boroditsky;2000;Cognition;75;1;Cognitive;28;801;3,04725E+14;2,25869E+14;56;main effect;260665852;3,56441E+14;65;65;6,36459E+14;5,61592E+14;7,0361E+14;United States;United States;English;English;0;0;credit;credit;students;students;;;;1;ml3;8,55414E+14;1;3;2131;2131;0;Associate Professor;3,76667E+14;867;3,33333E+14;Professor;FALSE;sandiegosu;3,39402E+14;1;1;1;1;1;1;FALSE;1;1;1;0;0;1;1;FALSE
ml3.9;Metaphoric structuring: understanding time through spatial metaphors;Lera Boroditsky;2000;Cognition;75;1;Cognitive;28;801;3,04725E+14;2,25869E+14;56;main effect;79745222;4,10636E+14;109;109;6,36459E+14;1,30916E+14;9,02089E+14;United States;United States;English;English;0;0;credit;credit;students;students;;;;0;ml3;2,61696E+14;1;3;2131;2131;0;Associate Professor;815;1359;1;Professor;FALSE;tamu;2,64565E+14;1;1;1;1;1;1;FALSE;1;1;1;0;0;1;1;FALSE
ml3.9;Metaphoric structuring: understanding time through spatial metaphors;Lera Boroditsky;2000;Cognition;75;1;Cognitive;28;801;3,04725E+14;2,25869E+14;56;main effect;23796223;1,57167E+14;37;37;6,36459E+14;2,98522E+13;4,58738E+14;United States;Canada;English;English;0;0;credit;credit;students;students;;;;0;ml3;7,80909E+14;1;4;2131;2131;0;Associate Professor;3205;1197;1;Professor;FALSE;toronto;4,42173E+14;0;1;1;1;1;0;FALSE;1;1;1;0;0;1;1;FALSE
ml3.9;Metaphoric structuring: understanding time through spatial metaphors;Lera Boroditsky;2000;Cognition;75;1;Cognitive;28;801;3,04725E+14;2,25869E+14;56;main effect;205517234;1,06326E+14;63;63;6,36459E+14;3,69224E+14;6,89609E+14;United States;United States;English;English;0;0;credit;credit;students;students;;;;0;ml3;6,74436E+14;1;64;2131;2131;0;Associate Professor;43815625;9039;515625;Professor;FALSE;ucdavis;3,44494E+14;1;1;1;1;1;1;FALSE;1;1;1;0;0;1;1;FALSE
ml3.9;Metaphoric structuring: understanding time through spatial metaphors;Lera Boroditsky;2000;Cognition;75;1;Cognitive;28;801;3,04725E+14;2,25869E+14;56;main effect;54917001;5,69602E+14;110;110;6,36459E+14;8,79339E+14;9,04689E+14;United States;United States;English;English;0;0;credit;credit;students;students;;;;0;ml3;1,80218E+14;1;64;2131;2131;0;Associate Professor;43815625;9039;515625;Professor;FALSE;ucriverside;2,63393E+14;1;1;1;1;1;1;FALSE;1;1;1;0;0;1;1;FALSE
ml3.9;Metaphoric structuring: understanding time through spatial metaphors;Lera Boroditsky;2000;Cognition;75;1;Cognitive;28;801;3,04725E+14;2,25869E+14;56;main effect;109340479;3,61824E+14;72;72;6,36459E+14;1,50332E+14;7,48648E+14;United States;United States;English;English;0;0;credit;nothing;students;students;;;;0;ml3;3,58817E+14;1;2;2131;2131;0;Associate Professor;26;52;1;Professor;FALSE;ufl;3,23206E+14;1;1;1;1;1;1;FALSE;1;1;1;0;0;1;1;FALSE
ml3.9;Metaphoric structuring: understanding time through spatial metaphors;Lera Boroditsky;2000;Cognition;75;1;Cognitive;28;801;3,04725E+14;2,25869E+14;56;main effect;24992191;8,80777E+14;39;39;6,36459E+14;5,22365E+14;4,79708E+14;United States;United States;English;English;0;0;credit;credit;students;students;;;;0;ml3;8,20156E+14;1;3;2131;2131;0;Associate Professor;1,69667E+14;509;6,66667E+14;Professor;FALSE;usm;4,31565E+14;1;1;1;1;1;1;FALSE;1;1;1;0;0;1;1;FALSE
ml3.9;Metaphoric structuring: understanding time through spatial metaphors;Lera Boroditsky;2000;Cognition;75;1;Cognitive;28;801;3,04725E+14;2,25869E+14;56;main effect;19996001;8,40711E+14;104;104;6,36459E+14;5,45235E+13;8,881E+14;United States;United States;English;English;0;0;credit;credit;students;students;;;;0;ml3;6,56199E+14;1;5;2131;2131;0;Associate Professor;1810;9039;8;Professor;FALSE;uva;2,70668E+14;1;1;1;1;1;1;FALSE;1;1;1;0;0;1;1;FALSE
ml3.9;Metaphoric structuring: understanding time through spatial metaphors;Lera Boroditsky;2000;Cognition;75;1;Cognitive;28;801;3,04725E+14;2,25869E+14;56;main effect;-59892291;6,77817E+14;51;51;6,36459E+14;7,00181E+14;5,94441E+14;United States;United States;English;English;0;0;credit;credit;students;students;;;;0;ml3;-1,96546E+14;1;4;2131;2131;0;Associate Professor;505;194;0;Professor;FALSE;vcu;3,80738E+14;1;1;1;1;1;1;FALSE;1;1;1;0;0;1;1;FALSE
rpp.1;Tracing attention and the activation flow in spoken word planning using eye movements.;Ardi Roelofs;2008;JEPLMC;34;2;Cognitive;16;46;594605285;19394664;13;interaction;148340453;434030725;27;28;6,08309E+14;1,17559E+14;9,25886E+14;Netherlands;Netherlands;Dutch;Dutch;0;0;cash;credit;community;students;;;;0;rpp;2,49477E+14;1;2;5062;5062;1;Professor;5685;713;5;Associate Professor;;;5,10256E+14;1;1;1;0;0;0;FALSE;0;0;;0; ;  ; ;FALSE
rpp.10;Across-notation automatic numerical processing.;Dana Ganor-Stern and Joseph Tzelgov;2008;JEPLMC;34;2;Cognitive;8;51;698586719;0,00176;28;main effect;780725807;0,0000221;20;29;9,92297E+14;9,99716E+14;9,52937E+14;Israel;Israel;Arabic;Arabic;0;0;mixed;mixed;students;students;;;;1;rpp;1,11758E+14;2;1;1013;1826;5;Professor;599;599;1;Associate Professor;;;5,82148E+14;1;1;1;1;0;0;FALSE;0;0;;0; ;  ; ;FALSE
rpp.104;Effects of fluency on psychological distance and mental construal (or why New York is a large city, but New York is a civilized jungle).;Adam L. Alter and Daniel M. Oppenheimer;2008;PS;19;2;Social;7;109;127392361;50342933;236;main effect;18376516;533880559;465;1146;4,99556E+14;9,52883E+14;7,8694E+14;United States;United States;English;English;0;0;cash;credit;students;students;;93;1190717562;0;rpp;1,44251E+14;2;1;14015;1881;1;Professor;1254;1254;1;Assistant Professor;;;1,29455E+14;1;1;1;1;1;1;FALSE;1;1;0;1; ;  ; ;FALSE
rpp.106;More than meets the eye: the role of language in binding and maintaining feature conjunctions.;Banchiamlack Dessalegn and Barbara Landau;2008;PS;19;2;Cognitive;7;52;381744212;21595498;34;main effect;-222920955;132031044;45;45;6,20637E+14;3,16902E+13;7,48913E+14;United States;Canada;English;English;0;0;nothing;nothing;anyone;anyone;;;;0;rpp;-5,83954E+14;2;1;1530;2931;0;Professor;189;189;0;Associate Professor;;;4,03806E+14;0;1;1;1;1;0;FALSE;0;0;;0; ;  ; ;FALSE
rpp.107;Nonconscious goal pursuit in novel environments: The case of implicit learning.;Baruch Eitam and Ran R. Hassin and Yaacov Schul;2008;PS;19;3;Social;7;66;222330235;39641746;84;main effect;-104941786;189435742;158;156;5,34069E+14;2,57163E+14;8,05928E+14;Israel;United States;Hebrew;English;0;0;mixed;mixed;students;students;;;;0;rpp;-4,72009E+13;3;2;935;1356;1;Professor;171;240;1;Associate Professor;;;2,20699E+14;0;0;1;1;0;1;FALSE;1;0;;0; ;1;1;FALSE
rpp.11;Attractor dynamics and semantic neighborhood density: Processing is slowed by near neighbors and speeded by distant neighbors.;Daniel Mirman and James S. Magnuson;2008;JEPLMC;34;1;Cognitive;15;56;672084167;443918;21;main effect;466443576;8168915;30;29;9,40737E+13;7,43959E+14;9,90052E+13;United States;United States;English;English;0;0;credit;credit;students;students;839;59;6848234996;1;rpp;6,94026E+14;2;2;12945;1855;1;Professor;1355;233;1;Assistant Professor;;;4,86647E+14;1;1;1;1;1;1;FALSE;0;0;;0; ;  ; ;FALSE
rpp.110;Perceptual mechanisms that characterize gender differences in decoding women's sexual intent;Coreen Farris and Teresa A. Treat and Richard J. Viken and Richard M. McFall;2008;PS;19;4;Social;7;37;554427187;5,76E-22;278;interaction;91162691;277177119;144;142;1;1,90784E+14;1E+15;United States;United Kingdom;English;English;0;0;credit;cash;students;students;6825;58;6473161446;0;rpp;1,64427E+14;4;5;16005;3167;5;Professor;29782;9651;6;Professor;;;2,30945E+14;0;1;1;1;1;0;FALSE;;1;0;;;1;1;FALSE
rpp.111;Precision of the anchor influences the amount of adjustment.;Chris Janiszewski and Dan Uy;2008;PS;19;2;Cognitive;7;53;333441051;11256115;55;main effect;225764222;13965691;120;116;7,12228E+14;6,88387E+14;9,64395E+13;United States;United States;English;English;0;0;credit;cash;students;students;;;;1;rpp;6,77074E+13;2;1;12095;2382;1;Professor;1182;1182;1;Researcher;;;2,52485E+13;1;1;1;1;1;1;FALSE;1;1;0;0; ;  ; ;FALSE
rpp.112;Action dynamics reveal parallel competition in decision making;Chris McKinstry and Rick Dale and Michael J. Spivey;2008;PS;19;1;Cognitive;3;103;701088742;16232104;9;main effect;750404422;7800372;53;9;6,0532E+14;7,02117E+14;9,99988E+14;United States;United States;English;English;0;0;cash;cash;students;students;;;;1;rpp;1,07034E+13;3;3;1863;4176;1;Professor;2,07267E+14;6148;0;Associate Professor;;;3,73918E+14;1;1;1;1;1;1;FALSE;0;0;;0; ;  ; ;FALSE
rpp.113;Prescribed optimism: Is it right to be wrong about the future?;David A. Armor and Cade Massey and Aaron M. Sackett;2008;PS;19;4;Social;3;32;681152182;1,69E-16;124;main effect;763508789;4,59E-33;96;175;1E+15;1;1E+15;United States;Netherlands;English;Dutch;0;0;cash;mixed;students;students;;;;1;rpp;1,12091E+14;3;4;4,23667E+14;1054;1;Professor;324;740;5;Assistant Professor;;;2,81376E+14;0;0;1;1;1;0;FALSE;1;1;0;0; ;1;0;FALSE
rpp.114;Age-related changes in the episodic simulation of future events;Donna Rose Addis and Alana T. Wong and Daniel L. Schacter;2008;PS;19;1;Social;9;248;570693584;647885;30;main effect;652730428;0,00514;32;30;9,27404E+14;9,84116E+14;9,42719E+13;United States;Uruguay;English;Spanish;0;0;cash;cash;anyone;anyone;;;;1;rpp;1,14375E+14;3;1;1,44667E+14;37476;3,33333E+14;Professor;56;56;1;Associate Professor;;;4,72583E+14;0;0;1;1;1;0;FALSE;1;0;;0; ;1;1;FALSE
rpp.115;Preschoolers' perspective taking in word learning: do they blindly follow eye gaze?;Erika Nurmsoo and Paul Bloom;2008;PS;19;3;Cognitive;5;22;501799075;292708;31;main effect;-450187899;191700924;24;8;8,41196E+14;2,09027E+14;7,30015E+13;United States;United States;English;English;0;0;nothing;nothing;community;community;8069;41;6169839362;0;rpp;-8,97148E+14;2;10;26445;5139;5;Professor;316;36;3;Assistant Professor;;;5,37653E+14;1;1;1;1;1;1;FALSE;0;0;;0; ;  ; ;FALSE
rpp.116;Measuring the crowd within: Probabilistic representations within individuals.;Edward Vul and Harold Pashler;2008;PS;19;7;Cognitive;3;122;28771881;118;172;main effect;322727228;0,00095;48;139;9,7123E+14;9,74755E+13;5,17548E+14;United States;Netherlands;English;Dutch;0;1;cash;mixed;anyone;students;;;;1;rpp;1,12168E+14;2;4;52555;9150;1;Professor;47375;1519;5;Professor;;;3,91767E+14;0;0;0;0;1;0;FALSE;1;1;0;1;0;  ; ;FALSE
rpp.117;Temporal selection is suppressed, delayed, and diffused during the attentional blink.;Edward Vul and Mark Nieuwenstein and Nancy Kanwisher;2008;PS;19;1;Cognitive;7;53;130782132;6,06E-40;660;interaction;120519146;3,35E-31;12;660;9,21303E+14;8,74187E+14;6,83687E+14;United States;United States;English;English;0;0;cash;cash;students;students;7635;58;7973071444;1;rpp;9,21526E+14;3;1;8,62467E+14;23648;6,66667E+14;Professor;248;248;1;Assistant Professor;;;7,18396E+14;1;1;1;1;1;1;FALSE;0;0;;0; ;  ; ;FALSE
rpp.118;Toward a physiology of dual-process reasoning and judgment: lemonade, willpower, and expensive rule-based analysis.;E.J. Masicampo and Roy F. Baumeister;2008;PS;19;3;Social;6;202;21368683;23051359;111;interaction;-48918238;539024693;225;158;6,19584E+14;9,36596E+14;8,99768E+13;United States;United States;English;English;0;0;credit;cash;students;students;1322;100;1464378793;0;rpp;-2,28925E+14;2;3;171035;33557;1;Professor;35;35;3,33333E+14;Researcher;;;1,85486E+14;1;1;1;1;1;1;FALSE;1;1;0;0; ;0; ;FALSE
rpp.12;When does between-sequence phonological similarity promote irrelevant sound disruption?;John E. Marsh and François Vachon and Dylan M. Jones;2008;JEPLMC;34;1;Cognitive;6;12;178477629;48407105;92;interaction;8323764;198165248;80;232;4,01332E+14;2,44064E+14;3,56379E+14;United Kingdom;Germany;English;German;0;0;cash;credit;students;students;;;;0;rpp;4,66376E+12;3;1;1,73367E+14;4475;1;Professor;350;350;1;Researcher;;;3,07264E+14;0;0;1;1;0;0;FALSE;0;0;;0; ;  ; ;FALSE
rpp.120;Errors Are Aversive: Defensive Motivation and the Error-Related Negativity;Greg Hajcak and Dan Foti;2008;PS;19;2;Social;6;172;38;1713346;28;correlation;25;53115031;42;40;5,28261E+14;3,48397E+14;7,13679E+14;United States;United States;English;English;0;0;credit;credit;students;students;;;;0;rpp;6,57895E+14;2;2;43435;7484;1;Associate Professor;1355;236;5;Professor;;;4,16986E+14;1;1;1;1;1;1;FALSE;0;0;;0; ;  ; ;FALSE
rpp.121;The sunny side of fairness: Preference for fairness activates reward circuitry (and disregarding unfairness activates self-control circuitry);Golnaz Tabibnia and Ajay B. Satpute and Matthew D. Lieberman;2008;PS;19;4;Social;9;274;851679354;21998;11;main effect;828997685;0,00000282;25;24;9,57367E+14;9,99805E+14;9,99973E+14;United States;United States;English;English;0;0;cash;cash;students;anyone;;;;1;rpp;9,73368E+14;3;3;3,75733E+14;9249;6,66667E+14;Professor;9,22333E+14;2410;0;Associate Professor;;;5,28031E+14;1;1;1;0;1;1;FALSE;0;0;;0; ;  ; ;FALSE
rpp.122;The representation of simple ensemble visual features outside the focus of attention;George A. Alvarez and Aude Oliva;2008;PS;19;4;Cognitive;7;134;721890032;2809598;7;main effect;922934494;0,00000049;16;16;4,90819E+14;9,9996E+14;9,20119E+14;United States;Germany;English;German;0;0;cash;cash;anyone;students;;;;1;rpp;1,2785E+14;2;2;5104;7443;5;Professor;185;37;5;Assistant;;;6,39793E+14;0;0;1;0;1;0;FALSE;0;0;;0; ;  ; ;FALSE
rpp.124;Loving those who justify inequality: the effects of system threat on attraction to women who embody benevolent sexist ideals.;Grace P. Lau and Aaron C. Kay and Steven J. Spencer;2008;PS;19;1;Social;2;54;384260399;2067727;34;interaction;-34279559;778156632;50;68;6,26948E+14;5,86763E+14;7,99853E+14;Canada;Germany;English;German;0;0;credit;cash;students;students;411;47;6024906923;0;rpp;-8,92092E+14;3;2;2,83467E+14;6080;6,66667E+14;Professor;355;673;1;Researcher;;;3,84319E+14;0;0;1;1;0;0;FALSE;1;1;0;0; ;  ; ;FALSE
rpp.127;A motion aftereffect from still photographs depicting motion;Jonathan Winawer and Alexander C. Huk and Lera Boroditsky;2008;PS;19;3;Cognitive;8;47;685347348;0,00293;28;main effect;527307869;4708112;32;25;9,89117E+14;7,98661E+14;9,95529E+14;United States;United States;English;English;0;0;cash;cash;anyone;anyone;;;;1;rpp;7,69402E+14;3;3;1,83233E+14;2131;6,66667E+14;Associate Professor;157;401;6,66667E+14;Associate Professor;;;4,72583E+14;1;1;1;1;1;1;FALSE;0;0;;0; ;  ; ;FALSE
rpp.129;The threat of appearing prejudiced and race-based attentional biases.;Jennifer A. Richeson and Sophie Trawalter;2008;PS;19;2;Social;5;75;371775163;51411614;26;interaction;17674908;887981301;78;64;4,77463E+14;5,19673E+14;9,25189E+13;United States;United States;English;English;0;0;credit;credit;students;students;;;;0;rpp;4,75419E+14;2;1;21825;3175;0;Professor;35;35;1;Researcher;;;3,11028E+14;1;1;1;1;1;1;FALSE;;;;;;;;FALSE
rpp.13;Bidirectional associations in multiplication memory: Conditions of negative and positive transfer.;Jamie I. D. Campbell and Nicole D. Robert;2008;JEPLMC;34;3;Cognitive;10;11;52450217;1,59E-10;68;interaction;524539034;1,58E-10;36;68;9,97164E+13;9,97167E+14;9,23031E+14;United States;United States;English;English;0;0;credit;credit;students;students;;;;1;rpp;1,00007E+14;2;2;989;1957;5;Professor;435;52;0;Assistant;;;4,47777E+14;1;1;1;1;1;1;FALSE;0;0;;0; ;  ; ;FALSE
rpp.132;Where do we look during potentially offensive behavior?;Jennifer Randall Crosby and Benoît Monin and Daniel Richardson;2008;PS;19;3;Social;3;36;246947019;2850691;69;interaction;179397898;254170145;32;41458;5,404E+14;2,05719E+14;2,79774E+14;United States;United States;English;English;0;0;mixed;mixed;students;students;;;;0;rpp;7,26463E+14;3;2;9,60333E+14;1345;6,66667E+14;Professor;2645;270;5;Associate Professor;;;4,72583E+14;1;1;1;1;1;1;FALSE;0;0;;0; ;  ; ;FALSE
rpp.133;Adaptive memory: The comparative value of survival processing.;James S. Nairne and Josefa N.S. Pandeirada and Sarah R. Thompson;2008;PS;19;2;Cognitive;5;191;445652636;25570456;23;main effect;423363806;7242548;24;37;5,88259E+14;7,59609E+14;6,08458E+14;United States;Germany;English;German;0;0;credit;mixed;students;students;646;68;7791670431;1;rpp;9,49986E+14;3;2;1,23667E+14;2600;3,33333E+14;Professor;153;271;5;Assistant Professor;;;5,37653E+14;0;0;1;1;1;0;FALSE;0;0;;0; ;  ; ;FALSE
rpp.134;Is happiness having what you want, wanting what you have, or both?;Jeff T. Larsen and Amie R. McKibban;2008;PS;19;4;Social;7;22;20996855;23;115;correlation;500179963;2,41E-14;175;234;6,1954E+14;1E+15;8,00233E+14;United States;Netherlands;English;Dutch;0;1;credit;credit;students;students;;;;1;rpp;2,38217E+14;2;6;1236;2468;5;Associate Professor;35;35;3,33333E+14;Assistant;;;2,09908E+14;0;0;0;1;1;0;FALSE;1;1;0;1;0;  ; ;FALSE
rpp.136;The value of believing in free will: Encouraging a belief in determinism increases cheating.;Kathleen D. Vohs and Jonathan W. Schooler;2008;PS;19;1;Social;6;341;498149178;5086904;28;main effect;102355162;444536036;58;56;7,92656E+14;1,16851E+14;9,83231E+13;United States;United Kingdom;English;English;0;0;credit;credit;students;students;3954;108;25637719;0;rpp;2,05471E+14;2;3;7347;9318;5;Professor;3,80667E+14;1072;3,33333E+14;Professor;;;3,5833E+14;0;1;1;1;1;0;FALSE;0;0;;0; ;  ; ;FALSE
rpp.139;Auditory change detection: simple sounds are not memorized better than complex sounds;Laurent Demany and Wiebke Trost and Maja Serman and Catherine Semal;2008;PS;19;1;Cognitive;7;27;496363588;2712614;9;main effect;505151268;217732;5;12;2,8802E+14;4,08447E+14;1,43229E+14;France;United States;France;English;0;0;nothing;nothing;community;community;;;;1;rpp;1,0177E+14;4;2;49875;1139;5;Professor;365;38;5;Associate Professor;;;9,5122E+14;0;0;1;1;0;1;FALSE;0;0;;0; ;  ; ;FALSE
rpp.140;Keeping one's distance: The influence of spatial distance cues on affect and evaluation.;Lawrence E. Williams and John A. Bargh;2008;PS;19;3;Social;7;219;233776428;9205933;81;main effect;44266281;786998369;129;122;5,61539E+14;7,72044E+14;7,65099E+14;United States;United States;English;English;0;0;credit;credit;students;students;;;;0;rpp;1,89353E+14;2;3;97325;18755;1;Professor;94;194;3,33333E+14;Assistant Professor;;;2,43722E+14;1;1;1;1;1;1;FALSE;1;1;0;0; ;  ; ;FALSE
rpp.142;Hedonic and instrumental motives in anger regulation.;Maya Tamir and Christopher Mitchell and James J. Gross;2008;PS;19;4;Social;5;138;593405778;1,39E-41;162;interaction;609913782;3,3E-51;82;174;1E+15;1E+15;9,99983E+14;United States;United States;English;English;0;0;credit;credit;students;students;4265;49;5057885929;1;rpp;1,02782E+14;3;1;9,27433E+14;25363;6,66667E+14;Professor;650;650;1;Assistant Professor;;;3,03634E+13;1;1;1;1;1;1;FALSE;1;1;1;0; ;  ; ;FALSE
rpp.143;Creating social connection through inferential reproduction: Loneliness and perceived agency in gadgets, gods, and greyhounds.;Nicholas Epley and Scott Akalis and Adam Waytz and John T. Cacioppo;2008;PS;19;2;Social;7;185;172960188;7654847;108;interaction;61707156;677581223;81;150;4,35488E+14;1,16622E+14;3,41475E+14;United States;Canada;English;English;0;0;credit;credit;students;students;;;;0;rpp;3,56771E+14;4;2;88815;30729;1;Professor;7615;1439;0;Professor;;;3,05433E+14;0;1;1;1;1;0;FALSE;1;1;0;0; ;  ; ;FALSE
rpp.145;_In_Group LoveÓ and _Out_Group HateÓ as Motives for Individual Participation in Intergroup Conflict: A New Game Paradigm;Nir Halevy and Gary Bornstein and Lilach Sagiv;2008;PS;19;4;Social;7;126;768651993;2,1E-15;76;main effect;652982567;0,000885;44;36;1E+15;9,94965E+14;9,99998E+14;Israel;United Kingdom;Hebrew;English;0;0;cash;cash;students;students;7655;47;6457433215;1;rpp;8,49517E+14;3;3;1054;1445;6,66667E+14;Professor;57;80;3,33333E+14;Researcher;;;4,08041E+14;0;0;1;1;0;0;FALSE;0;0;;0; ;  ; ;FALSE
rpp.146;A word-order constraint on phonological activation;Niels Janssen and F.-Xavier Alario and Alfonso Caramazza;2008;PS;19;3;Cognitive;5;15;649955571;6420541;14;main effect;497082522;83950437;21;11;7,53517E+14;3,60833E+13;9,18017E+14;United States;United Kingdom;English;English;0;0;credit;credit;students;students;;;;0;rpp;7,64795E+14;3;1;6,63533E+14;18006;1;Professor;360;360;0;Researcher;;;5,70002E+14;0;1;1;1;1;0;FALSE;0;0;;0; ;  ; ;FALSE
rpp.148;The Best Men Are (Not Always) Already Taken: Female Preference for Single Versus Attached Males Depends on Conception Risk;Paola Bressan and Debora Stranieri;2008;PS;19;2;Social;7;20;188662549;8092031;194;interaction;-30172295;627520896;132;259;7,53351E+14;7,71402E+14;5,85506E+14;Italy;United States;Italian;English;0;0;cash;cash;students;students;144;100;1730511053;0;rpp;-1,59927E+14;2;2;4335;851;0;Researcher;242;334;5;Researcher;;;2,41002E+14;0;0;1;1;0;1;FALSE;0;;;;;;;FALSE
rpp.149;The Best Men Are (Not Always) Already Taken: Female Preference for Single Versus Attached Males Depends on Conception Risk;Paola Bressan and Debora Stranieri;2008;PS;19;2;Social;7;20;188662549;8092031;194;interaction;18283411;74612573;132;314;7,53351E+14;6,19755E+14;5,85506E+14;Italy;United States;Italian;English;0;1;cash;cash;students;students;;;;0;rpp;9,69107E+14;2;2;4335;851;0;Researcher;242;334;5;Researcher;;;2,41002E+14;0;0;0;1;0;1;FALSE;1;1;1;0; ;1;1;FALSE
rpp.15;The Stroop effect: Why proportion congruent has nothing to do with congruency and everything to do with contingency.;James R. Schmidt and Derek Besner;2008;JEPLMC;34;3;Cognitive;10;92;195136354;28373705;94;main effect;24687812;0,00505;300;241;4,73849E+14;9,7359E+14;9,26723E+14;Canada;United States;English;English;0;0;credit;mixed;students;students;8159;52;4874677456;1;rpp;1,26516E+14;2;2;20795;3781;1;Professor;35;35;5;Professor;;;1,60912E+14;0;1;1;1;0;1;FALSE;0;0;;0; ;  ; ;FALSE
rpp.150;Sensitivity to object viewpoint and action instructions during search for targets in the lower visual field;Sara Forti and Glyn W. Humphreys;2008;PS;19;1;Cognitive;7;7;722536382;2344469;13;interaction;207514339;380003702;15;18;8,44537E+14;1,32218E+14;9,00403E+14;United Kingdom;Germany;English;German;0;0;cash;cash;students;students;;;;0;rpp;2,87203E+14;2;2;23745;4654;5;Professor;1415;248;0;Researcher;;;6,57059E+14;0;0;1;1;0;0;FALSE;0;0;;0; ;  ; ;FALSE
rpp.151;With a clean conscience: Cleanliness reduces the severity of moral judgments.;Simone Schnall and Jennifer Benton and Sophie Harvey;2008;PS;19;12;Social;4;246;400010244;7866967;41;main effect;2839798;974823723;100;124;7,515E+14;4,99839E+14;9,87164E+13;United Kingdom;United States;English;English;0;0;credit;credit;students;students;;;;0;rpp;7,09931E+14;3;3;410;943;0;Researcher;1390;4049;1;Professor;;;2,75866E+14;0;1;1;1;0;1;FALSE;1;1;0;0; ;  ; ;FALSE
rpp.153;Extremal edge: a powerful cue to depth perception and figure-ground organization;Stephen E. Palmer and Tandra Ghose;2008;PS;19;1;Cognitive;8;38;859552403;2971641;7;main effect;120073568;758308044;9;7;7,76347E+14;5,70135E+14;9,075E+14;United States;United States;English;English;0;0;credit;cash;students;community;;;;0;rpp;1,39693E+14;2;3;15025;2940;5;Professor;2,07267E+14;6148;3,33333E+14;Associate Professor;;;7,99713E+14;1;1;1;0;1;1;FALSE;0;0;;0; ;  ; ;FALSE
rpp.154;What Do Cross_National Comparisons of Personality Traits Tell Us? The Case of Conscientiousness;Steven J. Heine and Emma E. Buchtel and Ara Norenzayan;2008;PS;19;4;Social;5;105;43;166938;67;correlation;11;690466537;10;13;9,59355E+14;6,4069E+14;2,45685E+13;;;;;;;;;;;;;;0;rpp;2,55814E+14;3;2;4,19433E+14;6761;6,66667E+14;Professor;3295;620;5;Professor;;;7,69824E+14;1;1;;1;0;0;TRUE;1;0;;1;0;  ; ;TRUE
rpp.155;Personality dominance and preferential use of the vertical dimension of space;Sara K. Moeller and Michael D. Robinson and Darya L. Zabelina;2008;PS;19;4;Social;7;33;31;23414774;50;correlation;-34;777533992;72;69;6,01261E+13;5,8668E+14;7,63911E+14;United States;United States;English;English;0;0;credit;mixed;students;students;;;;0;rpp;-1,09677E+14;3;2;1484;4121;3,33333E+14;Professor;218;401;0;Associate Professor;;;3,23206E+14;1;1;1;1;1;1;FALSE;1;0;;1;0;  ; ;FALSE
rpp.158;Conflict-triggered goal shielding: Response conflicts attenuate background monitoring for prospective memory cues.;Thomas Goschke and Gesine Dreisbach;2008;PS;19;1;Social;8;45;374787884;17182464;38;interaction;411336583;0,00346;90;93;6,54438E+14;9,86364E+14;9,5845E+11;Germany;Italy;German;Italian;0;0;mixed;credit;students;students;;;;1;rpp;1,09752E+14;2;2;1536;2032;5;Professor;1526;2989;1;Professor;;;2,90297E+14;0;0;1;1;0;0;FALSE;0;0;;0; ;  ; ;FALSE
rpp.161;Detecting the snake in the grass: attention to fear-relevant stimuli by adults and young children.;Vanessa LoBue and Judy S. DeLoache;2008;PS;19;3;Cognitive;6;143;483442318;665379;44;main effect;177837588;237041962;35;44;9,26528E+14;2,13079E+14;8,55485E+14;United States;United States;English;English;0;0;nothing;nothing;anyone;anyone;8309;69;1155332901;0;rpp;3,67857E+14;2;5;18605;3266;0;Professor;442;116;2;Professor;;;4,53597E+14;1;1;1;1;1;1;FALSE;0;0;;0; ;  ; ;FALSE
rpp.165;The value heuristic in judgments of relative frequency.;Xianchi Dai and Klaus Wertenbroch and C. Miguel Brendl;2008;PS;19;1;Social;2;28;28378815;33697241;56;main effect;-175454592;210207014;64;51;5,71726E+14;2,35778E+13;6,31016E+14;France;Germany;French;German;0;0;cash;cash;students;students;;;;0;rpp;-6,18259E+14;3;3;881;1637;1;Professor;38;44;3,33333E+14;Assistant;;;3,41919E+14;0;0;1;1;0;0;FALSE;1;1;;0; ;  ; ;FALSE
rpp.167;Head up, foot down: Object words orient attention to the objects' typical location.;Zachary Estes and Michelle Verges and Lawrence W. Barsalou;2008;PS;19;2;Cognitive;5;91;595271914;7169828;17;main effect;25414164;241925362;20;21;7,48039E+14;2,02355E+14;8,22737E+14;United Kingdom;Germany;English;German;0;0;credit;credit;students;students;4209;75;8771563848;0;rpp;4,26934E+14;3;2;3,84533E+14;10614;6,66667E+14;Professor;153;271;5;Assistant Professor;;;5,82148E+14;0;0;1;1;0;0;FALSE;0;0;;0; ;  ; ;FALSE
rpp.17;The ultimate sampling dilemma in experience-based decision making.;Klaus Fiedler;2008;JEPLMC;34;1;Cognitive;18;28;304772411;405826;76;interaction;434510306;0,000137;45;724;7,71873E+14;9,73869E+14;5,39638E+14;Germany;Germany;German;German;0;0;mixed;mixed;students;students;626;44;5305432136;1;rpp;1,42569E+14;1;2;2855;2855;1;Professor;6075;1167;1;Professor;;;4,03806E+14;1;1;1;1;0;0;FALSE;1;1;;0; ;  ; ;FALSE
rpp.19;How to say no: Single-and dual-process theories of short-term recognition tested on negative probes.;Klaus Oberauer;2008;JEPLMC;34;3;Cognitive;21;11;560499145;692486;31;main effect;401939168;70889711;30;19;9,24738E+13;4,13766E+14;9,15886E+14;Germany;Netherlands;German;German;0;0;cash;credit;students;students;;;;0;rpp;7,17109E+13;1;7;4368;4368;1;Professor;38;56;2,85714E+14;Assistant;;;4,86647E+14;0;1;1;1;0;0;FALSE;0;0;;0; ;  ; ;FALSE
rpp.2;Now you see it, now you don't: repetition blindness for nonwords;Alison L. Morris and Mary L. Still;2008;JEPLMC;34;1;Cognitive;21;6;611120054;1173471;23;main effect;229604631;269558068;24;23;8,98827E+14;1,86118E+14;9,11871E+14;United States;Australia;English;English;0;0;credit;cash;students;students;7995;51;421532308;0;rpp;3,75711E+14;2;1;184;331;0;Associate Professor;96;96;1;Researcher;;;5,37653E+14;0;1;1;1;1;0;FALSE;0;0;;0; ;  ; ;FALSE
rpp.20;"Intentional forgetting is easier after two ""shots"" than one.";Lili Sahakyan and Peter F. Delaney and Emily R. Waldum;2008;JEPLMC;34;2;Cognitive;7;21;224092029;28172412;94;interaction;19422053;841863775;102;106;5,88904E+14;5,43479E+14;6,24736E+14;United States;Germany;English;German;0;0;credit;cash;students;students;5582;64;9815794743;0;rpp;8,667E+14;3;2;393;641;3,33333E+14;Associate Professor;1415;248;5;Assistant Professor;;;2,7323E+14;0;0;1;1;1;0;FALSE;0;0;;0; ;  ; ;FALSE
rpp.22;How does bilingualism improve executive control? A comparison of active and reactive inhibition mechanisms.;Lorenza S. Colzato and Maria Teresa Bajo and Wery van den Wildenberg and Daniela Paolieri and Sander Nieuwenhuis and Wido La Heij and Bernhard Hommel;2008;JEPLMC;34;2;Cognitive;11;176;219359299;2218001;93;interaction;64661345;716617946;38;90;5,65661E+14;9,29503E+14;2,65891E+14;Spain;United Kingdom;Spanish;English;0;0;mixed;cash;students;community;;;;0;rpp;2,94774E+14;7;1;3,70157E+14;10552;5,71429E+14;Professor;169;169;0;Assistant Professor;;;4,36773E+14;0;0;1;0;0;0;FALSE;0;0;;0; ;  ; ;FALSE
rpp.24;Priming addition facts with semantic relations.;Miriam Bassok and Samuel F. Pedigo and An T. Oskarsson;2008;JEPLMC;34;2;Cognitive;10;50;363732358;0,000354;152;interaction;284274426;45417099;86;48;9,96603E+13;5,0742E+14;9,37074E+14;United States;Hong Kong;English;English;0;0;credit;cash;students;students;4289;48;5270967429;1;rpp;7,81548E+13;3;3;6,46667E+14;1835;3,33333E+14;Associate Professor;2,33333E+14;35;3,33333E+14;Assistant;;;2,96744E+13;0;1;1;1;1;0;FALSE;0;0;;0; ;  ; ;FALSE
rpp.25;Learning correct responses and errors in the Hebb repetition effect: two faces of the same coin.;Mathieu Couture and Daniel Lafond and Sébastien Tremblay;2008;JEPLMC;34;3;Cognitive;9;15;348120689;0,00683;48;main effect;2733272;1737041;48;63;6,91181E+13;5,89946E+14;6,91181E+13;France;United States;French;English;0;0;cash;credit;students;students;;;;1;rpp;7,85151E+14;3;2;8,53667E+14;2436;1;Professor;275;35;1;Assistant;;;3,91767E+14;0;0;1;1;0;1;FALSE;0;0;;0; ;  ; ;FALSE
rpp.27;On the additive effects of stimulus quality and word frequency in lexical decision: Evidence for opposing interactive influences revealed by RT distributional analyses.;Melvin J. Yap and David A. Balota and Chi-Shing Tse and Derek Besner;2008;JEPLMC;34;3;Cognitive;19;50;378068955;30057008;31;interaction;379573968;1007522;68;70;5,69123E+14;9,08433E+13;8,976E+14;United States;United States;English;English;0;0;mixed;credit;students;students;8032;50;4916204493;1;rpp;1,00398E+14;4;2;41035;10101;1;Professor;485;62;5;Assistant Professor;;;3,32168E+14;1;1;1;1;1;1;FALSE;0;0;;0; ;  ; ;FALSE
rpp.28;Semantic interference in a delayed naming task: Evidence for the response exclusion hypothesis.;Niels Janssen and Walter Schirm and Bradford Z. Mahon and Alfonso Caramazza;2008;JEPLMC;34;1;Cognitive;8;72;341773488;51569634;31;main effect;103261105;327320513;100;90;4,80196E+14;1,62894E+14;9,40955E+14;United States;United States;English;English;0;0;cash;cash;students;students;7566;51;8209410736;0;rpp;3,02133E+14;4;1;517575;18006;1;Professor;265;265;1;Associate Professor;;;2,75866E+14;1;1;1;1;1;1;FALSE;0;0;;0; ;  ; ;FALSE
rpp.29;Multidimensional visual statistical learning.;Nicholas B. Turk-Browne and Phillip J. Isola and Brian J. Scholl and Teresa A. Treat;2008;JEPLMC;34;2;Cognitive;9;61;73782079;23249789;7;main effect;703904904;2339966;15;14;5,19066E+14;8,4694E+14;9,19121E+14;United States;Germany;English;German;0;0;mixed;mixed;students;students;7535;40;2970801541;1;rpp;9,54032E+14;4;2;172275;4044;75;Professor;182;328;1;Professor;;;6,57059E+14;0;0;1;1;1;0;FALSE;0;0;;0; ;  ; ;FALSE
rpp.3;Working memory costs of task switching.;Baptist Liefooghe and Pierre Barrouillet and André Vandierendonck and Valérie Camos;2008;JEPLMC;34;3;Cognitive;17;55;424979665;30449585;24;main effect;-215243835;228988827;32;31;5,62129E+14;2,16135E+14;6,97196E+14;Netherlands;Germany;Dutch;German;0;0;credit;mixed;students;students;7968;35;388617158;0;rpp;-5,0648E+14;4;3;171175;2395;75;Professor;7,62667E+14;1939;6,66667E+14;Professor;;;4,72583E+14;0;0;1;1;0;0;FALSE;0;0;;0; ;  ; ;FALSE
rpp.32;Accounting for occurrences: A new view of the use of contingency information in causal judgment.;Peter A. White;2008;JEPLMC;34;1;Cognitive;15;11;623367433;0,00291;36;main effect;480717115;1950822;37;37;9,8881E+14;8,70823E+14;9,90522E+13;United Kingdom;Germany;English;German;0;0;credit;mixed;students;students;6737;28;168955465;1;rpp;7,71162E+14;1;2;891;891;1;Professor;153;271;5;Assistant Professor;;;4,42173E+14;0;0;1;1;0;0;FALSE;1;1;1;0; ;  ; ;FALSE
rpp.33;Multiple roles for time in short-term memory: Evidence from serial recall of order and timing.;Simon Farrell;2008;JEPLMC;34;1;Cognitive;18;27;516812354;541079;39;main effect;315999964;4414462;40;39;9,34388E+14;5,09905E+14;9,40171E+14;United Kingdom;United States;English;English;0;0;credit;cash;students;community;;;;1;rpp;6,1144E+13;1;2;1496;1496;1;Researcher;30915;6148;0;Associate Professor;;;4,26538E+14;0;1;1;0;0;1;FALSE;0;0;;0; ;  ; ;FALSE
rpp.36;An attention-based associative account of adjacent and nonadjacent dependency learning.;Sébastien Pacton and Amélie Sobaco and Pierre Perruchet;2015;JEPLMC;34;1;Cognitive;5;72;713921386;190422;20;main effect;681560537;47793;24;20;9,64217E+14;9,37991E+14;9,8637E+14;France;Germany;French;German;0;0;credit;credit;students;students;6749;33;3433752978;1;rpp;9,54672E+14;3;1;1123;2731;6,66667E+14;Professor;229;229;1;Assistant Professor;;;5,37653E+14;0;0;1;1;0;0;FALSE;0;0;;0; ;  ; ;FALSE
rpp.37;Orienting attention in visual working memory reduces interference from memory probes.;Tal Makovski and Rachel Sussman and Yuhong V. Jiang;2008;JEPLMC;34;2;Cognitive;12;116;551178255;5088911;11;interaction;349791589;142093022;18;17;4,45232E+14;2,88144E+14;6,90543E+14;United States;United States;English;English;0;0;mixed;cash;community;community;;;;0;rpp;6,34625E+14;3;1;1598;4084;3,33333E+14;Professor;858;858;0;Assistant Professor;;;6,08957E+14;1;1;1;1;1;1;FALSE;0;0;;0; ;  ; ;FALSE
rpp.39;Decision making and learning while taking sequential risks.;Timothy J. Pleskac;2008;JEPLMC;34;1;Cognitive;19;40;366615713;1935206;68;main effect;101709161;211299547;72;153;8,76996E+14;2,4051E+14;8,94999E+14;United States;Sweden;English;English;0;0;cash;cash;community;students;391;34;2784025315;0;rpp;2,77427E+14;1;4;560;560;1;Researcher;27185;9699;5;Professor;;;3,23206E+14;0;1;1;0;1;0;FALSE;1;1;0;0; ;  ; ;FALSE
rpp.4;Accelerated relearning after retrieval-induced forgetting: The benefit of being forgotten.;Benjamin C. Storm and Elizabeth Ligon Bjork and Robert A. Bjork;2008;JEPLMC;34;1;Cognitive;7;39;228739615;141669;190;interaction;-6108358;920419089;196;268;8,91005E+14;5,10771E+14;9,00161E+14;United States;United States;English;English;0;0;credit;credit;students;students;;;;0;rpp;-2,67044E+14;3;1;2,55733E+14;5282;6,66667E+14;Professor;50;50;0;Assistant;;;1,98555E+14;1;1;1;1;1;1;FALSE;0;0;;0; ;  ; ;FALSE
rpp.43;The rejection of moral rebels: Resenting those who do the right thing.;Benoît Monin and Pamela J. Sawyer and Matthew J. Marquez;2008;JPSP;95;1;Social;18;88;347251138;146111;64;main effect;161063754;146902278;54;72;8,13056E+14;2,73776E+13;7,4163E+13;United States;United States;English;English;0;1;cash;cash;students;online;;;;0;rpp;4,63825E+14;3;2;513;1345;6,66667E+14;Professor;5245;1014;1;Associate Professor;;;3,70633E+14;1;1;0;0;1;1;FALSE;1;1;0;1;0;0; ;FALSE
rpp.44;Why do implicit and explicit attitude tests diverge? The role of structural fit.;B. Keith Payne and Melissa A. Burkley and Mark B. Stokes;2008;JPSP;94;1;Social;16;165;352175067;3000884;67;correlation;150236955;45320778;134;176;8,4201E+14;5,14411E+14;9,88252E+14;United States;Italy;English;Italian;0;0;credit;credit;students;students;;;;1;rpp;4,26597E+14;3;1;7,47667E+14;1944;6,66667E+14;Professor;409;409;1;Professor;;;2,39238E+13;0;0;1;1;1;0;FALSE;1;1;1;0; ;0; ;FALSE
rpp.46;The developmental psychometrics of big five self-reports: Acquiescence, factor structure, coherence, and differentiation from ages 10 to 20.;Christopher J. Soto and Oliver P. John and Samuel D. Gosling and Jeff Potter;2008;JPSP;94;4;Social;20;132;22542373;0;230025;main effect;23841537;0;571143;455304;1;1;1;United States;United States;English;English;1;1;nothing;nothing;anyone;anyone;;;;1;rpp;1,05763E+14;4;1;6298;13633;1;Professor;66;66;0;Researcher;;;3,68971E+13;1;1;1;1;1;1;TRUE;1;1;0;0; ;  ; ;TRUE
rpp.48;Terror management and adults' attachment to their parents: The safe haven remains.;Cathy R. Cox and Jamie Arndt and Tom Pyszczynski and Jeff Greenberg and Abdolhossein Abdollahi and Sheldon Solomon;2008;JPSP;94;4;Social;22;74;225490086;28875522;92;main effect;-52290282;468999328;100;192;5,8502E+14;1,11282E+14;6,21556E+14;United States;Netherlands;English;Dutch;0;0;credit;credit;students;students;;;;0;rpp;-2,31896E+14;6;6;6314;12106;8,33333E+14;Professor;7,85833E+14;4540;8,33333E+14;Professor;;;2,75866E+14;0;0;1;1;1;0;FALSE;1;1;0;1;0;1;0;FALSE
rpp.49;Increasing and decreasing motor and cognitive output: A model of general action and inaction goals.;Dolores Albarracín and Ian M. Handley and Kenji Noguchi and Kathleen C. McCulloch and Hong Li and Joshua Leeper and Rick D. Brown and Allison Earl and William P. Hart;2008;JPSP;95;3;Social;14;46;378345294;22889441;34;main effect;-30485538;777977082;86;86;6,12082E+14;5,87886E+14;9,54087E+14;United States;United States;English;English;0;1;credit;cash;students;online;;;;0;rpp;-8,0576E+14;9;3;5,26222E+14;2700;5,55556E+14;Professor;3,61333E+14;1014;3,33333E+14;Associate Professor;;;2,96744E+13;1;1;0;0;1;1;FALSE;0;0;;0;;  ;;FALSE
rpp.5;The intermixed-blocked effect in human perceptual learning is not the consequence of trial spacing.;Chris Mitchell and Scott Nash and Geoffrey Hall;2008;JEPLMC;34;1;Cognitive;6;36;461300742;689115;31;main effect;134811802;355722382;48;47;7,63224E+14;1,48119E+14;9,21801E+14;Australia;Netherlands;English;Dutch;0;0;credit;cash;students;students;;;;0;rpp;2,92243E+14;3;1;1930;4652;1;Professor;622;622;1;Assistant Professor;;;3,91767E+14;0;0;1;1;0;0;FALSE;0;0;;0; ;  ; ;FALSE
rpp.50;Increasing and decreasing motor and cognitive output: A model of general action and inaction goals.;Dolores Albarracín and Ian M. Handley and Kenji Noguchi and Kathleen C. McCulloch and Hong Li and Joshua Leeper and Rick D. Brown and Allison Earl and William P. Hart;2008;JPSP;95;3;Social;14;46;208058463;15520906;92;interaction;155043132;79067813;165;103;5,16485E+13;3,48234E+14;7,68731E+14;United States;United States;English;English;0;0;credit;cash;students;students;;;;0;rpp;7,4519E+14;9;2;5,26222E+14;2700;5,55556E+14;Professor;21945;4354;5;Associate Professor;;;2,16058E+14;1;1;1;1;1;1;FALSE;0;0;;0; ;  ; ;FALSE
rpp.52;Affective incoherence: When affective concepts and embodied reactions clash.;David B. Centerbar and Simone Schnall and Gerald L. Clore and Erika D. Garvin;2008;JPSP;94;4;Social;19;35;20573686;17513309;131;interaction;94021673;321906461;104;111;6,58845E+14;1,65957E+14;5,58192E+14;United States;United States;English;English;0;0;credit;credit;students;students;;;;0;rpp;4,57E+14;4;7;203525;6921;5;Professor;30;35;2,85714E+14;Assistant Professor;;;2,70668E+14;1;1;1;1;1;1;FALSE;0;0;;0; ;  ; ;FALSE
rpp.53;Individual differences in the regulation of intergroup bias: The role of conflict monitoring and neural signals for control.;David M. Amodio and Patricia G. Devine and Eddie Harmon-Jones;2008;JPSP;94;1;Social;1;136;377126878;30503191;31;interaction;76700677;513076239;20;73;5,66806E+12;9,88957E+14;3,86135E+14;United States;United States;English;English;0;0;credit;credit;students;students;;;;0;rpp;2,03382E+14;3;3;5,95133E+14;7716;6,66667E+14;Professor;674;1952;6,66667E+14;Assistant Professor;;;5,82148E+14;1;1;1;1;1;1;FALSE;1;0;;1;0;  ; ;FALSE
rpp.55;Left frontal cortical activation and spreading of alternatives: Tests of the action-based model of dissonance.;Eddie Harmon-Jones and Cindy Harmon-Jones and Meghan Fearn and Jonathan D. Sigelman and Peter Johnson;2008;JPSP;94;1;Social;15;103;229852265;49036287;54;interaction;66130007;741793627;108;68;3,91541E+14;8,34287E+14;6,72897E+14;United States;United States;English;English;0;0;credit;credit;students;students;;;;0;rpp;2,87707E+13;5;2;2043;7716;6;Professor;559;1083;5;Assistant Professor;;;2,65752E+13;1;1;1;1;1;1;FALSE;0;0;;0; ;  ; ;FALSE
rpp.56;A social functional approach to emotions in bargaining: when communicating anger pays and when it backfires.;Eric van Dijk and Gerben A. van Kleef and Wolfgang Steinel and Ilja van Beest;2008;JPSP;94;4;Social;15;97;379139495;0,00923;99;main effect;-42140104;796267394;103;38;9,75439E+14;5,69072E+13;9,79712E+14;Netherlands;Austria;Dutch;German;0;0;cash;cash;community;students;;;;0;rpp;-1,11147E+14;4;2;11005;3094;1;Professor;21945;4354;5;Associate Professor;;;2,7194E+14;0;0;1;0;0;0;FALSE;1;1;0;0; ;  ; ;FALSE
rpp.58;Walking on eggshells: How expressing relationship insecurities perpetuates them.;Edward P. Lemay and Margaret S. Clark;2008;JPSP;95;2;Social;22;40;167288593;23221684;182;interaction;3675175;540253118;300;278;6,1978E+14;9,36344E+14;8,3015E+14;United States;United States;English;English;0;0;credit;mixed;students;students;6335;41;3972947766;0;rpp;2,19691E+14;2;1;1900;3211;5;Professor;46;46;0;Assistant;;;1,60912E+14;1;1;1;1;1;1;FALSE;1;1;0;0; ;  ; ;FALSE
rpp.59;How the head liberates the heart: Projection of communal responsiveness guides relationship promotion.;Edward P. Lemay and Margaret S. Clark;2008;JPSP;94;4;Social;25;66;;;153;main effect;;;153;216;;99;99;United States;Canada;English;English;1;0;cash;mixed;community;community;;;;1;rpp;;2;3;1900;3211;5;Professor;1,60333E+14;302;0;Professor;;;2,24201E+13;0;1;0;0;1;0;TRUE;1;1;0;1;0;1;0;TRUE
rpp.6;A single-system account of the relationship between priming, recognition, and fluency.;Christopher J. Berry and David R. Shanks and Richard N. A. Henson;2008;JEPLMC;34;1;Cognitive;15;37;594960462;1706566;23;main effect;395843475;2258934;30;31;8,76909E+14;6,12681E+14;9,50519E+14;United Kingdom;Germany;English;German;0;0;cash;cash;students;students;7614;43;3761699899;1;rpp;6,65327E+14;3;2;8,00833E+14;17884;1;Professor;35;35;5;Assistant;;;4,86647E+14;0;0;1;1;0;0;FALSE;0;0;;0; ;  ; ;FALSE
rpp.61;Poignancy: Mixed emotional experience in the face of meaningful endings.;Hal Ersner-Hershfield and Joseph A. Mikels and Sarah J. Sullivan and Laura L. Carstensen;2008;JPSP;94;1;Social;10;80;219666896;21121432;108;main effect;-4719346;944257246;210;220;6,32139E+14;5,04831E+14;8,96122E+14;United States;United States;English;English;0;0;nothing;nothing;students;students;;;;0;rpp;-2,14841E+14;4;3;3645;11519;5;Professor;61;96;3,33333E+14;Assistant Professor;;;1,91897E+14;1;1;1;1;1;1;FALSE;1;1;0;0; ;  ; ;FALSE
rpp.63;1/f noise and effort on implicit measures of bias.;Joshua Correll;2008;JPSP;94;1;Social;12;42;274010238;21711499;68;interaction;73797292;374369532;144;145;6,26129E+14;1,42993E+14;9,17654E+14;United States;Canada;English;English;0;0;credit;credit;students;students;305;53;5140265139;0;rpp;2,69323E+14;1;1;1418;1418;1;Associate Professor;320;320;1;Researcher;;;2,30945E+14;0;1;1;1;1;0;FALSE;0;0;;0; ;  ; ;FALSE
rpp.64;The effect of global versus local processing styles on assimilation versus contrast in social judgment.;Jens Förster and Nira Liberman and Stefanie Kuschel;2008;JPSP;94;4;Social;21;113;425496777;0,00000381;76;interaction;11385379;425841059;128;65;9,74098E+13;1,47847E+14;9,99149E+14;Germany;United States;German;English;0;0;credit;credit;students;students;3663;61;7234902987;0;rpp;2,67579E+14;3;1;3787;7366;3,33333E+14;Professor;74;74;1;Assistant;;;2,4465E+14;0;0;1;1;0;1;FALSE;1;1;0;0; ;1;0;FALSE
rpp.65;Not so innocent: Does seeing one's own capacity for wrongdoing predict forgiveness?;Julie Juola Exline and Roy F. Baumeister and Anne L. Zell and Amy J. Kraft and Charlotte V. O. Witvliet;2008;JPSP;94;3;Social;21;81;431865646;3830676;41;interaction;11721165;893478732;140;131;8,20995E+14;5,19078E+14;9,99737E+14;United States;United States;English;English;0;0;credit;cash;students;community;;;;0;rpp;2,71408E+14;5;2;71698;33557;2;Professor;5245;1014;5;Associate Professor;;;2,34161E+14;1;1;1;0;1;1;FALSE;1;1;0;1;0;1;0;FALSE
rpp.68;Why people are reluctant to tempt fate.;Jane L. Risen and Thomas Gilovich;2008;JPSP;95;2;Social;15;59;185849827;43910406;116;interaction;3001488;964369609;230;222;5,18496E+14;5,01548E+14;8,10188E+14;United States;United States;English;English;0;1;credit;cash;students;online;;;;0;rpp;1,61501E+13;2;2;29085;5276;5;Professor;5245;1014;5;Associate Professor;;;1,83488E+14;1;1;0;0;1;1;FALSE;1;1;1;0;;  ; ;FALSE
rpp.69;The nonverbal expression of pride: Evidence for cross-cultural recognition.;Jessica L. Tracy and Richard W. Robins;2008;JPSP;94;3;Social;15;131;;0,000001;211;main effect;;0,000001;211;333;;99;99;United States;United States;English;English;0;0;credit;mixed;students;students;;;;1;rpp;;2;1;52035;7914;5;Professor;151;151;1;Researcher;;;1,91448E+14;1;1;1;1;1;1;TRUE;1;1;1;0;;  ; ;TRUE
rpp.7;Modeling distributions of immediate memory effects: No strategies needed?;C. Philip Beaman and Ian Neath and Aimée M. Surprenant;2008;JEPLMC;34;1;Cognitive;11;12;715143728;2,22E-15;99;main effect;131411981;313795083;15;14;1E+15;7,27865E+14;8,90641E+14;United States;Netherlands;English;Dutch;0;0;credit;credit;students;students;;;;0;rpp;1,83756E+14;3;2;1,11267E+14;1994;6,66667E+14;Professor;355;36;1;Researcher;;;6,57059E+14;0;0;1;1;1;0;FALSE;0;0;;0;;  ; ;FALSE
rpp.71;On the relative independence of thinking biases and cognitive ability.;Keith E. Stanovich and Richard F. West;2008;JPSP;94;4;Social;24;291;222131584;0,00141;373;main effect;73353737;331896286;216;175;9,9159E+14;1,61766E+14;9,10494E+14;United States;United States;English;English;0;0;credit;credit;students;students;8786;57;7881228737;0;rpp;3,30227E+14;2;1;65445;9283;1;Professor;46;46;0;Assistant;;;1,89239E+14;1;1;1;1;1;1;FALSE;1;0;;1;0;  ; ;FALSE
rpp.72;Opening the mind to close it: Considering a message in light of important values increases message processing and later resistance to change.;Kevin L. Blankenship and Duane T. Wegener;2008;JPSP;94;2;Social;18;37;207643072;773087;257;interaction;4449582;48458607;236;247;9,19853E+14;1,07124E+14;8,96616E+13;United States;United States;English;English;0;0;credit;credit;students;students;;;;0;rpp;2,1429E+14;2;1;26885;5172;1;Professor;178;178;0;Associate Professor;;;1,81176E+14;1;1;1;1;1;1;FALSE;1;1;0;0;;1;0;FALSE
rpp.73;Distinguishing between silent and vocal minorities: Not all deviants feel marginal.;Kimberly Rios Morrison and Dale T. Miller;2008;JPSP;94;5;Social;12;25;322574106;49745991;37;main effect;2;28459737;145;120;5,05269E+14;5,9519E+14;9,79259E+14;United States;United States;English;English;0;0;nothing;nothing;anyone;anyone;;;;1;rpp;6,20013E+14;2;2;3456;6652;5;Professor;4719;9039;1;Professor;;;2,30162E+14;1;1;1;1;1;1;TRUE;0;0;;0;;  ; ;TRUE
rpp.77;Dynamics of self-regulation: How (un) accomplished goal actions affect motivation.;Minjung Koo and Ayelet Fishbach;2014;JPSP;94;2;Social;18;124;203642514;1382678;242;interaction;;758;246;;8,92304E+14;99;8,97143E+14;South Korea;United States;Korean;English;0;1;nothing;nothing;anyone;anyone;3962;51;4365119526;0;rpp;;2;2;13465;2546;0;Professor;35;35;0;Assistant;;;1,77518E+14;0;0;0;1;0;1;TRUE;0;0;;0;;  ; ;TRUE
rpp.8;Stereotypes and retrieval-provoked illusory source recollections.;Chad S. Dodson and James Darragh and Allison Williams;2008;JEPLMC;34;3;Cognitive;18;14;561422534;200441;37;interaction;-110614348;539998592;32;31;9,62789E+14;9,10582E+12;9,33676E+14;United States;United States;English;English;0;0;credit;mixed;students;students;3055;47;4897627094;0;rpp;-1,97025E+14;3;1;5,29333E+14;1525;6,66667E+14;Associate Professor;35;35;0;Associate Professor;;;4,72583E+14;1;1;1;1;1;1;FALSE;1;1;0;0;;  ; ;FALSE
rpp.80;The effects of an implemental mind-set on attitude strength.;Marlone D. Henderson and Yaël de Liver and Peter M. Gollwitzer;2008;JPSP;94;3;Social;16;27;259958534;44070981;43;main effect;15539539;190467907;63;67;3,97255E+14;2,42827E+14;5,45823E+14;United States;United States;English;English;1;1;cash;cash;students;students;4488;59;1019518038;0;rpp;5,9777E+14;3;2;3170;8885;6,66667E+14;Professor;82;126;5;Associate Professor;;;3,44494E+14;1;1;1;1;1;1;FALSE;1;1;0;0;;  ; ;FALSE
rpp.81;A needs-based model of reconciliation: Satisfying the differential emotional needs of victim and perpetrator as a key to promoting reconciliation.;Nurit Shnabel and Arie Nadler;2008;JPSP;94;1;Social;17;138;268278965;9719762;90;interaction;-101637251;233830099;107;137;7,31612E+14;2,19696E+14;8,04061E+14;Israel;United States;Hebrew;English;0;0;mixed;credit;students;students;4177;44;5307945301;0;rpp;-3,78849E+13;2;1;7925;1224;5;Professor;38;38;0;Assistant;;;2,66956E+13;0;0;1;1;0;1;FALSE;1;1;0;0;;  ; ;FALSE
rpp.82;The face of success: inferences from chief executive officers' appearance predict company profits.;Nicholas O. Rule and Nalini Ambady;2008;PS;95;5;Social;3;141;3;33841139;47;correlation;27;86;50;41;5,44585E+14;4,06935E+13;5,71556E+14;United States;United States;English;English;0;0;credit;credit;students;students;2995;79;9699425562;0;rpp;9;2;3;4459;7721;5;Professor;61;96;3,33333E+14;Assistant Professor;;;3,84319E+14;1;1;1;1;1;1;TRUE;1;1;0;0;;  ; ;TRUE
rpp.84;Selective exposure and information quantity: How different information quantities moderate decision makers' preference for consistent and inconsistent information.;Peter Fischer and Stefan Schulz-Hardt and Dieter Frey;2008;JPSP;94;2;Social;14;65;503449638;282953;52;interaction;217562252;7708395;435;150;9,74376E+14;7,66885E+14;1;Germany;United States;German;English;0;1;credit;nothing;students;anyone;5952;41;310519552;1;rpp;4,32143E+14;3;1;1697;2762;1;Professor;167;167;0;Assistant Professor;;;1,33844E+14;0;0;0;0;0;1;FALSE;0;0;;0;;  ; ;FALSE
rpp.86;Self-regulation and selective exposure: The impact of depleted self-regulation resources on confirmatory information processing.;Peter Fischer and Tobias Greitemeyer and Dieter Frey;2008;JPSP;94;3;Social;14;86;212014281;2102091;82;main effect;118808574;140627311;132;137;4,85475E+14;2,83367E+14;6,89104E+14;Germany;Italy;German;Italian;0;0;cash;credit;students;students;3467;80;1186657364;0;rpp;5,6038E+14;3;1;1,78767E+14;2762;1;Professor;115;115;0;Researcher;;;2,41002E+14;0;0;1;1;0;0;FALSE;1;1;0;0;;1; ;FALSE
rpp.87;The space between us: Stereotype threat and distance in interracial contexts.;Phillip Atiba Goff and Claude M. Steele and Paul G. Davies;2008;JPSP;94;1;Social;17;165;395559206;3371756;51;interaction;13045451;929110139;71;47;8,3232E+14;5,05396E+14;9,34659E+14;United States;United States;English;English;0;0;mixed;credit;students;students;;;;0;rpp;3,29798E+14;3;5;5996;12700;1;Professor;28;35;4;Professor;;;3,25379E+14;1;1;1;1;1;1;FALSE;1;0;;0;;1;0;FALSE
rpp.93;Balancing connectedness and self-protection goals in close relationships: A levels-of-processing perspective on risk regulation.;Sandra L. Murray and Jaye L. Derrick and Sadie Leder and John G. Holmes;2008;JPSP;94;3;Social;31;117;317462994;3071238;83;interaction;-1351;2649653;73;68;8,40568E+14;1,96553E+14;7,90385E+13;United States;United States;English;English;0;0;mixed;mixed;community;community;;;;0;rpp;-4,25561E+14;4;4;2261;5375;25;Professor;77;203;0;Associate Professor;;;3,21077E+13;1;1;1;1;1;1;FALSE;1;1;0;1;1;  ; ;FALSE
rpp.94;Self-handicapping, excuse making, and counterfactual thinking: Consequences for self-esteem and future motivation.;Sean M. McCrea;2008;JPSP;95;2;Social;19;51;344312999;36392019;26;main effect;28970838;11765834;66;59;4,16786E+14;6,1346E+14;8,1814E+14;Germany;United States;German;English;0;0;mixed;credit;students;students;4329;47;584829525;1;rpp;8,4141E+14;1;2;455;455;1;Associate Professor;485;62;5;Assistant Professor;;;3,36939E+14;0;0;1;1;0;1;FALSE;1;1;;1;0;  ; ;FALSE
rpp.97;Social identity contingencies: How diversity cues signal threat or safety for African Americans in mainstream institutions.;Valerie Purdie-Vaughns and Claude M. Steele and Paul G. Davies and Ruth Ditlmann and Jennifer Randall Crosby;2008;JPSP;94;4;Social;16;240;378274916;819277;73;interaction;-36935346;154430586;80;1486;9,17802E+14;2,96144E+14;9,3969E+14;United States;United States;English;English;0;1;mixed;cash;anyone;online;4228;43;364890918;0;rpp;-9,76415E+14;5;1;37074;12700;4;Professor;161;161;0;Assistant;;;3,07264E+14;1;1;0;0;1;1;FALSE;1;1;0;0;;1;1;FALSE
;;;;;;;;;;;;;;;;;;;;;;;;;;;;;;;;;;;;;;;;;;;;;;;;;;;;;;;;;;;;;;;;
;;;;;;;;;;;;;;;;;;;;;;;;;;;;;;;;;;;;;;;;;;;;;;;;;;;;;;;;;;;;;;;;
;;;;;;;;;;;;;;;;;;;;;;;;;;;;;;;;;;;;;;;;;;;;;;;;;;;;;;;;;;;;;;;;
;;;;;;;;;;;;;;;;;;;;;;;;;;;;;;;;;;;;;;;;;;;;;;;;;;;;;;;;;;;;;;;;
;;;;;;;;;;;;;;;;;;;;;;;;;;;;;;;;;;;;;;;;;;;;;;;;;;;;;;;;;;;;;;;;
;;;;;;;;;;;;;;;;;;;;;;;;;;;;;;;;;;;;;;;;;;;;;;;;;;;;;;;;;;;;;;;;
;;;;;;;;;;;;;;;;;;;;;;;;;;;;;;;;;;;;;;;;;;;;;;;;;;;;;;;;;;;;;;;;
;;;;;;;;;;;;;;;;;;;;;;;;;;;;;;;;;;;;;;;;;;;;;;;;;;;;;;;;;;;;;;;;
;;;;;;;;;;;;;;;;;;;;;;;;;;;;;;;;;;;;;;;;;;;;;;;;;;;;;;;;;;;;;;;;
;;;;;;;;;;;;;;;;;;;;;;;;;;;;;;;;;;;;;;;;;;;;;;;;;;;;;;;;;;;;;;;;
;;;;;;;;;;;;;;;;;;;;;;;;;;;;;;;;;;;;;;;;;;;;;;;;;;;;;;;;;;;;;;;;
;;;;;;;;;;;;;;;;;;;;;;;;;;;;;;;;;;;;;;;;;;;;;;;;;;;;;;;;;;;;;;;;
;;;;;;;;;;;;;;;;;;;;;;;;;;;;;;;;;;;;;;;;;;;;;;;;;;;;;;;;;;;;;;;;
;;;;;;;;;;;;;;;;;;;;;;;;;;;;;;;;;;;;;;;;;;;;;;;;;;;;;;;;;;;;;;;;
;;;;;;;;;;;;;;;;;;;;;;;;;;;;;;;;;;;;;;;;;;;;;;;;;;;;;;;;;;;;;;;;
;;;;;;;;;;;;;;;;;;;;;;;;;;;;;;;;;;;;;;;;;;;;;;;;;;;;;;;;;;;;;;;;
;;;;;;;;;;;;;;;;;;;;;;;;;;;;;;;;;;;;;;;;;;;;;;;;;;;;;;;;;;;;;;;;
;;;;;;;;;;;;;;;;;;;;;;;;;;;;;;;;;;;;;;;;;;;;;;;;;;;;;;;;;;;;;;;;
;;;;;;;;;;;;;;;;;;;;;;;;;;;;;;;;;;;;;;;;;;;;;;;;;;;;;;;;;;;;;;;;
;;;;;;;;;;;;;;;;;;;;;;;;;;;;;;;;;;;;;;;;;;;;;;;;;;;;;;;;;;;;;;;;
;;;;;;;;;;;;;;;;;;;;;;;;;;;;;;;;;;;;;;;;;;;;;;;;;;;;;;;;;;;;;;;;
;;;;;;;;;;;;;;;;;;;;;;;;;;;;;;;;;;;;;;;;;;;;;;;;;;;;;;;;;;;;;;;;